personnel_id,rank,terrain,consecutive_field_days,duty_hours_5d,night_shifts_5d,leave_denial_ratio,sleep_hrs_5d_avg,self_reported_energy,self_reported_stress,survey_latency_sec,delta_rhr,masking_index,risk_label
PERS_1000,Constable,Dense Forest (Bastar),12,27.5,2,0.2,7.0,5,1,18.2,1.2,0.02,0
PERS_1001,Inspector,Dense Forest (Bastar),47,35.9,1,0.41,8.4,5,1,41.7,5.2,0.09,0
PERS_1002,Head Constable,Border Outpost (Thar),54,33.0,3,0.28,5.7,4,4,76.9,4.8,0.06,1
PERS_1003,Head Constable,Dense Forest (Bastar),15,52.4,0,0.12,6.7,5,1,54.6,1.9,0.02,0
PERS_1004,Constable,Peace Station (HQ),59,69.1,2,0.46,4.2,2,8,85.1,11.2,0.06,2
PERS_1005,Constable,Dense Forest (Bastar),57,71.7,4,0.13,3.6,2,9,38.3,16.3,0.17,2
PERS_1006,Constable,Peace Station (HQ),91,45.5,1,0.13,8.0,4,1,37.7,7.9,0.1,0
PERS_1007,ASI,Dense Forest (Bastar),5,47.4,2,0.11,5.9,5,2,46.4,7.1,0.04,0
PERS_1008,Head Constable,Peace Station (HQ),11,60.7,2,0.05,4.6,3,3,14.6,7.6,0.73,0
PERS_1009,Head Constable,Dense Forest (Bastar),23,37.2,2,0.33,7.1,5,1,46.1,6.3,0.05,1
PERS_1010,Constable,Dense Forest (Bastar),87,68.7,2,0.22,4.7,2,8,42.7,12.2,0.22,2
PERS_1011,Inspector,Counter-Insurgency (J&K),74,67.6,1,0.33,5.2,2,7,16.0,8.2,0.03,2
PERS_1012,ASI,Peace Station (HQ),63,34.8,2,0.37,6.7,5,3,77.5,5.0,0.07,0
PERS_1013,Constable,Peace Station (HQ),61,30.5,2,0.35,7.0,5,2,42.5,3.4,0.09,0
PERS_1014,Constable,Peace Station (HQ),91,53.1,1,0.27,7.0,3,4,6.8,10.4,0.09,0
PERS_1015,Constable,High Altitude (Ladakh/Sikkim),19,59.3,4,0.16,3.6,2,6,38.5,10.7,0.06,1
PERS_1016,Constable,Dense Forest (Bastar),68,39.6,2,0.03,6.7,4,2,30.6,8.2,0.02,0
PERS_1017,Head Constable,Peace Station (HQ),122,39.8,2,0.22,6.8,3,5,85.9,6.2,0.0,2
PERS_1018,Constable,High Altitude (Ladakh/Sikkim),70,55.6,3,0.24,5.3,3,6,17.9,10.0,0.04,1
PERS_1019,Constable,Counter-Insurgency (J&K),26,56.9,2,0.08,4.9,4,2,39.3,8.2,0.71,0
PERS_1020,Head Constable,Peace Station (HQ),81,49.3,0,0.19,6.3,3,3,32.2,8.2,0.07,1
PERS_1021,Constable,Peace Station (HQ),65,48.5,2,0.26,5.9,3,2,62.3,5.8,0.17,0
PERS_1022,Constable,High Altitude (Ladakh/Sikkim),52,59.5,3,0.02,4.4,2,6,18.5,10.7,0.16,1
PERS_1023,Constable,Dense Forest (Bastar),15,40.8,2,0.14,6.7,5,1,35.4,4.6,0.1,0
PERS_1024,Head Constable,Counter-Insurgency (J&K),30,43.1,4,0.18,6.2,5,4,22.6,8.4,0.0,0
PERS_1025,ASI,Peace Station (HQ),37,54.5,0,0.29,6.7,4,2,20.1,6.5,0.07,0
PERS_1026,Constable,Dense Forest (Bastar),63,58.2,1,0.12,5.8,3,5,59.4,8.0,0.02,1
PERS_1027,Head Constable,Counter-Insurgency (J&K),43,50.1,2,0.44,4.7,3,5,21.2,10.0,0.22,0
PERS_1028,Head Constable,Border Outpost (Thar),33,66.1,2,0.21,5.2,2,5,38.2,7.1,0.05,1
PERS_1029,Constable,Border Outpost (Thar),72,62.7,1,0.19,5.2,2,5,46.4,10.7,0.05,2
PERS_1030,Head Constable,Counter-Insurgency (J&K),15,46.0,3,0.53,5.6,5,3,8.3,8.2,0.04,0
PERS_1031,Constable,High Altitude (Ladakh/Sikkim),19,37.0,1,0.32,6.8,5,1,120.0,1.5,0.09,0
PERS_1032,Constable,Counter-Insurgency (J&K),41,62.0,0,0.47,6.1,3,4,19.0,8.3,0.0,1
PERS_1033,Sub-Inspector,Counter-Insurgency (J&K),27,61.0,4,0.08,4.6,2,6,56.4,11.1,0.03,1
PERS_1034,Inspector,High Altitude (Ladakh/Sikkim),78,54.8,1,0.15,6.4,2,3,109.2,7.8,0.05,1
PERS_1035,ASI,High Altitude (Ladakh/Sikkim),18,52.6,4,0.12,5.6,4,3,38.9,7.8,0.05,1
PERS_1036,Constable,Dense Forest (Bastar),21,57.1,1,0.08,5.9,3,2,23.3,7.8,0.04,0
PERS_1037,Constable,Dense Forest (Bastar),3,64.3,0,0.66,5.9,3,3,9.5,8.2,0.04,1
PERS_1038,Head Constable,High Altitude (Ladakh/Sikkim),52,62.1,3,0.05,5.6,2,6,53.9,10.5,0.04,1
PERS_1039,Constable,Border Outpost (Thar),33,55.8,3,0.06,5.7,4,3,38.8,9.6,0.08,1
PERS_1040,Constable,Border Outpost (Thar),16,58.9,2,0.2,6.2,3,3,42.6,8.3,0.02,1
PERS_1041,Head Constable,Counter-Insurgency (J&K),35,63.0,0,0.36,6.7,4,2,45.3,6.3,0.15,0
PERS_1042,Constable,Peace Station (HQ),125,63.2,2,0.65,6.7,2,10,8.4,12.1,0.03,2
PERS_1043,Sub-Inspector,Counter-Insurgency (J&K),23,59.5,1,0.42,6.3,3,3,25.0,11.2,0.09,1
PERS_1044,Constable,Counter-Insurgency (J&K),30,44.2,3,0.15,5.3,4,2,55.3,9.9,0.63,0
PERS_1045,Head Constable,Peace Station (HQ),19,60.3,1,0.4,6.3,4,3,77.1,6.9,0.25,0
PERS_1046,Constable,High Altitude (Ladakh/Sikkim),12,42.5,3,0.37,6.2,5,3,55.7,6.9,0.1,0
PERS_1047,Head Constable,Border Outpost (Thar),59,43.8,1,0.34,6.6,3,3,120.0,5.0,0.08,0
PERS_1048,Head Constable,Counter-Insurgency (J&K),9,47.6,2,0.23,5.9,5,2,64.8,5.4,0.11,0
PERS_1049,Constable,Peace Station (HQ),67,41.3,3,0.43,6.0,4,7,42.8,9.7,0.17,2
PERS_1050,Inspector,Dense Forest (Bastar),67,48.7,0,0.25,5.7,3,3,32.0,6.0,0.01,1
PERS_1051,ASI,Counter-Insurgency (J&K),47,56.5,3,0.62,3.6,3,9,17.3,11.8,0.16,2
PERS_1052,Sub-Inspector,Border Outpost (Thar),34,54.2,1,0.39,6.2,5,2,99.4,11.3,0.01,0
PERS_1053,Sub-Inspector,High Altitude (Ladakh/Sikkim),41,58.5,1,0.28,5.6,4,4,20.5,9.2,0.18,0
PERS_1054,Head Constable,Counter-Insurgency (J&K),8,55.4,2,0.36,5.3,5,3,42.4,7.3,0.66,0
PERS_1055,Sub-Inspector,Counter-Insurgency (J&K),54,57.1,3,0.69,4.9,2,9,76.6,11.7,0.08,2
PERS_1056,Constable,Peace Station (HQ),63,45.8,0,0.21,6.2,4,3,62.2,4.9,0.07,0
PERS_1057,Constable,Dense Forest (Bastar),43,61.5,2,0.31,5.8,3,5,19.4,10.7,0.05,1
PERS_1058,Constable,Dense Forest (Bastar),49,51.8,2,0.08,5.7,3,4,16.9,6.3,0.03,1
PERS_1059,Constable,High Altitude (Ladakh/Sikkim),29,53.3,1,0.38,6.3,5,3,24.3,5.5,0.03,0
PERS_1060,Constable,Border Outpost (Thar),98,58.8,1,0.17,6.5,1,6,21.6,10.0,0.12,1
PERS_1061,Constable,High Altitude (Ladakh/Sikkim),48,68.5,2,0.24,4.7,3,6,33.0,12.5,0.12,1
PERS_1062,ASI,Counter-Insurgency (J&K),50,41.1,1,0.18,7.5,5,1,33.7,4.2,0.12,0
PERS_1063,Constable,Counter-Insurgency (J&K),70,51.6,2,0.57,6.1,4,7,35.3,9.6,0.05,2
PERS_1064,Constable,Dense Forest (Bastar),46,57.9,3,0.58,5.6,4,6,41.4,10.9,0.0,1
PERS_1065,Head Constable,Border Outpost (Thar),96,57.8,3,0.6,5.7,3,9,31.6,9.5,0.04,2
PERS_1066,Constable,Peace Station (HQ),42,47.4,1,0.47,6.9,4,2,29.2,2.8,0.08,0
PERS_1067,ASI,Border Outpost (Thar),33,32.1,2,0.29,7.0,5,2,17.0,5.3,0.02,0
PERS_1068,Constable,Counter-Insurgency (J&K),32,48.3,0,0.28,7.3,5,1,42.0,6.0,0.06,0
PERS_1069,Inspector,Peace Station (HQ),31,54.7,2,0.11,5.1,4,4,61.2,12.3,0.82,1
PERS_1070,ASI,Border Outpost (Thar),87,62.1,4,0.04,4.6,2,10,32.2,13.7,0.03,2
PERS_1071,Constable,Border Outpost (Thar),69,53.2,1,0.27,6.7,4,4,79.5,5.6,0.09,1
PERS_1072,Constable,Peace Station (HQ),58,55.6,2,0.11,5.1,3,5,56.6,8.7,0.03,1
PERS_1073,ASI,Counter-Insurgency (J&K),72,43.8,2,0.06,7.1,4,3,44.1,4.8,0.08,0
PERS_1074,Head Constable,Border Outpost (Thar),120,63.9,2,0.18,5.1,2,9,21.1,11.7,0.04,2
PERS_1075,Head Constable,Peace Station (HQ),9,49.0,1,0.49,6.7,5,1,42.0,7.0,0.01,0
PERS_1076,ASI,Counter-Insurgency (J&K),48,54.5,1,0.12,5.5,2,2,5.0,7.2,0.03,0
PERS_1077,Constable,Peace Station (HQ),47,50.5,2,0.1,4.6,3,4,87.5,7.2,0.6,1
PERS_1078,Constable,Peace Station (HQ),56,55.7,1,0.62,6.8,3,5,29.1,5.1,0.04,1
PERS_1079,Constable,Border Outpost (Thar),115,65.8,2,0.13,5.0,1,8,27.7,14.0,0.11,2
PERS_1080,ASI,Counter-Insurgency (J&K),49,55.5,2,0.29,6.3,3,4,24.7,8.8,0.03,1
PERS_1081,Head Constable,Border Outpost (Thar),86,38.4,3,0.17,6.1,5,4,30.5,9.0,0.0,1
PERS_1082,Constable,High Altitude (Ladakh/Sikkim),50,55.8,1,0.19,5.6,3,3,49.8,6.6,0.12,0
PERS_1083,Constable,High Altitude (Ladakh/Sikkim),55,49.6,1,0.33,7.5,4,2,76.0,6.1,0.02,0
PERS_1084,Constable,Counter-Insurgency (J&K),34,44.3,2,0.2,6.3,5,3,18.3,9.5,0.07,1
PERS_1085,Constable,Peace Station (HQ),16,63.1,1,0.38,5.7,3,4,61.3,8.2,0.03,1
PERS_1086,Head Constable,Border Outpost (Thar),111,49.8,2,0.09,5.9,2,5,27.0,9.2,0.15,1
PERS_1087,Head Constable,Border Outpost (Thar),52,45.0,1,0.21,5.9,3,4,59.9,5.2,0.06,1
PERS_1088,Sub-Inspector,Counter-Insurgency (J&K),55,31.1,1,0.19,7.9,5,1,12.1,1.3,0.11,0
PERS_1089,Head Constable,Counter-Insurgency (J&K),53,67.7,1,0.06,5.6,3,5,59.8,11.5,0.04,1
PERS_1090,Constable,High Altitude (Ladakh/Sikkim),76,64.5,1,0.3,6.1,2,5,35.3,8.0,0.24,2
PERS_1091,Head Constable,Dense Forest (Bastar),24,47.1,3,0.32,5.2,5,3,14.6,4.7,0.65,0
PERS_1092,ASI,Counter-Insurgency (J&K),17,55.8,0,0.65,5.6,4,2,12.0,8.1,0.03,0
PERS_1093,Head Constable,Dense Forest (Bastar),16,27.3,3,0.45,7.3,5,1,39.9,3.3,0.05,0
PERS_1094,ASI,Counter-Insurgency (J&K),23,55.1,1,0.45,6.9,4,1,40.4,5.3,0.06,0
PERS_1095,Head Constable,Peace Station (HQ),5,39.9,2,0.16,5.6,4,2,15.9,8.2,0.01,0
PERS_1096,Head Constable,Peace Station (HQ),53,70.0,2,0.05,4.0,2,7,74.6,12.6,0.14,2
PERS_1097,Constable,High Altitude (Ladakh/Sikkim),28,54.5,3,0.02,4.9,4,5,42.4,6.6,0.05,1
PERS_1098,Constable,High Altitude (Ladakh/Sikkim),37,53.0,3,0.27,4.5,3,7,77.1,10.6,0.07,1
PERS_1099,Constable,Dense Forest (Bastar),72,47.0,4,0.05,5.0,3,6,12.9,11.5,0.24,2
PERS_1100,Constable,Counter-Insurgency (J&K),28,42.7,3,0.13,6.2,5,2,37.0,7.4,0.17,0
PERS_1101,Head Constable,Border Outpost (Thar),28,56.7,1,0.53,6.5,4,3,56.7,5.9,0.06,1
PERS_1102,Constable,High Altitude (Ladakh/Sikkim),45,44.2,4,0.09,5.8,4,4,32.5,7.0,0.09,1
PERS_1103,Head Constable,Border Outpost (Thar),38,43.1,4,0.3,5.4,4,5,30.7,8.7,0.08,1
PERS_1104,Sub-Inspector,Border Outpost (Thar),151,77.2,1,0.09,5.6,1,8,67.7,17.3,0.02,2
PERS_1105,Constable,Counter-Insurgency (J&K),12,52.1,3,0.08,4.3,3,3,26.1,9.4,0.6,1
PERS_1106,Constable,Dense Forest (Bastar),54,42.4,2,0.47,5.8,4,5,18.8,6.1,0.07,0
PERS_1107,ASI,Counter-Insurgency (J&K),27,56.2,3,0.11,5.2,4,5,27.7,8.9,0.04,1
PERS_1108,Constable,High Altitude (Ladakh/Sikkim),43,49.5,3,0.12,5.1,3,4,37.6,8.8,0.78,1
PERS_1109,Constable,Border Outpost (Thar),39,34.2,3,0.32,6.4,5,3,82.1,6.4,0.1,0
PERS_1110,Constable,Counter-Insurgency (J&K),74,50.4,3,0.08,5.8,4,4,11.0,9.8,0.0,1
PERS_1111,Constable,Counter-Insurgency (J&K),51,42.6,1,0.06,6.6,5,1,42.3,5.1,0.22,0
PERS_1112,Sub-Inspector,Counter-Insurgency (J&K),44,55.0,1,0.05,5.8,4,3,36.2,9.1,0.15,0
PERS_1113,ASI,High Altitude (Ladakh/Sikkim),89,50.3,1,0.51,6.3,3,4,34.0,7.1,0.21,1
PERS_1114,Head Constable,Dense Forest (Bastar),46,53.5,0,0.36,7.2,4,2,23.9,4.8,0.07,0
PERS_1115,Sub-Inspector,Counter-Insurgency (J&K),9,55.6,1,0.13,6.5,4,1,14.3,4.7,0.19,0
PERS_1116,ASI,High Altitude (Ladakh/Sikkim),67,78.3,2,0.11,4.8,2,8,51.2,16.7,0.03,2
PERS_1117,Constable,Border Outpost (Thar),55,73.3,1,0.17,5.1,1,7,41.0,14.0,0.01,1
PERS_1118,Sub-Inspector,Peace Station (HQ),80,58.2,2,0.15,5.6,2,7,12.9,10.6,0.18,2
PERS_1119,Head Constable,High Altitude (Ladakh/Sikkim),66,54.1,3,0.56,6.0,2,6,15.8,8.9,0.05,2
PERS_1120,ASI,Peace Station (HQ),26,44.6,2,0.22,5.8,5,3,83.3,6.5,0.03,1
PERS_1121,Sub-Inspector,Counter-Insurgency (J&K),2,31.8,2,0.37,7.8,5,1,57.5,1.7,0.02,0
PERS_1122,Constable,Counter-Insurgency (J&K),76,32.7,1,0.18,7.6,4,1,82.6,3.6,0.05,0
PERS_1123,Constable,High Altitude (Ladakh/Sikkim),45,44.1,1,0.04,6.8,4,1,32.4,4.6,0.06,0
PERS_1124,Constable,Peace Station (HQ),30,67.4,2,0.19,4.7,3,6,32.5,12.8,0.08,2
PERS_1125,Constable,Counter-Insurgency (J&K),28,66.8,2,0.09,5.7,4,4,51.8,9.7,0.05,1
PERS_1126,ASI,Border Outpost (Thar),50,53.7,2,0.13,6.3,5,3,14.9,9.2,0.02,1
PERS_1127,ASI,Dense Forest (Bastar),33,56.0,2,0.26,4.8,3,4,58.0,10.7,0.62,1
PERS_1128,Constable,Dense Forest (Bastar),17,43.7,1,0.19,7.0,5,1,86.9,4.9,0.02,0
PERS_1129,Head Constable,Counter-Insurgency (J&K),15,49.2,0,0.23,6.5,5,1,24.6,5.7,0.12,1
PERS_1130,Constable,Peace Station (HQ),40,44.2,3,0.19,5.7,4,5,21.7,7.7,0.11,1
PERS_1131,Constable,Counter-Insurgency (J&K),25,42.7,1,0.13,6.0,5,1,27.8,2.9,0.25,0
PERS_1132,Constable,Peace Station (HQ),21,56.2,2,0.13,5.7,4,5,29.4,10.0,0.27,1
PERS_1133,Constable,Border Outpost (Thar),97,51.6,3,0.6,5.6,3,7,36.2,10.5,0.05,2
PERS_1134,Sub-Inspector,Peace Station (HQ),23,55.2,1,0.25,6.3,4,3,16.3,7.4,0.07,0
PERS_1135,Constable,Counter-Insurgency (J&K),57,52.2,2,0.69,5.6,2,7,24.7,10.0,0.19,2
PERS_1136,Head Constable,Border Outpost (Thar),61,68.3,2,0.23,4.7,2,6,42.9,14.0,0.02,2
PERS_1137,Head Constable,High Altitude (Ladakh/Sikkim),19,55.4,2,0.33,4.5,3,5,52.1,8.7,0.04,1
PERS_1138,Constable,Dense Forest (Bastar),20,52.4,1,0.32,6.9,5,1,56.9,3.9,0.17,0
PERS_1139,Inspector,Counter-Insurgency (J&K),18,35.5,3,0.34,5.4,3,5,24.2,3.9,0.14,1
PERS_1140,Inspector,Counter-Insurgency (J&K),26,45.7,0,0.05,7.4,5,1,17.3,3.4,0.04,0
PERS_1141,Constable,Counter-Insurgency (J&K),55,53.0,2,0.28,5.7,4,5,37.0,8.8,0.08,1
PERS_1142,Head Constable,Border Outpost (Thar),41,52.6,2,0.18,6.2,3,3,16.5,6.4,0.0,0
PERS_1143,Constable,High Altitude (Ladakh/Sikkim),77,62.3,1,0.05,5.8,4,4,8.7,10.4,0.02,1
PERS_1144,Constable,Peace Station (HQ),63,56.4,1,0.11,5.5,3,3,58.2,7.8,0.02,1
PERS_1145,Constable,High Altitude (Ladakh/Sikkim),66,44.3,1,0.08,7.1,4,3,68.7,6.7,0.3,0
PERS_1146,Head Constable,Border Outpost (Thar),84,62.3,1,0.33,5.7,2,6,30.1,11.4,0.06,1
PERS_1147,Head Constable,Counter-Insurgency (J&K),40,47.4,0,0.26,6.9,3,2,25.8,4.3,0.08,0
PERS_1148,Constable,Dense Forest (Bastar),51,46.6,3,0.28,5.9,3,6,24.4,7.3,0.13,1
PERS_1149,Constable,Counter-Insurgency (J&K),72,44.2,1,0.28,7.5,4,2,19.1,5.4,0.06,0
PERS_1150,Sub-Inspector,Peace Station (HQ),81,52.6,3,0.02,5.2,3,6,56.5,14.4,0.22,1
PERS_1151,Constable,Dense Forest (Bastar),54,47.8,3,0.47,5.9,3,5,15.0,7.0,0.04,2
PERS_1152,Constable,Counter-Insurgency (J&K),10,60.6,2,0.21,5.5,4,3,35.0,10.1,0.04,1
PERS_1153,Head Constable,Dense Forest (Bastar),124,57.7,2,0.36,5.3,1,8,18.5,12.2,0.14,2
PERS_1154,Inspector,High Altitude (Ladakh/Sikkim),39,57.2,1,0.09,5.7,4,3,34.6,7.6,0.09,0
PERS_1155,Constable,Border Outpost (Thar),30,33.0,5,0.68,5.1,5,7,24.3,6.7,0.03,2
PERS_1156,Head Constable,Counter-Insurgency (J&K),23,57.7,2,0.18,5.8,4,3,12.9,10.9,0.07,1
PERS_1157,ASI,Peace Station (HQ),64,60.8,4,0.13,4.1,2,9,21.3,15.5,0.04,2
PERS_1158,Constable,High Altitude (Ladakh/Sikkim),55,38.9,1,0.3,6.4,5,3,21.0,5.7,0.18,0
PERS_1159,Head Constable,Counter-Insurgency (J&K),24,41.7,3,0.09,6.0,4,3,12.9,6.9,0.17,0
PERS_1160,Constable,High Altitude (Ladakh/Sikkim),11,42.5,2,0.6,7.0,5,2,17.3,1.6,0.03,0
PERS_1161,Head Constable,Peace Station (HQ),23,48.3,3,0.14,6.4,4,3,33.1,7.8,0.04,0
PERS_1162,Head Constable,Counter-Insurgency (J&K),67,47.7,1,0.02,4.9,4,4,35.4,6.2,0.61,1
PERS_1163,Head Constable,Peace Station (HQ),42,49.8,2,0.38,6.1,3,3,20.3,9.0,0.01,0
PERS_1164,Constable,Dense Forest (Bastar),13,55.8,2,0.34,6.0,4,3,35.5,9.0,0.2,0
PERS_1165,ASI,Peace Station (HQ),22,44.6,2,0.33,6.6,4,1,48.5,6.7,0.04,0
PERS_1166,Constable,Dense Forest (Bastar),38,54.8,2,0.34,5.7,2,6,39.9,11.4,0.16,2
PERS_1167,Constable,Counter-Insurgency (J&K),46,54.4,2,0.17,6.7,4,4,62.0,5.5,0.16,1
PERS_1168,Constable,Dense Forest (Bastar),30,25.0,1,0.65,8.7,5,1,63.2,-3.6,0.01,0
PERS_1169,Head Constable,Counter-Insurgency (J&K),49,44.8,2,0.2,6.3,4,3,58.8,7.9,0.07,1
PERS_1170,Head Constable,Counter-Insurgency (J&K),63,64.2,2,0.18,4.9,3,7,75.0,9.3,0.02,2
PERS_1171,Constable,Border Outpost (Thar),33,42.4,1,0.2,7.1,4,1,18.6,3.9,0.1,0
PERS_1172,Head Constable,Counter-Insurgency (J&K),89,46.2,3,0.65,6.1,3,8,22.6,8.7,0.04,2
PERS_1173,Constable,Dense Forest (Bastar),20,60.4,0,0.2,6.3,4,3,33.1,6.4,0.0,0
PERS_1174,Head Constable,Border Outpost (Thar),17,51.2,1,0.12,6.5,4,1,23.3,5.2,0.13,0
PERS_1175,Constable,Border Outpost (Thar),84,71.0,2,0.25,5.7,2,6,44.6,13.2,0.09,2
PERS_1176,Head Constable,Counter-Insurgency (J&K),4,43.8,3,0.27,6.9,5,1,58.9,3.1,0.12,1
PERS_1177,Constable,Peace Station (HQ),26,62.6,2,0.23,5.7,3,5,61.7,11.6,0.2,1
PERS_1178,Sub-Inspector,Peace Station (HQ),30,42.1,3,0.25,6.6,4,3,21.0,6.3,0.05,0
PERS_1179,Constable,Border Outpost (Thar),63,28.6,2,0.46,7.8,5,2,91.7,3.0,0.02,0
PERS_1180,Constable,Counter-Insurgency (J&K),11,55.8,3,0.17,5.1,3,3,12.8,7.9,0.73,1
PERS_1181,Constable,Peace Station (HQ),48,58.5,1,0.18,6.2,3,3,16.9,8.3,0.12,0
PERS_1182,Sub-Inspector,Counter-Insurgency (J&K),42,58.9,3,0.32,5.2,3,6,27.6,11.7,0.2,1
PERS_1183,Sub-Inspector,Counter-Insurgency (J&K),113,57.2,1,0.04,6.8,3,4,33.1,8.8,0.18,1
PERS_1184,Constable,Border Outpost (Thar),21,64.8,2,0.9,5.3,4,6,11.8,10.0,0.08,2
PERS_1185,Head Constable,Border Outpost (Thar),57,62.4,1,0.15,6.2,3,5,16.2,7.4,0.2,1
PERS_1186,ASI,High Altitude (Ladakh/Sikkim),34,59.6,3,0.69,4.9,3,8,44.2,7.3,0.08,2
PERS_1187,Head Constable,Peace Station (HQ),40,53.2,2,0.09,6.2,4,3,42.6,7.8,0.1,1
PERS_1188,Head Constable,Peace Station (HQ),25,37.0,3,0.19,6.5,5,2,36.0,3.7,0.07,0
PERS_1189,Constable,Peace Station (HQ),61,54.8,1,0.08,5.7,3,3,48.1,7.6,0.01,0
PERS_1190,Constable,Dense Forest (Bastar),70,58.6,0,0.22,6.8,3,4,23.3,10.0,0.1,1
PERS_1191,Sub-Inspector,Counter-Insurgency (J&K),48,73.1,1,0.39,5.7,2,6,14.2,11.4,0.03,2
PERS_1192,Sub-Inspector,Border Outpost (Thar),173,68.0,2,0.15,3.9,1,10,33.5,14.8,0.06,2
PERS_1193,Head Constable,Peace Station (HQ),31,40.6,3,0.15,5.1,5,5,55.2,5.9,0.19,1
PERS_1194,Constable,High Altitude (Ladakh/Sikkim),64,59.1,1,0.27,6.0,3,4,41.5,10.1,0.21,1
PERS_1195,Constable,Peace Station (HQ),93,69.9,1,0.58,5.5,2,7,10.5,10.2,0.14,2
PERS_1196,Head Constable,Counter-Insurgency (J&K),55,70.6,1,0.17,4.7,1,4,44.3,8.5,0.68,1
PERS_1197,Sub-Inspector,Counter-Insurgency (J&K),73,54.2,2,0.15,5.9,2,5,13.5,9.5,0.08,2
PERS_1198,Sub-Inspector,Border Outpost (Thar),100,56.0,1,0.52,6.0,3,8,15.9,12.4,0.06,1
PERS_1199,ASI,Dense Forest (Bastar),57,39.6,4,0.29,4.5,3,8,79.9,9.5,0.01,2
PERS_1200,Head Constable,Border Outpost (Thar),70,49.0,1,0.25,6.6,3,3,54.5,6.5,0.03,1
PERS_1201,Constable,Peace Station (HQ),21,54.4,2,0.16,5.2,4,3,46.4,6.3,0.65,1
PERS_1202,Constable,High Altitude (Ladakh/Sikkim),3,33.1,2,0.08,7.4,5,1,33.7,-0.1,0.07,0
PERS_1203,Sub-Inspector,Border Outpost (Thar),57,74.2,1,0.03,4.7,2,5,37.7,12.5,0.08,1
PERS_1204,Head Constable,Dense Forest (Bastar),32,47.6,2,0.17,6.4,4,1,76.8,8.6,0.19,1
PERS_1205,Constable,Border Outpost (Thar),35,52.7,2,0.48,6.5,4,5,38.4,7.7,0.07,1
PERS_1206,Constable,Counter-Insurgency (J&K),32,54.6,2,0.06,5.5,3,3,35.6,8.3,0.03,1
PERS_1207,Head Constable,Peace Station (HQ),42,63.5,2,0.18,5.1,3,5,32.6,11.3,0.08,1
PERS_1208,Constable,Peace Station (HQ),46,55.3,0,0.73,7.3,4,3,28.4,7.2,0.04,1
PERS_1209,Constable,Peace Station (HQ),63,43.6,3,0.22,6.3,4,3,66.6,10.9,0.14,1
PERS_1210,Head Constable,Peace Station (HQ),54,57.6,2,0.43,5.5,3,5,63.3,9.8,0.01,2
PERS_1211,Head Constable,Peace Station (HQ),13,60.6,3,0.19,5.8,3,3,25.7,11.9,0.06,1
PERS_1212,Head Constable,Peace Station (HQ),71,46.2,2,0.65,6.1,4,6,41.8,6.1,0.01,1
PERS_1213,Constable,High Altitude (Ladakh/Sikkim),122,68.2,1,0.15,5.2,1,6,22.9,12.5,0.07,2
PERS_1214,Head Constable,Dense Forest (Bastar),33,53.8,1,0.25,5.7,3,3,46.7,6.4,0.21,0
PERS_1215,Constable,Peace Station (HQ),54,54.4,3,0.12,5.6,3,8,30.1,12.3,0.04,2
PERS_1216,Constable,Dense Forest (Bastar),10,42.6,3,0.26,5.4,5,3,29.4,9.0,0.65,0
PERS_1217,Head Constable,Peace Station (HQ),35,49.3,2,0.47,6.8,5,4,29.7,6.8,0.15,1
PERS_1218,Head Constable,Border Outpost (Thar),15,53.9,1,0.39,5.9,4,3,13.2,5.9,0.06,0
PERS_1219,ASI,Peace Station (HQ),39,47.7,2,0.19,6.4,5,2,35.4,7.0,0.08,1
PERS_1220,Head Constable,Counter-Insurgency (J&K),34,41.6,3,0.15,6.1,4,2,30.0,6.3,0.22,1
PERS_1221,Head Constable,High Altitude (Ladakh/Sikkim),50,42.8,3,0.27,6.3,4,3,30.3,9.6,0.24,1
PERS_1222,Constable,Border Outpost (Thar),27,53.5,0,0.15,6.9,3,1,6.8,5.9,0.11,0
PERS_1223,Constable,Border Outpost (Thar),6,53.5,0,0.32,6.7,4,2,10.3,3.4,0.15,0
PERS_1224,Constable,Counter-Insurgency (J&K),20,49.3,1,0.65,6.3,5,2,13.6,3.4,0.19,0
PERS_1225,Constable,Peace Station (HQ),26,68.8,1,0.07,5.5,3,3,24.9,8.1,0.1,0
PERS_1226,Inspector,High Altitude (Ladakh/Sikkim),68,37.8,3,0.21,7.0,4,3,21.3,7.6,0.24,0
PERS_1227,Constable,Border Outpost (Thar),24,54.2,2,0.33,5.6,3,5,44.8,10.7,0.0,1
PERS_1228,Sub-Inspector,High Altitude (Ladakh/Sikkim),118,41.4,3,0.37,5.4,3,7,37.2,9.6,0.31,2
PERS_1229,Head Constable,Border Outpost (Thar),67,53.7,1,0.2,6.6,3,5,23.3,5.4,0.03,1
PERS_1230,ASI,Peace Station (HQ),18,52.3,2,0.35,6.0,3,3,78.8,9.0,0.09,0
PERS_1231,Head Constable,Border Outpost (Thar),27,48.9,2,0.12,6.9,4,3,80.2,4.6,0.04,0
PERS_1232,Head Constable,Border Outpost (Thar),68,35.3,1,0.52,7.7,5,2,49.8,2.6,0.12,0
PERS_1233,Head Constable,Dense Forest (Bastar),26,49.6,2,0.26,6.8,4,2,55.3,5.9,0.06,0
PERS_1234,Constable,Peace Station (HQ),19,49.9,2,0.07,7.0,4,1,23.6,4.5,0.15,0
PERS_1235,Head Constable,Counter-Insurgency (J&K),22,59.2,3,0.25,4.8,3,6,34.2,11.6,0.27,1
PERS_1236,Constable,Counter-Insurgency (J&K),34,37.1,0,0.63,7.6,4,1,8.0,1.4,0.05,0
PERS_1237,Constable,Peace Station (HQ),19,64.3,3,0.07,5.4,4,5,11.6,8.9,0.0,1
PERS_1238,Head Constable,Counter-Insurgency (J&K),52,28.0,4,0.11,6.5,5,3,31.5,5.7,0.01,0
PERS_1239,Constable,Peace Station (HQ),135,48.5,2,0.2,5.8,3,7,23.4,9.3,0.2,2
PERS_1240,Sub-Inspector,Counter-Insurgency (J&K),40,53.8,2,0.27,5.6,3,5,33.5,6.9,0.17,0
PERS_1241,Inspector,Dense Forest (Bastar),49,56.0,1,0.25,5.7,2,4,38.1,8.8,0.01,1
PERS_1242,Sub-Inspector,Counter-Insurgency (J&K),30,66.1,2,0.13,3.8,2,6,55.4,11.8,0.03,2
PERS_1243,Constable,Border Outpost (Thar),135,63.4,2,0.14,5.6,1,7,28.5,12.4,0.01,2
PERS_1244,Constable,Peace Station (HQ),23,49.3,2,0.01,5.6,3,2,46.7,5.0,0.08,1
PERS_1245,Sub-Inspector,High Altitude (Ladakh/Sikkim),39,56.3,1,0.12,5.2,4,3,44.0,8.4,0.79,1
PERS_1246,Constable,High Altitude (Ladakh/Sikkim),49,29.5,3,0.52,7.3,5,2,87.5,4.1,0.01,0
PERS_1247,Inspector,Peace Station (HQ),24,40.3,2,0.38,5.7,4,3,55.6,2.3,0.08,0
PERS_1248,Inspector,Dense Forest (Bastar),42,40.4,4,0.1,6.4,4,2,73.2,10.6,0.08,1
PERS_1249,ASI,Counter-Insurgency (J&K),68,64.3,2,0.5,5.5,2,6,16.1,13.1,0.01,2
PERS_1250,Constable,Dense Forest (Bastar),26,63.6,3,0.22,5.0,3,6,29.2,11.2,0.03,1
PERS_1251,Constable,High Altitude (Ladakh/Sikkim),13,67.9,2,0.49,4.2,4,5,64.0,12.8,0.01,1
PERS_1252,ASI,Peace Station (HQ),66,60.3,2,0.09,4.3,3,7,63.7,10.8,0.04,1
PERS_1253,Constable,Peace Station (HQ),54,62.3,0,0.31,5.7,3,3,17.2,7.6,0.0,1
PERS_1254,Constable,Dense Forest (Bastar),38,52.7,0,0.3,5.2,3,3,61.6,7.3,0.65,0
PERS_1255,Head Constable,Dense Forest (Bastar),25,45.5,2,0.22,4.9,5,3,65.7,6.5,0.66,0
PERS_1256,Sub-Inspector,Counter-Insurgency (J&K),5,37.7,3,0.09,6.8,5,1,18.3,5.3,0.15,0
PERS_1257,Head Constable,Border Outpost (Thar),86,44.9,2,0.4,7.5,4,4,46.0,4.7,0.01,0
PERS_1258,Head Constable,Border Outpost (Thar),20,36.3,1,0.56,7.3,5,1,15.1,0.2,0.03,0
PERS_1259,Constable,Counter-Insurgency (J&K),22,57.5,1,0.14,6.0,4,1,31.7,7.2,0.05,1
PERS_1260,Head Constable,Border Outpost (Thar),22,46.1,2,0.74,5.9,5,3,27.8,4.3,0.23,0
PERS_1261,Inspector,High Altitude (Ladakh/Sikkim),71,47.9,2,0.51,6.7,3,3,24.3,8.3,0.02,1
PERS_1262,Constable,Border Outpost (Thar),100,37.7,4,0.63,4.9,2,8,56.5,10.9,0.08,2
PERS_1263,Head Constable,Counter-Insurgency (J&K),23,41.2,2,0.13,6.6,4,2,20.1,2.0,0.11,1
PERS_1264,Sub-Inspector,Border Outpost (Thar),19,47.0,1,0.09,7.7,5,1,40.4,3.3,0.11,0
PERS_1265,Head Constable,Peace Station (HQ),35,36.1,2,0.73,6.9,4,4,30.4,5.3,0.05,0
PERS_1266,Head Constable,Dense Forest (Bastar),27,77.3,3,0.17,3.7,1,8,35.5,13.5,0.14,2
PERS_1267,Head Constable,High Altitude (Ladakh/Sikkim),17,36.3,2,0.31,7.7,5,2,35.0,3.1,0.11,0
PERS_1268,Constable,Peace Station (HQ),83,67.8,1,0.3,6.5,3,7,20.4,9.1,0.09,1
PERS_1269,Constable,Peace Station (HQ),61,52.9,1,0.38,7.2,4,5,91.0,5.0,0.23,0
PERS_1270,ASI,Counter-Insurgency (J&K),13,43.6,2,0.04,6.3,5,1,39.1,5.4,0.05,0
PERS_1271,ASI,Dense Forest (Bastar),48,50.3,0,0.25,7.4,4,2,63.2,1.9,0.19,0
PERS_1272,ASI,Dense Forest (Bastar),46,52.7,1,0.04,7.2,4,1,18.7,5.8,0.03,0
PERS_1273,Sub-Inspector,High Altitude (Ladakh/Sikkim),63,56.6,1,0.41,5.8,4,4,10.3,9.1,0.09,0
PERS_1274,Head Constable,Counter-Insurgency (J&K),14,39.6,3,0.39,5.6,4,4,65.0,4.6,0.22,1
PERS_1275,Head Constable,High Altitude (Ladakh/Sikkim),79,61.5,0,0.45,6.5,3,4,62.5,6.7,0.04,1
PERS_1276,ASI,Border Outpost (Thar),33,48.5,2,0.25,5.5,3,3,43.6,8.5,0.14,1
PERS_1277,Head Constable,Peace Station (HQ),58,40.5,2,0.45,5.9,4,6,18.5,3.5,0.01,1
PERS_1278,Head Constable,High Altitude (Ladakh/Sikkim),17,45.4,2,0.32,5.9,4,2,11.5,7.7,0.03,0
PERS_1279,ASI,Peace Station (HQ),27,64.9,2,0.34,4.6,2,6,57.3,8.5,0.08,1
PERS_1280,Sub-Inspector,Counter-Insurgency (J&K),23,52.5,1,0.04,5.7,4,1,75.8,6.9,0.15,0
PERS_1281,Constable,Border Outpost (Thar),8,48.8,1,0.39,6.6,3,2,42.8,4.6,0.0,1
PERS_1282,Constable,Counter-Insurgency (J&K),18,45.8,1,0.28,6.9,3,1,67.0,3.8,0.02,0
PERS_1283,Constable,Border Outpost (Thar),23,47.1,2,0.35,5.3,4,4,49.2,7.7,0.76,1
PERS_1284,Head Constable,Border Outpost (Thar),35,53.7,3,0.28,5.6,4,5,61.0,8.3,0.1,1
PERS_1285,Constable,Peace Station (HQ),60,51.3,3,0.45,5.6,3,6,56.9,9.2,0.0,2
PERS_1286,Head Constable,Counter-Insurgency (J&K),79,60.4,2,0.23,4.8,2,9,20.5,11.6,0.16,2
PERS_1287,Head Constable,Counter-Insurgency (J&K),69,58.1,3,0.28,5.1,4,7,42.7,10.3,0.0,2
PERS_1288,Constable,High Altitude (Ladakh/Sikkim),73,43.4,4,0.5,5.7,3,7,75.9,9.3,0.11,2
PERS_1289,Head Constable,Counter-Insurgency (J&K),92,62.5,3,0.23,5.0,3,7,15.5,11.3,0.02,2
PERS_1290,Constable,High Altitude (Ladakh/Sikkim),41,42.6,1,0.71,7.4,4,3,18.6,3.6,0.08,0
PERS_1291,Constable,Dense Forest (Bastar),74,45.4,2,0.09,6.8,4,3,16.1,5.3,0.03,0
PERS_1292,ASI,Dense Forest (Bastar),28,50.5,3,0.14,5.5,4,4,38.3,9.7,0.1,1
PERS_1293,Constable,Dense Forest (Bastar),39,54.5,2,0.59,5.2,3,7,51.1,8.6,0.1,1
PERS_1294,Constable,Counter-Insurgency (J&K),38,57.9,3,0.4,4.8,3,7,57.9,9.0,0.05,1
PERS_1295,Head Constable,Counter-Insurgency (J&K),52,31.6,1,0.22,7.7,5,1,53.6,-0.3,0.06,0
PERS_1296,ASI,High Altitude (Ladakh/Sikkim),37,59.6,1,0.39,6.6,3,2,36.5,7.5,0.06,1
PERS_1297,Constable,Border Outpost (Thar),21,54.2,1,0.27,4.8,4,3,36.9,7.7,0.68,0
PERS_1298,Head Constable,High Altitude (Ladakh/Sikkim),26,43.3,1,0.07,6.9,5,1,39.4,2.8,0.01,0
PERS_1299,Constable,Dense Forest (Bastar),33,48.9,3,0.1,5.5,5,3,16.1,8.9,0.16,0
PERS_1300,Constable,High Altitude (Ladakh/Sikkim),8,50.8,1,0.17,6.6,5,1,21.3,6.9,0.07,0
PERS_1301,Head Constable,Border Outpost (Thar),87,25.0,2,0.28,6.7,4,3,40.7,5.6,0.04,1
PERS_1302,Head Constable,Counter-Insurgency (J&K),46,40.1,0,0.16,8.0,5,1,30.8,4.7,0.06,0
PERS_1303,Head Constable,High Altitude (Ladakh/Sikkim),52,64.8,1,0.22,5.5,3,4,31.5,8.0,0.1,1
PERS_1304,Head Constable,Dense Forest (Bastar),66,48.6,1,0.06,6.4,4,2,61.0,6.3,0.05,0
PERS_1305,Inspector,Dense Forest (Bastar),66,53.7,4,0.07,5.1,4,7,33.8,10.9,0.14,1
PERS_1306,Head Constable,Counter-Insurgency (J&K),24,49.2,3,0.16,5.8,4,3,24.8,6.5,0.06,0
PERS_1307,Constable,High Altitude (Ladakh/Sikkim),56,60.7,2,0.11,5.4,2,4,15.1,10.6,0.75,1
PERS_1308,ASI,Border Outpost (Thar),57,49.6,3,0.17,5.2,3,5,58.7,6.8,0.06,2
PERS_1309,Constable,Counter-Insurgency (J&K),39,48.7,4,0.05,5.0,4,5,58.0,13.0,0.06,1
PERS_1310,Constable,High Altitude (Ladakh/Sikkim),19,51.8,2,0.28,5.9,4,4,23.5,5.6,0.01,1
PERS_1311,Constable,Peace Station (HQ),48,61.3,1,0.66,6.9,3,6,21.7,5.7,0.06,1
PERS_1312,Constable,Dense Forest (Bastar),114,71.0,1,0.31,5.3,2,7,17.3,12.5,0.24,2
PERS_1313,Inspector,Border Outpost (Thar),33,48.1,0,0.47,7.4,5,1,25.3,3.7,0.03,0
PERS_1314,ASI,Border Outpost (Thar),35,46.6,1,0.25,7.2,5,1,25.4,5.9,0.04,0
PERS_1315,Head Constable,Border Outpost (Thar),46,51.1,1,0.48,6.4,3,4,58.8,6.9,0.11,0
PERS_1316,Constable,Dense Forest (Bastar),80,69.4,0,0.21,6.6,2,5,32.9,10.5,0.03,1
PERS_1317,Constable,High Altitude (Ladakh/Sikkim),9,56.7,3,0.55,4.1,3,6,21.0,12.1,0.15,1
PERS_1318,Constable,Counter-Insurgency (J&K),98,53.0,3,0.15,5.6,2,7,64.5,9.8,0.01,2
PERS_1319,Constable,High Altitude (Ladakh/Sikkim),8,32.7,1,0.38,8.2,5,1,11.9,3.2,0.1,0
PERS_1320,Head Constable,Counter-Insurgency (J&K),118,70.9,3,0.43,4.6,1,10,6.8,15.8,0.02,2
PERS_1321,Head Constable,Border Outpost (Thar),43,64.5,3,0.56,3.6,2,8,56.9,14.3,0.1,2
PERS_1322,Head Constable,High Altitude (Ladakh/Sikkim),16,38.5,1,0.24,7.3,5,1,40.1,2.6,0.04,0
PERS_1323,Constable,Border Outpost (Thar),33,46.8,2,0.25,6.2,3,1,49.0,5.4,0.22,0
PERS_1324,Inspector,Peace Station (HQ),6,57.4,1,0.45,6.0,4,1,12.5,6.7,0.04,0
PERS_1325,Head Constable,Border Outpost (Thar),32,55.1,0,0.34,6.4,4,3,20.4,6.4,0.13,0
PERS_1326,Head Constable,Border Outpost (Thar),37,31.8,2,0.23,7.6,5,1,62.7,2.7,0.02,0
PERS_1327,Head Constable,Counter-Insurgency (J&K),55,42.2,2,0.15,6.4,4,1,52.4,7.0,0.06,0
PERS_1328,Constable,Peace Station (HQ),47,58.5,1,0.13,6.7,5,4,6.6,9.3,0.09,1
PERS_1329,Constable,Border Outpost (Thar),22,52.7,2,0.02,5.9,3,1,41.4,7.0,0.03,0
PERS_1330,Constable,Border Outpost (Thar),42,58.9,4,0.27,4.2,3,7,31.5,12.2,0.06,2
PERS_1331,ASI,Peace Station (HQ),36,59.4,2,0.53,6.6,2,5,7.3,10.0,0.12,1
PERS_1332,Constable,Peace Station (HQ),13,51.7,2,0.1,5.4,4,1,24.5,8.8,0.63,0
PERS_1333,Constable,High Altitude (Ladakh/Sikkim),28,55.0,2,0.21,5.5,3,4,49.0,9.4,0.16,1
PERS_1334,Constable,Counter-Insurgency (J&K),57,48.0,2,0.19,6.3,3,3,46.5,7.8,0.0,1
PERS_1335,Constable,Peace Station (HQ),46,53.7,0,0.3,5.8,4,1,28.8,6.4,0.01,0
PERS_1336,ASI,Peace Station (HQ),15,52.6,3,0.55,5.5,3,5,27.5,8.0,0.11,2
PERS_1337,Head Constable,Dense Forest (Bastar),38,68.9,3,0.21,4.1,2,8,27.9,14.6,0.08,2
PERS_1338,Head Constable,Peace Station (HQ),16,41.4,1,0.12,8.3,5,1,30.9,3.2,0.01,0
PERS_1339,Constable,Counter-Insurgency (J&K),32,58.4,2,0.31,5.4,3,3,20.5,10.7,0.86,1
PERS_1340,Head Constable,Border Outpost (Thar),31,49.9,2,0.06,5.4,4,3,50.6,10.1,0.72,0
PERS_1341,Head Constable,Border Outpost (Thar),43,59.7,1,0.48,6.1,3,4,27.1,6.9,0.04,1
PERS_1342,Constable,Border Outpost (Thar),40,50.8,1,0.33,6.5,4,3,17.3,7.8,0.11,1
PERS_1343,Constable,Border Outpost (Thar),16,61.4,0,0.71,6.7,4,2,33.2,7.2,0.13,0
PERS_1344,Constable,Dense Forest (Bastar),27,43.3,3,0.62,5.4,4,4,70.3,8.5,0.7,1
PERS_1345,Head Constable,Peace Station (HQ),18,51.2,0,0.2,7.7,4,1,25.7,4.9,0.05,0
PERS_1346,Head Constable,Border Outpost (Thar),35,55.9,1,0.3,6.3,3,1,28.3,5.5,0.05,0
PERS_1347,Constable,High Altitude (Ladakh/Sikkim),16,42.8,0,0.45,6.9,5,1,5.0,4.3,0.09,0
PERS_1348,Constable,Border Outpost (Thar),67,57.7,3,0.19,5.2,2,6,15.1,10.0,0.06,2
PERS_1349,Head Constable,Peace Station (HQ),27,60.8,3,0.15,5.3,4,4,29.6,8.7,0.63,1
PERS_1350,Head Constable,Border Outpost (Thar),141,61.4,2,0.74,5.6,1,10,48.7,13.3,0.01,2
PERS_1351,ASI,Dense Forest (Bastar),44,59.9,1,0.35,5.1,3,5,32.0,11.3,0.02,1
PERS_1352,Head Constable,Counter-Insurgency (J&K),13,42.6,2,0.23,5.3,5,3,36.9,7.2,0.68,0
PERS_1353,Constable,Counter-Insurgency (J&K),14,38.4,3,0.09,5.4,4,4,23.4,7.6,0.61,0
PERS_1354,Constable,Peace Station (HQ),85,63.5,2,0.1,5.3,2,7,15.1,12.9,0.03,2
PERS_1355,Head Constable,Counter-Insurgency (J&K),13,43.7,2,0.59,6.6,5,1,13.5,4.8,0.02,0
PERS_1356,Constable,Counter-Insurgency (J&K),82,39.4,1,0.32,5.5,4,5,37.7,5.3,0.15,1
PERS_1357,Head Constable,High Altitude (Ladakh/Sikkim),55,45.9,0,0.19,7.3,5,2,27.2,2.0,0.17,0
PERS_1358,Sub-Inspector,Peace Station (HQ),43,65.8,1,0.03,5.1,2,3,25.2,11.0,0.77,1
PERS_1359,Head Constable,Peace Station (HQ),82,66.8,4,0.29,3.4,1,10,37.5,15.5,0.19,2
PERS_1360,Constable,Counter-Insurgency (J&K),66,43.4,2,0.26,6.0,4,3,6.8,8.8,0.11,0
PERS_1361,Head Constable,Counter-Insurgency (J&K),34,36.8,2,0.2,6.8,5,1,53.4,4.7,0.13,0
PERS_1362,Head Constable,Counter-Insurgency (J&K),8,44.7,3,0.53,5.8,5,5,11.7,7.2,0.06,1
PERS_1363,Head Constable,Dense Forest (Bastar),55,63.9,3,0.1,3.4,1,7,30.7,11.2,0.03,2
PERS_1364,Sub-Inspector,Border Outpost (Thar),18,47.8,1,0.21,7.5,4,1,25.2,3.9,0.21,0
PERS_1365,Constable,Dense Forest (Bastar),19,48.0,0,0.02,7.4,4,1,10.3,3.1,0.03,0
PERS_1366,Inspector,Peace Station (HQ),33,45.2,3,0.05,5.9,4,3,43.8,4.0,0.03,0
PERS_1367,Sub-Inspector,High Altitude (Ladakh/Sikkim),24,47.7,4,0.81,4.2,4,6,42.9,10.0,0.01,1
PERS_1368,Constable,Border Outpost (Thar),36,60.1,2,0.22,4.9,4,4,25.9,10.0,0.61,2
PERS_1369,Constable,High Altitude (Ladakh/Sikkim),32,52.1,3,0.14,5.4,3,4,22.0,9.0,0.72,1
PERS_1370,Constable,Peace Station (HQ),41,50.1,1,0.24,6.9,5,2,30.8,4.4,0.01,0
PERS_1371,Constable,Peace Station (HQ),52,59.7,0,0.36,7.0,3,2,13.2,8.0,0.1,0
PERS_1372,Constable,High Altitude (Ladakh/Sikkim),92,57.9,2,0.39,7.0,4,8,87.2,9.3,0.02,1
PERS_1373,Head Constable,High Altitude (Ladakh/Sikkim),60,63.5,3,0.33,4.8,1,8,30.3,9.7,0.09,2
PERS_1374,Constable,High Altitude (Ladakh/Sikkim),50,46.2,2,0.07,5.8,5,1,24.4,5.5,0.01,0
PERS_1375,Constable,Peace Station (HQ),29,53.6,2,0.16,6.2,4,4,22.4,10.5,0.01,1
PERS_1376,ASI,Counter-Insurgency (J&K),26,59.5,0,0.52,5.7,4,2,46.7,6.4,0.05,0
PERS_1377,Constable,High Altitude (Ladakh/Sikkim),7,64.2,1,0.33,5.8,3,3,27.5,4.9,0.23,0
PERS_1378,ASI,Border Outpost (Thar),30,40.1,3,0.01,7.4,4,1,11.0,5.7,0.11,1
PERS_1379,Constable,Peace Station (HQ),56,51.9,1,0.23,6.2,4,4,14.7,5.2,0.04,0
PERS_1380,Constable,Dense Forest (Bastar),11,35.9,2,0.22,6.5,5,1,59.2,5.5,0.02,0
PERS_1381,Head Constable,Dense Forest (Bastar),34,41.7,2,0.34,5.7,5,4,23.3,4.0,0.0,0
PERS_1382,Head Constable,Border Outpost (Thar),40,52.2,2,0.38,6.0,4,4,46.5,6.0,0.1,1
PERS_1383,Sub-Inspector,Counter-Insurgency (J&K),48,32.5,4,0.02,5.3,5,3,120.0,8.9,0.66,0
PERS_1384,Head Constable,High Altitude (Ladakh/Sikkim),52,57.4,1,0.31,5.3,3,4,81.5,7.0,0.66,1
PERS_1385,ASI,Peace Station (HQ),66,60.2,2,0.05,4.6,1,4,43.3,11.9,0.67,1
PERS_1386,Constable,High Altitude (Ladakh/Sikkim),13,48.5,1,0.12,7.2,5,1,48.4,3.4,0.04,0
PERS_1387,Constable,Peace Station (HQ),44,44.0,1,0.49,6.7,5,3,16.9,4.5,0.15,0
PERS_1388,ASI,Dense Forest (Bastar),38,49.4,2,0.33,6.9,4,1,30.2,7.1,0.27,0
PERS_1389,ASI,High Altitude (Ladakh/Sikkim),7,69.9,1,0.39,5.4,3,5,24.9,10.7,0.14,2
PERS_1390,Inspector,Border Outpost (Thar),88,51.6,3,0.4,5.2,3,8,9.3,13.2,0.0,2
PERS_1391,Constable,Counter-Insurgency (J&K),65,46.6,2,0.5,6.6,5,4,31.9,5.5,0.03,1
PERS_1392,Constable,Border Outpost (Thar),18,26.7,1,0.18,8.2,5,1,49.5,-1.4,0.19,0
PERS_1393,ASI,Counter-Insurgency (J&K),25,60.9,1,0.17,6.5,3,1,7.3,7.7,0.13,0
PERS_1394,Constable,High Altitude (Ladakh/Sikkim),28,38.4,1,0.21,6.6,5,1,19.2,3.9,0.04,0
PERS_1395,Sub-Inspector,High Altitude (Ladakh/Sikkim),87,57.6,2,0.28,5.6,3,6,23.4,8.6,0.14,1
PERS_1396,ASI,Counter-Insurgency (J&K),56,74.7,3,0.03,3.4,1,6,5.0,14.5,0.26,2
PERS_1397,Constable,Dense Forest (Bastar),54,57.1,2,0.05,5.7,3,6,49.1,7.9,0.04,1
PERS_1398,ASI,Peace Station (HQ),40,55.6,0,0.32,4.9,3,3,41.0,6.4,0.77,0
PERS_1399,ASI,Border Outpost (Thar),68,51.5,1,0.09,5.8,3,5,52.2,7.9,0.05,1
PERS_1400,Constable,Border Outpost (Thar),5,51.6,1,0.69,5.9,3,3,40.4,6.4,0.01,1
PERS_1401,Sub-Inspector,Border Outpost (Thar),33,52.1,2,0.31,5.9,4,4,21.2,9.6,0.03,1
PERS_1402,Head Constable,High Altitude (Ladakh/Sikkim),68,60.2,1,0.14,6.5,3,4,41.1,9.2,0.16,1
PERS_1403,ASI,Border Outpost (Thar),65,30.3,1,0.16,6.6,4,1,59.9,1.0,0.1,0
PERS_1404,Constable,Peace Station (HQ),85,60.3,1,0.11,6.3,4,5,55.6,9.3,0.07,1
PERS_1405,Sub-Inspector,Peace Station (HQ),70,59.3,2,0.29,5.6,4,5,27.3,10.4,0.01,1
PERS_1406,Constable,Counter-Insurgency (J&K),22,75.7,2,0.58,4.7,2,8,33.6,10.8,0.16,2
PERS_1407,Constable,High Altitude (Ladakh/Sikkim),14,49.4,3,0.41,5.4,4,3,20.8,7.3,0.85,1
PERS_1408,Sub-Inspector,Peace Station (HQ),47,54.9,2,0.55,6.1,4,5,48.6,9.4,0.05,1
PERS_1409,Constable,Dense Forest (Bastar),89,60.9,2,0.2,5.2,2,6,5.0,9.9,0.19,2
PERS_1410,Constable,High Altitude (Ladakh/Sikkim),29,55.1,1,0.54,5.6,4,5,47.0,8.5,0.02,1
PERS_1411,Inspector,High Altitude (Ladakh/Sikkim),45,40.2,0,0.26,7.4,5,1,17.2,1.5,0.06,0
PERS_1412,Inspector,Peace Station (HQ),83,64.5,2,0.09,5.2,2,7,30.2,11.8,0.02,2
PERS_1413,Head Constable,Dense Forest (Bastar),20,40.8,0,0.16,6.8,5,1,52.7,0.4,0.18,0
PERS_1414,Head Constable,Counter-Insurgency (J&K),90,61.1,1,0.32,4.3,1,8,35.7,11.1,0.04,2
PERS_1415,Constable,Peace Station (HQ),11,40.5,0,0.15,7.9,5,1,42.2,1.3,0.01,0
PERS_1416,Constable,Dense Forest (Bastar),46,50.4,1,0.23,6.0,5,2,12.6,5.3,0.04,0
PERS_1417,Constable,High Altitude (Ladakh/Sikkim),58,49.1,0,0.79,5.4,4,4,19.4,5.5,0.73,1
PERS_1418,Head Constable,Dense Forest (Bastar),63,51.8,3,0.25,5.5,4,6,9.6,10.2,0.06,1
PERS_1419,ASI,High Altitude (Ladakh/Sikkim),12,48.4,1,0.33,6.4,5,2,5.0,6.0,0.13,0
PERS_1420,ASI,Peace Station (HQ),49,56.6,0,0.58,5.7,3,6,31.9,7.1,0.0,1
PERS_1421,ASI,Peace Station (HQ),21,49.1,1,0.25,6.1,4,1,56.7,9.0,0.04,1
PERS_1422,Constable,Border Outpost (Thar),46,61.3,2,0.39,5.9,4,6,19.9,10.5,0.04,1
PERS_1423,Head Constable,Border Outpost (Thar),36,46.3,2,0.28,5.3,3,3,24.8,8.8,0.6,0
PERS_1424,Constable,Border Outpost (Thar),7,53.0,1,0.32,5.9,3,2,62.4,3.7,0.07,0
PERS_1425,Head Constable,Peace Station (HQ),77,47.4,3,0.5,6.0,3,5,42.8,8.6,0.24,1
PERS_1426,Constable,Counter-Insurgency (J&K),34,69.2,1,0.34,4.4,3,6,26.0,12.0,0.07,1
PERS_1427,Sub-Inspector,Peace Station (HQ),99,62.2,2,0.16,6.4,2,5,33.2,11.6,0.03,1
PERS_1428,Constable,Dense Forest (Bastar),35,44.5,2,0.47,6.8,4,1,28.3,7.9,0.1,0
PERS_1429,Constable,Peace Station (HQ),53,70.6,3,0.54,5.3,2,8,37.4,12.2,0.08,2
PERS_1430,Constable,Peace Station (HQ),29,56.1,2,0.56,5.6,3,5,54.7,6.4,0.03,1
PERS_1431,ASI,High Altitude (Ladakh/Sikkim),39,45.0,0,0.28,8.1,5,1,28.1,1.9,0.2,0
PERS_1432,Head Constable,High Altitude (Ladakh/Sikkim),51,51.8,2,0.75,6.0,3,6,40.2,4.8,0.06,1
PERS_1433,Constable,High Altitude (Ladakh/Sikkim),11,37.7,1,0.15,7.0,5,1,69.5,4.1,0.02,0
PERS_1434,Constable,Peace Station (HQ),22,38.8,4,0.27,5.1,4,3,13.8,4.8,0.66,1
PERS_1435,Head Constable,Counter-Insurgency (J&K),73,67.4,1,0.26,5.6,2,6,30.7,11.9,0.08,1
PERS_1436,Constable,Dense Forest (Bastar),84,47.4,1,0.66,6.2,4,5,9.2,7.3,0.01,1
PERS_1437,ASI,Dense Forest (Bastar),26,37.2,1,0.73,6.8,5,2,48.1,5.5,0.09,0
PERS_1438,Head Constable,Counter-Insurgency (J&K),54,59.8,1,0.22,5.9,4,4,36.1,9.3,0.12,0
PERS_1439,Constable,Counter-Insurgency (J&K),70,71.6,2,0.49,5.7,3,9,11.0,16.4,0.03,2
PERS_1440,Constable,Dense Forest (Bastar),35,63.1,2,0.68,6.0,3,6,31.4,6.6,0.04,1
PERS_1441,Inspector,Border Outpost (Thar),20,72.9,1,0.22,5.6,4,4,22.6,11.1,0.09,1
PERS_1442,Constable,High Altitude (Ladakh/Sikkim),16,73.8,0,0.45,5.4,3,5,27.1,13.1,0.01,1
PERS_1443,Constable,High Altitude (Ladakh/Sikkim),78,46.8,2,0.18,6.2,3,5,54.0,5.5,0.06,1
PERS_1444,ASI,Dense Forest (Bastar),25,47.4,0,0.3,7.9,5,1,33.6,4.6,0.05,0
PERS_1445,Sub-Inspector,Counter-Insurgency (J&K),66,38.9,2,0.47,7.0,5,5,38.1,4.7,0.02,1
PERS_1446,Inspector,Border Outpost (Thar),58,42.2,2,0.2,4.9,4,4,28.8,8.1,0.69,1
PERS_1447,ASI,Dense Forest (Bastar),59,64.6,2,0.08,6.6,3,6,36.8,11.3,0.03,2
PERS_1448,Constable,High Altitude (Ladakh/Sikkim),61,56.9,1,0.01,6.0,3,2,33.1,6.2,0.17,0
PERS_1449,Constable,Peace Station (HQ),86,71.2,3,0.03,4.3,2,8,51.9,15.8,0.17,2
PERS_1450,ASI,Counter-Insurgency (J&K),21,41.4,1,0.51,7.1,5,1,22.8,2.1,0.01,0
PERS_1451,Head Constable,Peace Station (HQ),17,44.2,1,0.52,6.8,4,1,29.4,4.9,0.1,0
PERS_1452,Constable,Dense Forest (Bastar),14,55.3,2,0.26,5.6,4,4,30.8,8.6,0.12,0
PERS_1453,Sub-Inspector,High Altitude (Ladakh/Sikkim),39,62.5,0,0.42,5.3,3,4,78.1,12.4,0.67,1
PERS_1454,Constable,Border Outpost (Thar),40,35.7,1,0.17,6.6,5,1,16.6,2.3,0.03,0
PERS_1455,Head Constable,Peace Station (HQ),11,46.7,2,0.47,7.2,4,3,11.1,5.2,0.03,0
PERS_1456,Constable,Border Outpost (Thar),10,53.0,3,0.54,4.9,4,6,44.3,6.9,0.12,1
PERS_1457,Head Constable,High Altitude (Ladakh/Sikkim),109,66.7,2,0.31,5.7,2,8,27.7,14.7,0.09,2
PERS_1458,Constable,Peace Station (HQ),66,64.4,1,0.05,5.8,3,5,35.5,10.0,0.2,1
PERS_1459,Constable,Border Outpost (Thar),13,48.6,1,0.33,5.1,4,1,11.7,7.6,0.68,0
PERS_1460,Constable,Border Outpost (Thar),54,41.0,2,0.08,5.8,4,2,39.6,8.0,0.3,0
PERS_1461,Head Constable,Peace Station (HQ),25,31.2,1,0.13,7.1,5,1,31.6,1.7,0.02,0
PERS_1462,Head Constable,High Altitude (Ladakh/Sikkim),33,49.5,1,0.56,6.9,5,2,33.8,4.6,0.15,0
PERS_1463,Head Constable,Border Outpost (Thar),68,51.9,3,0.27,5.3,4,6,63.1,10.2,0.0,1
PERS_1464,Inspector,Dense Forest (Bastar),38,43.8,1,0.36,7.3,5,2,33.1,6.0,0.14,0
PERS_1465,Constable,Peace Station (HQ),26,59.5,1,0.16,5.7,4,2,25.5,8.5,0.04,0
PERS_1466,Constable,Counter-Insurgency (J&K),105,47.0,0,0.33,7.5,3,4,7.2,6.0,0.01,0
PERS_1467,ASI,Counter-Insurgency (J&K),22,43.6,2,0.05,5.7,4,2,25.4,9.8,0.01,0
PERS_1468,Constable,High Altitude (Ladakh/Sikkim),55,65.2,1,0.18,5.2,3,6,20.8,11.8,0.09,1
PERS_1469,Inspector,Dense Forest (Bastar),34,43.7,1,0.63,7.0,5,3,10.9,3.6,0.14,0
PERS_1470,Constable,Border Outpost (Thar),52,56.4,1,0.07,5.9,4,3,40.8,6.8,0.09,1
PERS_1471,Inspector,Counter-Insurgency (J&K),63,54.2,3,0.11,5.3,3,6,43.5,9.2,0.01,1
PERS_1472,Constable,High Altitude (Ladakh/Sikkim),98,60.2,2,0.74,5.4,3,8,41.4,13.0,0.02,2
PERS_1473,Sub-Inspector,Dense Forest (Bastar),14,58.2,1,0.35,6.4,4,2,39.5,4.9,0.05,0
PERS_1474,Head Constable,Dense Forest (Bastar),110,62.3,3,0.2,4.8,2,9,30.5,13.7,0.07,2
PERS_1475,Inspector,High Altitude (Ladakh/Sikkim),41,38.2,1,0.27,7.1,4,2,51.5,4.9,0.15,0
PERS_1476,Constable,High Altitude (Ladakh/Sikkim),51,40.9,1,0.05,7.2,5,1,15.4,2.7,0.05,0
PERS_1477,Head Constable,Border Outpost (Thar),34,54.3,2,0.29,6.1,3,5,18.3,10.3,0.09,1
PERS_1478,Inspector,High Altitude (Ladakh/Sikkim),39,42.7,2,0.22,6.5,4,2,34.5,2.7,0.13,0
PERS_1479,Head Constable,Border Outpost (Thar),56,63.2,0,0.8,5.4,3,4,88.8,9.4,0.78,1
PERS_1480,Head Constable,Border Outpost (Thar),9,52.0,3,0.61,5.9,5,4,19.4,7.8,0.04,0
PERS_1481,Head Constable,Peace Station (HQ),52,36.0,2,0.18,7.2,4,1,35.1,4.7,0.04,0
PERS_1482,Head Constable,Dense Forest (Bastar),39,70.8,4,0.46,3.7,2,9,44.8,15.8,0.02,2
PERS_1483,Head Constable,Dense Forest (Bastar),74,51.7,2,0.09,6.2,3,3,14.3,8.4,0.09,1
PERS_1484,Head Constable,Dense Forest (Bastar),22,48.1,4,0.3,6.4,5,2,14.1,8.7,0.11,1
PERS_1485,Sub-Inspector,Peace Station (HQ),68,59.0,2,0.13,5.3,2,5,11.2,9.6,0.16,2
PERS_1486,Constable,Border Outpost (Thar),11,48.2,1,0.2,6.5,5,1,95.3,4.6,0.13,0
PERS_1487,Constable,Border Outpost (Thar),33,60.9,2,0.24,5.5,3,5,57.7,9.5,0.1,1
PERS_1488,Inspector,High Altitude (Ladakh/Sikkim),37,41.5,3,0.06,7.8,4,1,23.9,2.6,0.06,0
PERS_1489,Sub-Inspector,Peace Station (HQ),48,64.3,3,0.2,4.8,3,7,35.2,12.0,0.14,2
PERS_1490,Head Constable,High Altitude (Ladakh/Sikkim),59,60.7,1,0.77,5.4,4,6,34.2,8.5,0.12,2
PERS_1491,Head Constable,Peace Station (HQ),29,43.2,2,0.1,5.6,5,2,27.6,7.0,0.03,0
PERS_1492,Constable,High Altitude (Ladakh/Sikkim),19,52.4,3,0.14,5.2,4,3,17.8,10.0,0.64,1
PERS_1493,Constable,Counter-Insurgency (J&K),41,64.2,3,0.22,4.7,3,4,20.2,14.4,0.61,1
PERS_1494,Head Constable,Dense Forest (Bastar),66,59.8,0,0.11,6.7,3,2,65.2,9.7,0.23,0
PERS_1495,Constable,Dense Forest (Bastar),96,59.1,2,0.4,5.5,3,6,26.2,9.3,0.1,2
PERS_1496,Head Constable,Border Outpost (Thar),65,60.7,2,0.4,5.4,4,6,38.9,12.9,0.14,1
PERS_1497,Constable,Counter-Insurgency (J&K),49,60.0,0,0.59,6.4,3,3,76.0,3.2,0.09,1
PERS_1498,Inspector,Dense Forest (Bastar),55,48.4,3,0.3,5.7,3,6,38.6,8.9,0.1,1
PERS_1499,Inspector,Border Outpost (Thar),32,52.8,2,0.4,6.6,3,3,51.7,7.5,0.06,0
PERS_1500,Head Constable,Counter-Insurgency (J&K),24,58.9,2,0.23,4.9,4,6,30.1,10.5,0.11,1
PERS_1501,Head Constable,Dense Forest (Bastar),75,56.8,3,0.22,6.3,3,5,42.8,10.0,0.01,1
PERS_1502,Constable,High Altitude (Ladakh/Sikkim),112,52.0,1,0.31,7.1,2,5,18.0,8.3,0.03,1
PERS_1503,ASI,Peace Station (HQ),69,57.7,3,0.01,5.7,2,6,37.1,10.7,0.01,1
PERS_1504,Head Constable,Counter-Insurgency (J&K),63,50.4,2,0.31,5.5,3,4,49.4,10.9,0.19,1
PERS_1505,Constable,Border Outpost (Thar),24,56.2,3,0.4,5.1,4,6,14.9,10.0,0.03,1
PERS_1506,Sub-Inspector,Counter-Insurgency (J&K),43,66.6,2,0.07,4.6,1,4,6.7,13.6,0.72,1
PERS_1507,ASI,Border Outpost (Thar),16,56.4,0,0.44,6.0,3,2,30.1,4.4,0.23,0
PERS_1508,Sub-Inspector,Counter-Insurgency (J&K),13,41.1,2,0.22,6.4,5,1,25.8,6.6,0.08,0
PERS_1509,Head Constable,Border Outpost (Thar),36,54.6,1,0.04,6.1,4,3,18.2,5.6,0.03,0
PERS_1510,Head Constable,Dense Forest (Bastar),52,27.4,1,0.12,7.6,5,1,57.3,2.7,0.05,0
PERS_1511,Constable,High Altitude (Ladakh/Sikkim),45,51.5,2,0.29,5.9,3,4,67.4,8.1,0.22,1
PERS_1512,Sub-Inspector,Dense Forest (Bastar),8,58.2,2,0.39,6.0,4,4,21.4,8.5,0.03,1
PERS_1513,ASI,High Altitude (Ladakh/Sikkim),13,53.3,2,0.08,6.3,4,3,31.7,10.7,0.03,0
PERS_1514,Constable,Dense Forest (Bastar),28,51.9,2,0.41,6.1,4,4,25.5,6.6,0.04,1
PERS_1515,Constable,Dense Forest (Bastar),117,81.0,3,0.37,3.6,1,10,33.6,18.0,0.05,2
PERS_1516,Constable,Counter-Insurgency (J&K),52,36.2,2,0.35,6.6,5,2,41.1,5.3,0.2,0
PERS_1517,ASI,Peace Station (HQ),8,34.0,3,0.31,6.7,5,1,15.2,7.1,0.05,0
PERS_1518,Inspector,Border Outpost (Thar),52,58.0,1,0.49,6.6,3,4,58.5,10.3,0.01,0
PERS_1519,Constable,Border Outpost (Thar),64,63.4,3,0.23,5.5,2,7,50.9,14.2,0.0,2
PERS_1520,Head Constable,Border Outpost (Thar),15,58.9,1,0.42,5.2,4,4,25.4,8.5,0.64,0
PERS_1521,Constable,High Altitude (Ladakh/Sikkim),20,44.3,2,0.12,6.3,4,1,31.9,3.4,0.17,0
PERS_1522,Inspector,Border Outpost (Thar),116,51.2,2,0.1,5.4,1,7,39.5,10.2,0.12,2
PERS_1523,ASI,Border Outpost (Thar),17,39.8,2,0.39,5.7,5,1,31.1,2.4,0.08,0
PERS_1524,ASI,Counter-Insurgency (J&K),34,54.6,1,0.45,6.9,5,4,67.7,4.5,0.11,0
PERS_1525,Head Constable,Dense Forest (Bastar),54,43.6,1,0.61,7.6,5,2,14.4,3.5,0.17,0
PERS_1526,Constable,Border Outpost (Thar),69,66.0,0,0.32,5.8,2,5,48.0,10.2,0.1,1
PERS_1527,Constable,Peace Station (HQ),52,53.0,2,0.79,5.5,3,5,29.1,7.0,0.05,1
PERS_1528,Constable,Border Outpost (Thar),32,44.2,1,0.28,6.6,5,2,24.6,2.8,0.09,0
PERS_1529,ASI,High Altitude (Ladakh/Sikkim),37,44.7,1,0.11,5.7,4,2,31.1,1.3,0.06,0
PERS_1530,ASI,High Altitude (Ladakh/Sikkim),80,40.7,1,0.73,7.7,5,5,44.0,6.8,0.05,0
PERS_1531,Inspector,High Altitude (Ladakh/Sikkim),7,40.8,0,0.51,7.2,5,1,21.5,1.7,0.0,0
PERS_1532,Inspector,Border Outpost (Thar),18,44.3,3,0.31,5.8,5,2,16.8,8.6,0.0,0
PERS_1533,Head Constable,Counter-Insurgency (J&K),6,52.7,2,0.32,6.0,4,2,74.0,7.8,0.12,0
PERS_1534,ASI,Peace Station (HQ),52,52.2,3,0.15,4.2,3,7,11.2,9.6,0.02,1
PERS_1535,Sub-Inspector,Border Outpost (Thar),51,44.5,2,0.05,6.3,3,2,33.8,7.0,0.12,1
PERS_1536,ASI,Counter-Insurgency (J&K),40,39.7,3,0.22,6.2,5,1,17.5,8.0,0.04,0
PERS_1537,Constable,Counter-Insurgency (J&K),35,49.1,2,0.09,5.7,4,3,58.3,6.3,0.08,0
PERS_1538,Head Constable,Border Outpost (Thar),36,31.1,2,0.24,8.4,5,1,79.7,3.1,0.12,0
PERS_1539,Constable,Border Outpost (Thar),74,52.2,2,0.29,5.1,3,5,28.0,9.1,0.03,1
PERS_1540,Inspector,Counter-Insurgency (J&K),20,61.2,1,0.39,6.1,4,2,27.4,8.9,0.14,1
PERS_1541,Head Constable,Counter-Insurgency (J&K),31,49.1,2,0.44,5.4,5,4,24.5,7.3,0.6,1
PERS_1542,Constable,Counter-Insurgency (J&K),115,61.1,3,0.09,5.0,1,9,37.1,15.8,0.0,2
PERS_1543,Head Constable,Border Outpost (Thar),72,55.6,3,0.44,4.6,3,8,12.3,14.4,0.05,2
PERS_1544,Head Constable,Counter-Insurgency (J&K),19,36.0,2,0.3,7.4,5,2,15.3,4.8,0.15,0
PERS_1545,Constable,High Altitude (Ladakh/Sikkim),28,68.4,4,0.08,4.2,3,7,64.8,17.2,0.05,2
PERS_1546,Constable,Border Outpost (Thar),13,45.2,4,0.16,4.4,3,5,12.8,10.6,0.05,1
PERS_1547,Head Constable,High Altitude (Ladakh/Sikkim),31,51.1,2,0.15,6.0,3,4,34.2,5.5,0.09,0
PERS_1548,Head Constable,Dense Forest (Bastar),25,43.9,3,0.31,5.6,4,2,34.3,6.3,0.18,1
PERS_1549,ASI,Border Outpost (Thar),46,64.0,0,0.22,6.0,3,4,54.9,11.2,0.24,2
PERS_1550,Head Constable,Dense Forest (Bastar),65,39.9,0,0.27,6.5,5,2,40.6,2.3,0.07,0
PERS_1551,ASI,Counter-Insurgency (J&K),18,62.8,0,0.23,7.0,4,2,31.4,6.1,0.26,0
PERS_1552,Head Constable,Counter-Insurgency (J&K),33,48.3,3,0.07,5.1,3,3,40.7,5.8,0.69,0
PERS_1553,Head Constable,Peace Station (HQ),77,50.4,0,0.51,6.7,2,3,52.1,5.3,0.07,1
PERS_1554,Sub-Inspector,Counter-Insurgency (J&K),85,50.2,0,0.27,6.4,2,3,27.6,8.2,0.02,1
PERS_1555,Constable,Dense Forest (Bastar),65,72.6,1,0.17,4.9,1,5,6.8,13.1,0.04,2
PERS_1556,Constable,Counter-Insurgency (J&K),52,37.2,1,0.21,7.2,4,1,32.1,3.6,0.07,0
PERS_1557,Constable,Border Outpost (Thar),66,49.3,2,0.34,6.0,4,4,110.4,5.8,0.03,1
PERS_1558,ASI,Counter-Insurgency (J&K),14,36.5,0,0.33,8.6,5,1,33.8,1.4,0.02,0
PERS_1559,Head Constable,Peace Station (HQ),39,33.8,2,0.42,6.9,4,1,57.6,5.4,0.08,0
PERS_1560,Head Constable,Counter-Insurgency (J&K),18,62.9,1,0.42,6.6,4,1,9.7,7.9,0.08,1
PERS_1561,Constable,Dense Forest (Bastar),21,49.8,1,0.03,5.6,4,2,34.9,6.6,0.04,1
PERS_1562,Constable,Dense Forest (Bastar),27,39.1,3,0.12,6.9,5,2,59.4,5.0,0.02,0
PERS_1563,Constable,Counter-Insurgency (J&K),134,69.7,4,0.3,4.5,1,10,48.9,16.9,0.25,2
PERS_1564,Constable,Dense Forest (Bastar),7,44.7,2,0.61,7.0,5,2,29.3,2.9,0.05,0
PERS_1565,Head Constable,Dense Forest (Bastar),14,42.9,1,0.12,8.2,5,1,23.4,4.5,0.11,0
PERS_1566,Constable,Peace Station (HQ),23,56.1,3,0.32,3.7,3,5,31.7,12.2,0.11,2
PERS_1567,Constable,Border Outpost (Thar),122,56.0,2,0.15,4.4,1,9,38.3,12.3,0.09,2
PERS_1568,Sub-Inspector,Peace Station (HQ),18,40.2,2,0.32,6.6,5,2,19.0,3.9,0.08,0
PERS_1569,Constable,High Altitude (Ladakh/Sikkim),7,55.7,1,0.13,4.9,4,3,14.0,9.4,0.7,0
PERS_1570,Head Constable,Peace Station (HQ),40,50.6,1,0.46,5.2,4,3,47.0,8.3,0.6,1
PERS_1571,ASI,Counter-Insurgency (J&K),8,56.3,2,0.36,5.5,4,4,45.6,9.4,0.01,1
PERS_1572,Constable,Border Outpost (Thar),16,45.6,2,0.38,6.0,4,4,58.7,7.4,0.13,1
PERS_1573,Head Constable,Counter-Insurgency (J&K),39,62.1,2,0.25,4.2,2,6,51.7,11.8,0.03,2
PERS_1574,ASI,High Altitude (Ladakh/Sikkim),54,53.5,1,0.03,5.9,4,2,45.4,7.0,0.02,0
PERS_1575,Sub-Inspector,Border Outpost (Thar),33,61.9,3,0.25,5.3,3,5,19.9,7.6,0.01,1
PERS_1576,Constable,Dense Forest (Bastar),15,59.8,1,0.31,6.1,3,4,50.4,5.7,0.08,1
PERS_1577,Sub-Inspector,Peace Station (HQ),61,66.5,2,0.14,5.5,3,7,31.0,8.5,0.02,2
PERS_1578,Head Constable,Counter-Insurgency (J&K),23,51.0,1,0.21,6.1,2,1,15.2,6.5,0.0,1
PERS_1579,Constable,High Altitude (Ladakh/Sikkim),20,53.8,2,0.47,6.5,4,3,56.0,8.6,0.12,0
PERS_1580,Head Constable,Dense Forest (Bastar),50,50.7,1,0.34,7.5,5,3,28.7,5.9,0.0,0
PERS_1581,Inspector,Peace Station (HQ),44,43.4,2,0.05,6.5,5,1,5.0,4.0,0.05,0
PERS_1582,Head Constable,Dense Forest (Bastar),76,75.6,1,0.03,4.6,2,7,26.5,12.4,0.16,2
PERS_1583,Constable,Peace Station (HQ),27,43.2,2,0.42,6.4,4,1,19.8,6.2,0.08,0
PERS_1584,Head Constable,Border Outpost (Thar),38,60.8,1,0.23,5.1,3,5,25.9,7.7,0.25,1
PERS_1585,Constable,Dense Forest (Bastar),109,66.2,4,0.08,3.9,1,10,21.8,16.4,0.08,2
PERS_1586,Constable,Dense Forest (Bastar),42,54.0,4,0.08,5.2,3,5,22.1,11.4,0.0,1
PERS_1587,Constable,Dense Forest (Bastar),26,49.1,2,0.22,6.3,3,3,41.2,7.4,0.23,1
PERS_1588,Constable,Border Outpost (Thar),38,50.3,4,0.33,5.4,4,6,27.7,8.4,0.03,1
PERS_1589,Constable,High Altitude (Ladakh/Sikkim),41,45.5,0,0.15,6.2,5,1,14.5,6.4,0.06,0
PERS_1590,Constable,Peace Station (HQ),28,51.7,4,0.18,5.4,4,4,44.6,10.7,0.83,1
PERS_1591,Head Constable,Dense Forest (Bastar),43,40.5,0,0.15,7.1,5,1,44.0,2.3,0.02,0
PERS_1592,Constable,Border Outpost (Thar),7,56.2,1,0.21,5.9,4,1,54.6,6.5,0.05,0
PERS_1593,Constable,High Altitude (Ladakh/Sikkim),71,52.8,1,0.15,5.8,3,4,22.7,10.6,0.06,1
PERS_1594,Sub-Inspector,Peace Station (HQ),15,39.9,4,0.05,6.6,5,2,58.1,5.8,0.06,0
PERS_1595,Head Constable,Border Outpost (Thar),43,39.5,2,0.16,5.8,4,2,33.7,4.8,0.01,0
PERS_1596,Head Constable,Peace Station (HQ),24,49.1,2,0.12,6.0,4,2,54.4,6.9,0.33,0
PERS_1597,Constable,Dense Forest (Bastar),66,53.6,5,0.27,3.6,3,9,69.8,11.9,0.14,2
PERS_1598,Constable,High Altitude (Ladakh/Sikkim),17,44.5,2,0.36,6.9,4,1,18.5,8.0,0.01,0
PERS_1599,Constable,Border Outpost (Thar),109,63.9,2,0.04,5.2,2,8,22.7,10.9,0.05,2
PERS_1600,Constable,High Altitude (Ladakh/Sikkim),28,54.3,0,0.14,6.0,4,2,28.5,6.7,0.06,1
PERS_1601,Constable,Dense Forest (Bastar),14,50.0,3,0.41,5.6,4,4,38.5,8.4,0.08,1
PERS_1602,Constable,High Altitude (Ladakh/Sikkim),21,40.8,4,0.41,5.2,4,5,17.8,8.0,0.04,1
PERS_1603,Constable,High Altitude (Ladakh/Sikkim),41,44.7,4,0.24,5.9,4,5,40.4,9.5,0.14,1
PERS_1604,Constable,Counter-Insurgency (J&K),24,36.4,1,0.08,8.5,5,1,38.2,0.5,0.1,0
PERS_1605,Head Constable,High Altitude (Ladakh/Sikkim),63,52.4,1,0.3,5.5,4,4,18.2,8.8,0.08,0
PERS_1606,Constable,Peace Station (HQ),25,56.1,1,0.24,6.9,5,2,26.1,4.9,0.05,0
PERS_1607,Constable,Border Outpost (Thar),68,42.7,1,0.03,7.6,4,1,52.7,3.3,0.1,0
PERS_1608,Head Constable,Counter-Insurgency (J&K),10,43.4,1,0.11,6.6,5,1,74.4,2.0,0.06,0
PERS_1609,Head Constable,Border Outpost (Thar),81,55.6,2,0.15,6.1,4,5,37.0,9.1,0.08,1
PERS_1610,Constable,Border Outpost (Thar),22,55.8,3,0.67,5.3,5,6,39.5,9.8,0.01,2
PERS_1611,ASI,Dense Forest (Bastar),83,41.5,3,0.3,6.0,4,6,27.7,9.1,0.15,1
PERS_1612,Head Constable,Dense Forest (Bastar),34,73.6,0,0.11,5.2,2,4,22.2,9.3,0.63,1
PERS_1613,Constable,Counter-Insurgency (J&K),180,73.5,1,0.62,5.5,1,10,58.7,15.3,0.22,2
PERS_1614,Sub-Inspector,Dense Forest (Bastar),21,44.1,1,0.13,6.5,5,1,58.2,4.2,0.13,0
PERS_1615,Sub-Inspector,Dense Forest (Bastar),34,40.7,1,0.26,7.6,5,1,39.0,3.9,0.0,0
PERS_1616,Constable,Dense Forest (Bastar),97,60.5,1,0.55,5.3,3,7,26.1,9.4,0.08,2
PERS_1617,Constable,Border Outpost (Thar),80,60.7,1,0.35,7.1,3,5,45.5,9.3,0.05,1
PERS_1618,ASI,Counter-Insurgency (J&K),60,44.1,4,0.29,4.8,2,7,13.1,9.2,0.06,2
PERS_1619,Head Constable,Border Outpost (Thar),24,39.3,2,0.46,8.3,5,1,86.8,3.9,0.11,0
PERS_1620,Constable,Peace Station (HQ),42,43.3,2,0.27,6.2,4,3,46.4,5.6,0.05,0
PERS_1621,Constable,Border Outpost (Thar),25,51.1,2,0.13,6.4,5,2,16.8,8.2,0.22,0
PERS_1622,Constable,Peace Station (HQ),6,49.4,2,0.06,6.6,4,1,14.6,6.3,0.06,0
PERS_1623,Head Constable,High Altitude (Ladakh/Sikkim),32,72.8,2,0.77,4.7,3,8,30.1,14.1,0.01,2
PERS_1624,Head Constable,High Altitude (Ladakh/Sikkim),45,30.9,3,0.21,7.4,5,1,19.6,4.9,0.11,0
PERS_1625,Constable,Peace Station (HQ),32,44.5,2,0.51,6.0,4,2,29.8,6.1,0.04,0
PERS_1626,Head Constable,Peace Station (HQ),33,46.0,3,0.49,5.1,4,4,19.3,10.0,0.62,1
PERS_1627,Head Constable,Border Outpost (Thar),50,57.9,1,0.19,6.0,3,4,47.7,5.8,0.01,1
PERS_1628,Constable,Peace Station (HQ),68,60.1,1,0.32,6.3,4,5,87.0,8.7,0.02,1
PERS_1629,Constable,Counter-Insurgency (J&K),28,48.8,3,0.41,5.3,4,5,31.9,8.4,0.07,1
PERS_1630,Head Constable,High Altitude (Ladakh/Sikkim),21,65.2,1,0.3,5.7,3,4,10.5,9.2,0.11,1
PERS_1631,Sub-Inspector,High Altitude (Ladakh/Sikkim),88,45.6,2,0.72,5.5,3,8,31.2,7.1,0.14,1
PERS_1632,Head Constable,Peace Station (HQ),38,44.8,2,0.12,6.5,4,3,9.7,7.3,0.11,0
PERS_1633,Head Constable,Dense Forest (Bastar),28,37.6,1,0.41,6.9,5,2,53.4,5.3,0.03,0
PERS_1634,Constable,Dense Forest (Bastar),68,53.3,2,0.38,5.9,3,5,73.1,8.8,0.06,1
PERS_1635,Constable,Peace Station (HQ),11,45.8,3,0.17,5.9,5,1,39.9,6.5,0.05,0
PERS_1636,Head Constable,Counter-Insurgency (J&K),66,62.5,3,0.3,4.2,2,7,18.5,13.6,0.03,2
PERS_1637,Constable,Dense Forest (Bastar),102,76.7,2,0.78,4.5,1,10,14.4,13.9,0.03,2
PERS_1638,Constable,Peace Station (HQ),15,64.4,2,0.6,4.8,4,7,45.8,9.5,0.05,1
PERS_1639,Constable,Counter-Insurgency (J&K),26,38.4,3,0.18,6.8,5,1,52.4,4.8,0.08,0
PERS_1640,Constable,Counter-Insurgency (J&K),41,52.6,2,0.35,6.4,4,3,53.2,6.9,0.03,0
PERS_1641,Constable,Border Outpost (Thar),57,61.4,1,0.23,5.9,2,5,14.7,8.6,0.05,2
PERS_1642,Constable,Counter-Insurgency (J&K),41,58.8,1,0.17,6.0,4,2,13.3,9.0,0.09,1
PERS_1643,Constable,Dense Forest (Bastar),45,75.6,1,0.5,5.4,2,7,39.8,11.1,0.11,2
PERS_1644,Constable,Dense Forest (Bastar),12,47.0,0,0.24,7.6,5,1,26.1,2.6,0.04,0
PERS_1645,Sub-Inspector,Peace Station (HQ),55,54.3,0,0.39,7.6,4,3,20.9,3.9,0.01,0
PERS_1646,Head Constable,Peace Station (HQ),127,83.1,4,0.37,3.0,1,10,10.5,18.0,0.09,2
PERS_1647,Head Constable,Counter-Insurgency (J&K),21,54.3,2,0.24,5.0,3,5,38.7,7.1,0.19,1
PERS_1648,ASI,High Altitude (Ladakh/Sikkim),59,47.9,3,0.31,6.3,4,4,67.0,9.4,0.02,1
PERS_1649,Head Constable,Border Outpost (Thar),59,44.2,2,0.84,7.3,4,7,5.6,6.4,0.14,1
PERS_1650,Constable,High Altitude (Ladakh/Sikkim),52,55.3,1,0.51,6.2,3,5,60.3,4.0,0.2,1
PERS_1651,Head Constable,Counter-Insurgency (J&K),82,66.9,0,0.05,5.9,3,5,33.1,8.0,0.14,1
PERS_1652,Head Constable,Counter-Insurgency (J&K),66,65.1,4,0.34,5.2,1,9,33.8,14.4,0.13,2
PERS_1653,Head Constable,High Altitude (Ladakh/Sikkim),46,43.9,0,0.3,6.6,4,3,26.0,3.5,0.03,0
PERS_1654,Constable,Border Outpost (Thar),31,52.1,2,0.53,5.7,3,4,27.8,7.8,0.1,1
PERS_1655,Constable,High Altitude (Ladakh/Sikkim),18,45.3,0,0.39,6.8,4,1,21.9,2.5,0.15,0
PERS_1656,Constable,Peace Station (HQ),28,49.3,1,0.45,6.5,4,3,41.3,4.2,0.17,1
PERS_1657,Constable,Dense Forest (Bastar),55,62.6,1,0.34,6.3,3,5,31.5,12.4,0.18,1
PERS_1658,Head Constable,Peace Station (HQ),42,51.7,2,0.02,5.2,4,4,69.0,9.3,0.6,1
PERS_1659,Head Constable,Dense Forest (Bastar),10,55.5,3,0.27,5.8,4,2,12.6,10.3,0.01,0
PERS_1660,Constable,Counter-Insurgency (J&K),61,60.9,2,0.17,4.8,3,5,5.0,9.1,0.07,1
PERS_1661,Inspector,Border Outpost (Thar),17,43.6,2,0.24,6.6,4,2,24.2,5.0,0.06,0
PERS_1662,Head Constable,High Altitude (Ladakh/Sikkim),19,62.2,3,0.08,3.4,3,7,16.6,12.8,0.12,2
PERS_1663,Constable,Border Outpost (Thar),32,40.2,2,0.36,5.4,4,3,23.4,4.5,0.75,1
PERS_1664,Constable,High Altitude (Ladakh/Sikkim),14,36.8,3,0.19,6.3,4,2,43.9,5.3,0.06,0
PERS_1665,Constable,Peace Station (HQ),39,47.1,1,0.24,7.4,4,1,28.1,6.1,0.07,0
PERS_1666,Constable,Peace Station (HQ),30,41.2,3,0.05,6.7,5,2,72.5,6.2,0.22,0
PERS_1667,Constable,High Altitude (Ladakh/Sikkim),36,57.7,2,0.26,4.6,3,4,23.1,10.1,0.65,1
PERS_1668,Constable,Border Outpost (Thar),24,76.0,1,0.24,5.6,3,4,20.1,12.4,0.04,1
PERS_1669,Constable,High Altitude (Ladakh/Sikkim),17,61.0,0,0.34,6.6,4,2,43.3,5.5,0.04,0
PERS_1670,Constable,Counter-Insurgency (J&K),58,45.6,1,0.11,7.0,4,2,22.6,6.7,0.05,0
PERS_1671,Sub-Inspector,Peace Station (HQ),38,41.8,1,0.23,8.3,4,1,14.1,2.5,0.15,0
PERS_1672,Constable,Counter-Insurgency (J&K),5,58.3,3,0.05,4.7,3,3,19.0,8.1,0.6,1
PERS_1673,Head Constable,Peace Station (HQ),20,38.2,2,0.13,7.3,5,2,18.7,4.6,0.24,0
PERS_1674,Constable,Peace Station (HQ),65,44.7,4,0.14,5.4,3,6,48.2,11.2,0.04,1
PERS_1675,Inspector,Dense Forest (Bastar),20,53.7,2,0.74,6.8,3,3,32.1,4.6,0.26,1
PERS_1676,Constable,Counter-Insurgency (J&K),45,47.1,2,0.09,6.4,4,2,59.5,5.0,0.05,0
PERS_1677,Constable,Counter-Insurgency (J&K),15,50.7,1,0.12,6.1,5,1,23.2,4.1,0.04,0
PERS_1678,Inspector,Dense Forest (Bastar),41,48.8,2,0.28,5.7,3,3,33.5,5.5,0.05,1
PERS_1679,ASI,Border Outpost (Thar),97,57.4,2,0.47,5.7,1,6,58.8,11.4,0.1,2
PERS_1680,ASI,Counter-Insurgency (J&K),62,62.9,3,0.3,4.3,3,8,16.9,13.5,0.08,2
PERS_1681,Constable,High Altitude (Ladakh/Sikkim),32,57.4,2,0.12,3.8,3,5,40.9,9.6,0.0,2
PERS_1682,Constable,Dense Forest (Bastar),100,67.2,2,0.18,5.8,3,7,22.2,10.4,0.19,2
PERS_1683,Head Constable,Counter-Insurgency (J&K),22,56.6,1,0.38,6.7,4,3,50.7,5.8,0.0,0
PERS_1684,Sub-Inspector,Border Outpost (Thar),40,59.1,2,0.23,5.5,3,5,23.1,10.7,0.06,2
PERS_1685,Head Constable,Counter-Insurgency (J&K),47,52.7,3,0.1,5.8,3,5,39.1,11.2,0.13,1
PERS_1686,Head Constable,Peace Station (HQ),66,40.1,2,0.28,7.1,5,4,6.4,2.3,0.07,0
PERS_1687,Constable,High Altitude (Ladakh/Sikkim),28,49.7,0,0.78,6.9,5,1,12.7,2.1,0.08,0
PERS_1688,ASI,Dense Forest (Bastar),51,56.3,1,0.23,5.0,3,4,16.4,10.1,0.61,1
PERS_1689,Constable,Peace Station (HQ),14,50.1,2,0.35,6.2,4,4,45.8,9.0,0.05,0
PERS_1690,Constable,Border Outpost (Thar),15,53.7,2,0.62,5.6,3,3,25.7,8.5,0.05,1
PERS_1691,Constable,Peace Station (HQ),44,73.0,1,0.27,6.3,3,5,5.1,8.5,0.18,1
PERS_1692,Head Constable,Peace Station (HQ),44,47.4,3,0.12,6.1,3,5,52.1,6.7,0.11,1
PERS_1693,Constable,Border Outpost (Thar),76,51.6,1,0.29,6.8,3,2,43.1,7.0,0.04,0
PERS_1694,Constable,Peace Station (HQ),45,64.6,0,0.43,6.9,3,5,75.4,6.7,0.02,1
PERS_1695,Head Constable,Dense Forest (Bastar),25,51.7,3,0.38,5.5,4,5,12.2,8.7,0.1,1
PERS_1696,Constable,Counter-Insurgency (J&K),75,60.0,2,0.39,6.6,2,6,33.9,9.7,0.28,1
PERS_1697,Head Constable,Peace Station (HQ),81,50.2,3,0.17,4.9,3,8,36.9,11.6,0.16,2
PERS_1698,Constable,Dense Forest (Bastar),49,45.6,1,0.23,6.6,4,2,22.2,4.2,0.07,0
PERS_1699,Head Constable,Counter-Insurgency (J&K),26,38.5,0,0.23,8.4,5,1,11.9,1.3,0.03,0
PERS_1700,Head Constable,Counter-Insurgency (J&K),19,51.6,0,0.09,6.1,4,1,13.2,3.5,0.0,0
PERS_1701,Constable,Peace Station (HQ),36,41.8,0,0.16,7.2,5,1,41.4,2.1,0.0,0
PERS_1702,Constable,Dense Forest (Bastar),141,51.1,3,0.32,5.8,2,9,42.6,11.5,0.05,2
PERS_1703,Constable,Peace Station (HQ),8,55.4,1,0.3,6.4,5,1,24.5,6.1,0.22,0
PERS_1704,Constable,Border Outpost (Thar),143,56.0,5,0.47,3.9,1,10,70.1,14.3,0.05,2
PERS_1705,Inspector,Counter-Insurgency (J&K),34,39.4,2,0.28,7.5,5,1,21.8,2.4,0.01,0
PERS_1706,Constable,Peace Station (HQ),23,37.3,2,0.12,6.2,5,1,22.8,3.9,0.09,0
PERS_1707,ASI,Counter-Insurgency (J&K),7,57.8,4,0.19,4.8,4,6,53.7,12.8,0.19,2
PERS_1708,Constable,Dense Forest (Bastar),63,53.2,1,0.28,5.9,3,4,32.8,6.9,0.04,1
PERS_1709,Head Constable,High Altitude (Ladakh/Sikkim),39,47.9,1,0.11,5.5,4,1,31.9,2.8,0.2,0
PERS_1710,ASI,Peace Station (HQ),60,55.7,2,0.26,5.2,4,5,18.5,10.6,0.01,1
PERS_1711,Head Constable,Peace Station (HQ),4,49.2,1,0.65,6.3,4,1,46.6,5.2,0.13,1
PERS_1712,Head Constable,Counter-Insurgency (J&K),68,49.5,4,0.52,4.4,2,9,25.6,10.7,0.15,2
PERS_1713,Constable,Dense Forest (Bastar),26,47.3,4,0.36,6.0,3,5,80.2,8.9,0.15,1
PERS_1714,Constable,Border Outpost (Thar),5,55.8,3,0.23,5.3,4,4,58.5,11.1,0.64,1
PERS_1715,Sub-Inspector,Dense Forest (Bastar),29,59.1,3,0.67,5.2,1,6,26.3,10.3,0.03,2
PERS_1716,ASI,Peace Station (HQ),9,40.5,2,0.02,6.5,5,1,46.1,3.6,0.05,0
PERS_1717,Inspector,Border Outpost (Thar),20,62.8,2,0.2,5.2,4,6,109.3,8.9,0.0,1
PERS_1718,Constable,Dense Forest (Bastar),25,70.6,0,0.04,6.0,3,2,18.9,7.9,0.16,0
PERS_1719,Head Constable,High Altitude (Ladakh/Sikkim),14,46.5,2,0.01,5.9,5,2,58.0,5.0,0.04,0
PERS_1720,Sub-Inspector,Counter-Insurgency (J&K),36,48.4,1,0.21,5.2,3,5,35.6,6.6,0.0,1
PERS_1721,Constable,Dense Forest (Bastar),37,42.7,3,0.43,4.9,5,5,102.0,10.4,0.06,1
PERS_1722,Constable,Dense Forest (Bastar),74,48.7,4,0.43,5.4,3,8,38.9,10.2,0.03,2
PERS_1723,Head Constable,High Altitude (Ladakh/Sikkim),37,54.9,1,0.31,6.0,4,3,31.8,5.4,0.13,1
PERS_1724,Head Constable,Peace Station (HQ),134,84.6,0,0.21,6.4,1,9,28.1,11.8,0.3,2
PERS_1725,ASI,Counter-Insurgency (J&K),55,60.8,2,0.28,5.9,3,6,94.5,7.3,0.04,1
PERS_1726,Constable,Dense Forest (Bastar),18,46.5,3,0.42,6.0,5,4,41.6,6.3,0.15,1
PERS_1727,ASI,Border Outpost (Thar),14,45.2,3,0.29,4.9,3,5,51.7,6.7,0.08,1
PERS_1728,Constable,Dense Forest (Bastar),15,42.9,2,0.58,6.0,5,2,29.6,5.6,0.03,1
PERS_1729,Constable,Counter-Insurgency (J&K),74,66.0,3,0.27,5.2,2,8,37.7,15.7,0.21,2
PERS_1730,Constable,Dense Forest (Bastar),14,47.0,1,0.42,6.8,4,1,35.5,5.1,0.14,0
PERS_1731,ASI,High Altitude (Ladakh/Sikkim),43,56.8,2,0.61,5.0,3,5,14.5,10.6,0.18,2
PERS_1732,Head Constable,Dense Forest (Bastar),60,51.6,2,0.02,5.2,4,4,89.1,11.4,0.68,1
PERS_1733,Head Constable,Dense Forest (Bastar),38,73.0,1,0.09,5.4,2,5,38.5,8.6,0.02,1
PERS_1734,Constable,Border Outpost (Thar),62,48.9,1,0.23,6.1,4,2,11.8,8.3,0.03,0
PERS_1735,Sub-Inspector,High Altitude (Ladakh/Sikkim),29,43.9,3,0.82,5.6,4,7,99.1,9.2,0.1,1
PERS_1736,Constable,High Altitude (Ladakh/Sikkim),40,47.2,4,0.39,5.1,4,6,16.5,8.7,0.12,1
PERS_1737,ASI,Dense Forest (Bastar),33,55.5,2,0.3,6.5,4,4,17.4,8.7,0.05,0
PERS_1738,Constable,Border Outpost (Thar),41,66.4,3,0.17,4.4,2,7,17.0,10.5,0.1,2
PERS_1739,Constable,Dense Forest (Bastar),12,53.5,1,0.41,7.1,5,4,18.2,4.2,0.06,0
PERS_1740,Head Constable,Dense Forest (Bastar),103,65.4,4,0.16,3.9,1,10,24.8,18.0,0.09,2
PERS_1741,Constable,Counter-Insurgency (J&K),52,58.9,0,0.52,5.5,3,5,58.7,7.1,0.07,1
PERS_1742,Head Constable,Counter-Insurgency (J&K),65,37.8,2,0.11,6.6,5,3,22.7,4.6,0.12,1
PERS_1743,Head Constable,Border Outpost (Thar),24,50.2,1,0.37,6.4,4,1,42.2,4.1,0.06,0
PERS_1744,Constable,Peace Station (HQ),53,50.1,3,0.19,4.6,2,5,54.8,10.1,0.09,1
PERS_1745,Sub-Inspector,Counter-Insurgency (J&K),44,51.0,1,0.58,5.8,3,4,38.5,5.1,0.09,1
PERS_1746,Constable,Peace Station (HQ),9,40.7,0,0.24,7.8,5,1,82.4,-0.0,0.04,0
PERS_1747,Head Constable,High Altitude (Ladakh/Sikkim),8,57.5,1,0.41,5.7,3,4,46.4,9.1,0.02,1
PERS_1748,Sub-Inspector,Counter-Insurgency (J&K),12,49.7,0,0.17,7.4,5,1,12.5,1.7,0.23,0
PERS_1749,Head Constable,Counter-Insurgency (J&K),16,50.0,1,0.35,5.6,4,2,47.5,2.5,0.03,0
PERS_1750,Constable,Border Outpost (Thar),14,47.9,2,0.04,5.6,4,1,32.4,6.0,0.03,0
PERS_1751,Sub-Inspector,Peace Station (HQ),49,46.6,1,0.23,7.1,5,2,13.9,6.5,0.1,0
PERS_1752,Head Constable,Counter-Insurgency (J&K),62,36.4,1,0.19,7.3,5,1,26.2,1.8,0.03,0
PERS_1753,Constable,Counter-Insurgency (J&K),54,56.1,1,0.29,5.1,2,6,6.1,7.7,0.07,1
PERS_1754,Constable,Border Outpost (Thar),111,60.2,1,0.45,6.0,2,8,29.2,13.1,0.03,2
PERS_1755,ASI,Border Outpost (Thar),41,57.4,2,0.47,6.4,3,5,42.8,9.8,0.05,1
PERS_1756,Head Constable,Peace Station (HQ),33,52.0,2,0.19,5.8,4,3,45.4,6.8,0.21,1
PERS_1757,Head Constable,High Altitude (Ladakh/Sikkim),36,40.8,2,0.1,6.2,5,2,18.1,5.7,0.04,0
PERS_1758,Sub-Inspector,High Altitude (Ladakh/Sikkim),66,46.7,1,0.08,7.3,4,1,8.1,5.7,0.0,0
PERS_1759,ASI,Dense Forest (Bastar),19,63.3,2,0.36,4.9,3,6,37.0,7.9,0.01,1
PERS_1760,Constable,Counter-Insurgency (J&K),29,54.1,2,0.46,6.1,3,3,26.9,6.8,0.01,1
PERS_1761,Constable,Peace Station (HQ),97,65.7,1,0.59,5.3,3,9,51.5,12.1,0.06,2
PERS_1762,Constable,Counter-Insurgency (J&K),42,61.4,1,0.29,5.1,2,5,38.2,7.4,0.16,1
PERS_1763,Head Constable,Peace Station (HQ),55,43.7,1,0.17,6.5,4,2,38.7,5.0,0.04,0
PERS_1764,Constable,Peace Station (HQ),32,47.8,1,0.62,5.2,4,6,53.9,3.3,0.15,1
PERS_1765,Head Constable,Peace Station (HQ),20,56.8,1,0.39,6.5,4,3,8.8,8.5,0.04,1
PERS_1766,ASI,Counter-Insurgency (J&K),58,45.6,0,0.13,7.6,4,1,39.3,7.2,0.02,0
PERS_1767,Sub-Inspector,Border Outpost (Thar),25,46.4,2,0.19,6.4,4,2,5.0,6.4,0.04,0
PERS_1768,Constable,Counter-Insurgency (J&K),34,46.2,2,0.21,5.9,4,2,53.2,5.8,0.06,1
PERS_1769,ASI,Peace Station (HQ),36,44.2,3,0.4,6.4,3,3,79.0,3.4,0.08,1
PERS_1770,Constable,Dense Forest (Bastar),79,54.6,2,0.13,6.1,2,6,28.6,10.1,0.05,1
PERS_1771,ASI,High Altitude (Ladakh/Sikkim),19,45.0,2,0.39,6.8,5,1,35.1,6.5,0.09,0
PERS_1772,Constable,Peace Station (HQ),76,51.6,1,0.47,6.6,3,5,28.8,7.7,0.09,1
PERS_1773,Constable,Dense Forest (Bastar),21,52.8,1,0.63,6.1,4,3,14.3,8.0,0.0,1
PERS_1774,ASI,Border Outpost (Thar),22,60.2,2,0.41,5.3,3,4,12.5,9.9,0.74,1
PERS_1775,Constable,Peace Station (HQ),14,57.0,2,0.19,4.4,3,3,33.0,8.4,0.61,1
PERS_1776,Constable,Dense Forest (Bastar),53,55.1,2,0.05,5.0,4,4,28.4,6.9,0.63,1
PERS_1777,Head Constable,Peace Station (HQ),35,67.9,3,0.45,4.7,2,8,19.1,13.1,0.12,2
PERS_1778,Head Constable,Counter-Insurgency (J&K),32,57.8,1,0.25,6.9,5,2,30.0,4.9,0.01,0
PERS_1779,Head Constable,Dense Forest (Bastar),46,60.6,1,0.33,6.3,3,4,34.7,9.0,0.03,0
PERS_1780,Head Constable,Counter-Insurgency (J&K),40,50.4,2,0.13,5.8,4,3,87.3,10.0,0.06,1
PERS_1781,Head Constable,Counter-Insurgency (J&K),49,49.0,2,0.03,5.6,4,4,43.0,10.4,0.04,1
PERS_1782,Constable,Dense Forest (Bastar),49,56.7,1,0.04,6.5,4,4,70.8,4.7,0.0,0
PERS_1783,Constable,High Altitude (Ladakh/Sikkim),28,59.9,2,0.37,5.5,4,5,23.6,11.0,0.03,1
PERS_1784,Constable,Dense Forest (Bastar),27,52.4,1,0.23,5.8,4,5,16.6,7.4,0.13,0
PERS_1785,Sub-Inspector,High Altitude (Ladakh/Sikkim),50,46.7,2,0.26,6.3,3,4,22.7,7.1,0.08,1
PERS_1786,Head Constable,Peace Station (HQ),27,37.9,1,0.29,7.6,5,1,68.7,2.1,0.06,0
PERS_1787,Constable,Peace Station (HQ),42,36.4,2,0.4,5.9,5,3,60.9,2.8,0.17,0
PERS_1788,Head Constable,Dense Forest (Bastar),29,51.3,3,0.43,5.4,4,7,19.1,8.6,0.06,2
PERS_1789,Sub-Inspector,Peace Station (HQ),50,61.2,4,0.55,5.2,3,10,11.2,13.6,0.06,2
PERS_1790,Constable,Border Outpost (Thar),19,26.9,3,0.45,7.6,5,2,93.6,3.1,0.09,0
PERS_1791,Head Constable,Counter-Insurgency (J&K),78,49.7,2,0.14,6.0,3,3,33.8,7.8,0.16,1
PERS_1792,Head Constable,Counter-Insurgency (J&K),38,44.1,2,0.26,5.8,4,4,28.6,7.2,0.0,1
PERS_1793,Head Constable,High Altitude (Ladakh/Sikkim),7,52.5,2,0.33,5.0,3,3,85.2,10.2,0.71,0
PERS_1794,Constable,Peace Station (HQ),20,43.3,0,0.06,7.8,5,1,10.5,3.6,0.02,0
PERS_1795,Sub-Inspector,High Altitude (Ladakh/Sikkim),66,42.3,1,0.52,6.6,4,4,5.0,5.0,0.05,1
PERS_1796,Sub-Inspector,Counter-Insurgency (J&K),96,51.5,0,0.4,7.2,2,4,20.6,5.6,0.06,1
PERS_1797,Head Constable,Counter-Insurgency (J&K),38,44.1,2,0.44,7.0,4,3,55.2,5.2,0.04,0
PERS_1798,Head Constable,Peace Station (HQ),67,54.8,1,0.08,5.7,3,3,35.7,6.9,0.01,1
PERS_1799,Sub-Inspector,Border Outpost (Thar),14,47.3,0,0.1,6.9,5,1,28.7,4.6,0.01,0
PERS_1800,Head Constable,Border Outpost (Thar),31,55.5,2,0.34,6.4,4,2,37.7,8.8,0.0,1
PERS_1801,Constable,Peace Station (HQ),1,48.0,2,0.2,6.0,4,2,23.7,4.8,0.05,0
PERS_1802,Head Constable,Peace Station (HQ),16,59.7,2,0.18,5.8,4,4,22.8,10.0,0.05,0
PERS_1803,Head Constable,High Altitude (Ladakh/Sikkim),12,44.7,2,0.03,6.1,4,1,51.3,6.9,0.03,0
PERS_1804,Constable,Peace Station (HQ),48,59.0,1,0.69,5.2,4,7,36.2,10.1,0.02,1
PERS_1805,Head Constable,Border Outpost (Thar),33,54.5,0,0.18,6.9,3,1,24.6,5.9,0.11,1
PERS_1806,Sub-Inspector,Peace Station (HQ),6,45.6,3,0.57,6.7,5,3,26.8,3.8,0.09,0
PERS_1807,Sub-Inspector,High Altitude (Ladakh/Sikkim),16,56.5,1,0.04,6.3,4,1,34.5,8.3,0.05,0
PERS_1808,Head Constable,High Altitude (Ladakh/Sikkim),56,45.6,2,0.25,6.6,4,2,5.0,3.7,0.0,1
PERS_1809,Constable,High Altitude (Ladakh/Sikkim),17,62.1,2,0.41,5.7,3,5,56.0,7.8,0.05,1
PERS_1810,Inspector,High Altitude (Ladakh/Sikkim),71,47.3,3,0.06,6.7,4,4,7.1,9.7,0.04,1
PERS_1811,ASI,Dense Forest (Bastar),87,43.3,2,0.27,6.2,5,6,14.6,8.4,0.02,0
PERS_1812,Constable,Peace Station (HQ),42,38.0,2,0.18,5.4,4,3,9.3,5.6,0.63,1
PERS_1813,Sub-Inspector,Counter-Insurgency (J&K),56,54.5,1,0.29,6.9,4,4,36.2,6.0,0.11,0
PERS_1814,ASI,Peace Station (HQ),26,45.0,4,0.5,4.5,4,6,25.4,11.2,0.2,1
PERS_1815,Head Constable,Dense Forest (Bastar),20,51.8,2,0.51,5.6,4,3,60.8,8.7,0.06,1
PERS_1816,Head Constable,High Altitude (Ladakh/Sikkim),16,38.6,0,0.43,7.1,5,1,23.2,1.2,0.01,0
PERS_1817,Constable,Dense Forest (Bastar),12,54.1,2,0.26,5.3,5,3,5.0,4.4,0.66,0
PERS_1818,Constable,Border Outpost (Thar),43,54.1,1,0.14,6.8,3,3,20.2,5.4,0.03,0
PERS_1819,Constable,Border Outpost (Thar),53,48.7,0,0.43,7.4,4,2,75.2,4.2,0.28,0
PERS_1820,ASI,Peace Station (HQ),68,61.0,2,0.16,4.8,2,8,16.2,13.8,0.35,2
PERS_1821,Constable,Peace Station (HQ),81,61.9,3,0.35,5.6,3,7,20.8,13.7,0.05,2
PERS_1822,Constable,Counter-Insurgency (J&K),41,53.0,2,0.36,5.7,4,5,54.4,7.2,0.04,1
PERS_1823,Constable,Counter-Insurgency (J&K),128,69.7,2,0.47,5.9,1,9,46.5,14.7,0.1,2
PERS_1824,Head Constable,Border Outpost (Thar),40,63.1,2,0.11,5.0,3,6,35.6,11.7,0.01,1
PERS_1825,Sub-Inspector,High Altitude (Ladakh/Sikkim),55,45.6,2,0.08,6.0,4,3,39.4,6.4,0.01,1
PERS_1826,Constable,Dense Forest (Bastar),6,59.9,1,0.75,5.6,4,3,96.0,9.6,0.16,1
PERS_1827,Constable,Counter-Insurgency (J&K),84,47.4,1,0.31,6.1,4,4,41.3,5.5,0.05,0
PERS_1828,Head Constable,Counter-Insurgency (J&K),84,64.1,0,0.17,6.4,2,5,55.0,9.2,0.16,1
PERS_1829,Head Constable,High Altitude (Ladakh/Sikkim),28,60.3,1,0.58,5.4,4,5,62.7,7.3,0.09,1
PERS_1830,Constable,High Altitude (Ladakh/Sikkim),79,54.2,4,0.45,4.7,2,9,49.3,10.9,0.03,2
PERS_1831,Head Constable,Peace Station (HQ),79,55.4,3,0.26,5.5,3,7,10.2,9.0,0.03,1
PERS_1832,Constable,Dense Forest (Bastar),78,52.8,1,0.19,7.5,4,3,19.0,6.8,0.1,0
PERS_1833,Constable,High Altitude (Ladakh/Sikkim),38,43.6,1,0.34,6.4,3,3,71.3,5.3,0.18,0
PERS_1834,Head Constable,Counter-Insurgency (J&K),25,44.1,3,0.46,5.6,4,5,5.9,8.8,0.05,1
PERS_1835,Constable,Counter-Insurgency (J&K),31,56.1,1,0.17,5.7,3,4,28.0,6.9,0.01,0
PERS_1836,Sub-Inspector,Border Outpost (Thar),5,57.1,2,0.3,5.8,4,3,23.7,7.9,0.02,0
PERS_1837,Constable,High Altitude (Ladakh/Sikkim),86,56.5,0,0.25,6.2,3,4,35.9,8.8,0.27,1
PERS_1838,Head Constable,Peace Station (HQ),22,40.1,2,0.08,6.1,5,1,56.6,5.3,0.17,0
PERS_1839,Head Constable,Dense Forest (Bastar),111,47.6,3,0.18,5.8,4,8,30.9,9.3,0.23,2
PERS_1840,Constable,Peace Station (HQ),56,52.5,3,0.47,5.7,4,6,20.4,8.7,0.0,1
PERS_1841,Head Constable,Counter-Insurgency (J&K),15,44.2,2,0.3,6.1,4,2,26.9,7.3,0.07,0
PERS_1842,Constable,Peace Station (HQ),20,61.9,2,0.06,5.3,3,2,59.3,10.9,0.62,1
PERS_1843,Inspector,Counter-Insurgency (J&K),65,47.5,2,0.19,6.3,4,3,61.8,8.3,0.02,1
PERS_1844,Constable,Counter-Insurgency (J&K),106,64.6,0,0.27,6.0,2,5,8.2,11.5,0.16,2
PERS_1845,Constable,Counter-Insurgency (J&K),6,42.4,1,0.53,7.1,5,1,16.9,4.0,0.01,0
PERS_1846,Constable,Counter-Insurgency (J&K),92,54.4,4,0.28,4.3,3,9,32.1,17.4,0.21,2
PERS_1847,Inspector,Counter-Insurgency (J&K),54,55.1,1,0.17,5.5,3,3,23.3,5.7,0.02,1
PERS_1848,Head Constable,Border Outpost (Thar),19,55.1,1,0.05,5.7,4,1,33.5,7.0,0.13,0
PERS_1849,Head Constable,Peace Station (HQ),66,58.8,2,0.2,4.1,3,8,78.7,10.4,0.02,2
PERS_1850,Constable,Border Outpost (Thar),37,46.1,4,0.24,4.6,3,7,26.2,9.9,0.16,2
PERS_1851,Head Constable,Border Outpost (Thar),81,57.1,2,0.32,6.0,2,6,76.5,8.2,0.06,1
PERS_1852,Constable,High Altitude (Ladakh/Sikkim),16,45.9,2,0.08,6.6,4,1,5.0,3.3,0.08,0
PERS_1853,Sub-Inspector,High Altitude (Ladakh/Sikkim),38,37.5,2,0.55,6.0,4,2,12.8,4.6,0.0,0
PERS_1854,Constable,High Altitude (Ladakh/Sikkim),52,55.5,2,0.25,4.6,3,6,63.6,11.2,0.04,1
PERS_1855,Constable,Dense Forest (Bastar),120,72.6,2,0.31,4.7,1,10,48.8,14.6,0.1,2
PERS_1856,Constable,High Altitude (Ladakh/Sikkim),20,65.4,3,0.48,4.9,3,6,59.5,13.2,0.02,2
PERS_1857,Head Constable,Peace Station (HQ),27,53.9,2,0.08,5.3,4,3,8.8,7.5,0.64,1
PERS_1858,Head Constable,Border Outpost (Thar),30,53.5,1,0.38,5.9,4,3,46.6,5.5,0.07,0
PERS_1859,Constable,Peace Station (HQ),30,25.0,3,0.51,7.5,5,1,30.8,2.2,0.02,0
PERS_1860,ASI,High Altitude (Ladakh/Sikkim),17,77.0,3,0.04,4.9,3,5,8.7,14.0,0.0,1
PERS_1861,Head Constable,Dense Forest (Bastar),20,64.3,1,0.24,5.2,3,3,23.2,11.2,0.77,1
PERS_1862,Head Constable,Dense Forest (Bastar),26,58.2,1,0.58,6.3,3,5,30.3,8.3,0.04,1
PERS_1863,Constable,Border Outpost (Thar),128,61.5,4,0.13,4.4,2,10,70.7,17.0,0.08,2
PERS_1864,Constable,Peace Station (HQ),38,29.5,2,0.22,7.9,5,1,36.6,1.3,0.0,0
PERS_1865,Head Constable,Counter-Insurgency (J&K),32,53.0,2,0.53,5.1,2,5,49.2,6.8,0.03,1
PERS_1866,Constable,Peace Station (HQ),22,50.5,1,0.18,6.4,4,3,29.0,4.2,0.03,0
PERS_1867,Constable,High Altitude (Ladakh/Sikkim),20,35.9,2,0.07,6.5,5,1,26.6,4.2,0.2,0
PERS_1868,ASI,Counter-Insurgency (J&K),107,63.2,2,0.38,5.2,2,9,104.3,11.3,0.08,2
PERS_1869,Sub-Inspector,Dense Forest (Bastar),74,67.8,2,0.1,5.5,3,6,17.0,15.1,0.09,1
PERS_1870,Constable,Border Outpost (Thar),46,56.0,1,0.35,6.1,4,2,7.0,8.1,0.08,0
PERS_1871,Constable,Border Outpost (Thar),21,53.5,0,0.12,6.2,4,1,61.6,3.0,0.08,0
PERS_1872,Head Constable,Dense Forest (Bastar),16,53.6,3,0.44,5.9,3,2,14.8,8.4,0.04,0
PERS_1873,Constable,High Altitude (Ladakh/Sikkim),61,50.9,3,0.11,5.8,4,3,35.0,9.5,0.01,1
PERS_1874,Constable,Dense Forest (Bastar),32,58.8,3,0.43,5.2,4,7,42.1,9.1,0.19,1
PERS_1875,Constable,High Altitude (Ladakh/Sikkim),48,68.0,2,0.21,4.2,2,6,26.6,13.5,0.06,2
PERS_1876,Head Constable,Counter-Insurgency (J&K),9,49.3,2,0.21,6.3,4,2,21.4,6.3,0.11,0
PERS_1877,Head Constable,Dense Forest (Bastar),31,43.5,3,0.23,5.5,4,4,43.7,8.7,0.05,1
PERS_1878,Constable,High Altitude (Ladakh/Sikkim),15,35.6,3,0.32,5.8,5,2,15.6,5.4,0.01,0
PERS_1879,Constable,Counter-Insurgency (J&K),91,62.1,3,0.24,4.3,1,9,13.5,12.0,0.07,2
PERS_1880,Constable,Dense Forest (Bastar),24,56.5,1,0.04,6.4,4,1,55.3,7.3,0.11,0
PERS_1881,Head Constable,Border Outpost (Thar),16,53.2,1,0.17,6.5,4,2,28.4,5.0,0.15,0
PERS_1882,Constable,Dense Forest (Bastar),28,48.4,2,0.35,6.1,3,3,32.8,5.0,0.15,1
PERS_1883,Constable,Peace Station (HQ),23,53.1,1,0.36,5.0,4,3,73.1,7.1,0.6,1
PERS_1884,ASI,Dense Forest (Bastar),51,47.7,2,0.05,6.8,4,4,30.8,10.0,0.04,1
PERS_1885,Constable,Peace Station (HQ),30,43.9,2,0.06,6.9,4,1,26.8,6.7,0.13,0
PERS_1886,Head Constable,Counter-Insurgency (J&K),61,44.1,2,0.28,6.0,4,4,24.0,8.1,0.01,1
PERS_1887,Constable,Dense Forest (Bastar),49,43.0,3,0.63,6.8,4,4,48.4,5.4,0.06,1
PERS_1888,Constable,Counter-Insurgency (J&K),96,62.9,1,0.31,5.1,1,8,13.9,11.9,0.14,2
PERS_1889,Constable,Counter-Insurgency (J&K),57,51.0,2,0.13,6.0,3,5,50.9,10.1,0.09,1
PERS_1890,Head Constable,High Altitude (Ladakh/Sikkim),46,45.8,1,0.09,6.8,4,2,45.6,7.4,0.15,0
PERS_1891,ASI,Counter-Insurgency (J&K),63,40.7,3,0.19,6.2,4,5,78.8,5.4,0.02,0
PERS_1892,ASI,Counter-Insurgency (J&K),24,57.1,1,0.65,5.2,4,3,26.2,8.5,0.63,1
PERS_1893,Constable,Dense Forest (Bastar),49,63.6,3,0.35,3.8,3,7,19.7,13.4,0.01,2
PERS_1894,Head Constable,Dense Forest (Bastar),15,39.3,2,0.1,6.6,5,1,26.1,7.5,0.08,0
PERS_1895,Constable,Border Outpost (Thar),42,51.0,0,0.38,6.3,4,3,39.4,4.9,0.12,0
PERS_1896,Constable,High Altitude (Ladakh/Sikkim),100,48.7,2,0.04,6.3,3,4,60.4,8.4,0.11,0
PERS_1897,Sub-Inspector,Counter-Insurgency (J&K),41,50.7,3,0.2,5.6,2,4,18.9,10.4,0.03,1
PERS_1898,Constable,High Altitude (Ladakh/Sikkim),65,60.6,1,0.07,6.6,2,3,14.4,9.3,0.12,0
PERS_1899,Constable,Peace Station (HQ),16,65.8,1,0.05,6.3,4,2,36.7,10.3,0.12,1
PERS_1900,Constable,Counter-Insurgency (J&K),42,47.7,2,0.22,6.2,5,2,28.8,4.7,0.1,0
PERS_1901,Constable,High Altitude (Ladakh/Sikkim),53,60.3,1,0.35,6.7,3,2,56.7,8.9,0.01,1
PERS_1902,Constable,Border Outpost (Thar),30,58.2,3,0.57,5.2,4,4,18.2,11.6,0.74,2
PERS_1903,Head Constable,Border Outpost (Thar),40,50.5,1,0.07,6.4,3,2,46.7,6.7,0.01,0
PERS_1904,Constable,Counter-Insurgency (J&K),77,67.3,2,0.04,6.0,2,6,14.6,14.1,0.02,1
PERS_1905,Sub-Inspector,Peace Station (HQ),42,48.9,1,0.22,5.9,3,3,87.6,5.2,0.03,0
PERS_1906,ASI,Border Outpost (Thar),29,55.3,1,0.04,5.2,4,3,5.2,7.1,0.63,1
PERS_1907,Constable,Border Outpost (Thar),19,44.2,1,0.1,6.7,5,1,24.0,4.2,0.1,0
PERS_1908,Constable,Peace Station (HQ),37,57.0,2,0.56,5.7,3,5,92.5,10.5,0.09,2
PERS_1909,Constable,High Altitude (Ladakh/Sikkim),21,54.4,2,0.34,6.1,4,5,73.6,9.0,0.09,0
PERS_1910,Head Constable,Border Outpost (Thar),34,63.3,0,0.19,5.4,4,3,46.1,7.1,0.62,1
PERS_1911,Constable,Dense Forest (Bastar),54,71.8,3,0.14,4.1,3,8,17.1,14.1,0.11,2
PERS_1912,Head Constable,Border Outpost (Thar),31,60.3,2,0.23,4.6,3,6,42.9,10.6,0.13,1
PERS_1913,Constable,High Altitude (Ladakh/Sikkim),54,60.1,1,0.17,5.7,3,4,34.7,9.7,0.05,1
PERS_1914,Head Constable,High Altitude (Ladakh/Sikkim),7,44.8,0,0.28,8.0,5,1,15.1,2.6,0.11,0
PERS_1915,Constable,Counter-Insurgency (J&K),29,28.2,0,0.34,8.3,5,1,32.6,-3.6,0.15,0
PERS_1916,Constable,Dense Forest (Bastar),53,66.3,1,0.65,4.9,3,6,30.3,13.3,0.12,1
PERS_1917,Sub-Inspector,High Altitude (Ladakh/Sikkim),24,69.0,2,0.27,3.7,1,5,22.8,11.2,0.03,1
PERS_1918,ASI,Peace Station (HQ),15,52.6,3,0.11,5.2,4,5,26.6,7.8,0.05,0
PERS_1919,Constable,Dense Forest (Bastar),130,50.9,3,0.11,5.5,3,8,43.9,9.9,0.07,1
PERS_1920,ASI,Dense Forest (Bastar),20,63.8,3,0.11,4.7,2,6,59.1,11.5,0.09,2
PERS_1921,Head Constable,Peace Station (HQ),32,62.3,1,0.21,4.9,2,3,10.8,9.2,0.76,1
PERS_1922,Sub-Inspector,Border Outpost (Thar),15,29.1,1,0.49,7.8,5,1,18.3,-0.3,0.03,0
PERS_1923,ASI,Peace Station (HQ),58,55.2,4,0.07,3.7,3,8,24.6,12.7,0.1,2
PERS_1924,Constable,Peace Station (HQ),46,55.0,2,0.16,5.8,2,4,13.6,6.1,0.13,1
PERS_1925,Constable,Border Outpost (Thar),11,33.1,1,0.07,7.4,5,1,64.9,-1.4,0.03,0
PERS_1926,Constable,Border Outpost (Thar),37,40.9,1,0.31,7.4,4,1,29.0,4.3,0.06,0
PERS_1927,Head Constable,Border Outpost (Thar),54,64.3,2,0.27,5.8,3,6,28.1,10.6,0.07,1
PERS_1928,Head Constable,Border Outpost (Thar),100,58.7,2,0.03,4.1,1,7,30.0,13.8,0.0,2
PERS_1929,Constable,Border Outpost (Thar),48,43.3,3,0.29,6.4,4,4,50.8,7.4,0.01,1
PERS_1930,Constable,Peace Station (HQ),33,44.6,1,0.31,7.4,5,1,72.0,3.3,0.09,0
PERS_1931,ASI,Counter-Insurgency (J&K),15,37.5,0,0.67,8.1,5,1,22.1,2.7,0.32,0
PERS_1932,Inspector,Counter-Insurgency (J&K),14,50.2,1,0.57,6.1,4,3,56.0,4.9,0.11,1
PERS_1933,Head Constable,High Altitude (Ladakh/Sikkim),2,55.7,1,0.04,6.8,5,1,33.8,7.6,0.07,0
PERS_1934,Constable,Counter-Insurgency (J&K),62,66.0,2,0.32,4.7,3,7,39.7,14.4,0.06,2
PERS_1935,Constable,Counter-Insurgency (J&K),74,48.7,2,0.13,5.4,2,4,47.9,8.1,0.82,1
PERS_1936,Constable,Peace Station (HQ),11,45.6,1,0.41,6.7,5,1,20.8,5.3,0.0,0
PERS_1937,Sub-Inspector,Border Outpost (Thar),35,56.5,2,0.54,5.5,3,4,10.2,9.9,0.01,1
PERS_1938,Constable,Border Outpost (Thar),35,61.0,1,0.35,6.3,2,3,34.6,8.0,0.04,1
PERS_1939,Head Constable,Peace Station (HQ),39,55.6,2,0.12,5.3,3,4,22.8,9.9,0.7,0
PERS_1940,Constable,Counter-Insurgency (J&K),45,65.2,2,0.16,5.2,3,6,25.7,10.0,0.12,2
PERS_1941,Head Constable,Peace Station (HQ),36,69.8,1,0.52,4.6,3,6,79.3,12.0,0.27,1
PERS_1942,Head Constable,High Altitude (Ladakh/Sikkim),33,35.0,2,0.32,7.7,5,1,32.6,2.8,0.12,0
PERS_1943,ASI,Border Outpost (Thar),40,67.2,1,0.05,5.8,4,4,59.0,9.0,0.03,0
PERS_1944,Constable,Dense Forest (Bastar),77,68.7,1,0.26,4.0,2,8,11.3,10.3,0.01,2
PERS_1945,Constable,High Altitude (Ladakh/Sikkim),36,39.8,1,0.09,7.8,4,1,62.6,4.4,0.08,0
PERS_1946,Constable,High Altitude (Ladakh/Sikkim),51,57.7,1,0.55,6.1,3,5,35.1,6.6,0.01,1
PERS_1947,Sub-Inspector,Peace Station (HQ),28,57.2,3,0.4,5.2,4,5,5.0,9.9,0.1,1
PERS_1948,Sub-Inspector,Counter-Insurgency (J&K),35,40.6,1,0.32,8.1,5,1,19.0,2.9,0.06,0
PERS_1949,Head Constable,Border Outpost (Thar),51,52.5,2,0.49,4.9,4,6,37.9,11.0,0.06,2
PERS_1950,Head Constable,Dense Forest (Bastar),47,54.3,3,0.24,5.6,4,4,49.2,9.1,0.02,1
PERS_1951,Head Constable,High Altitude (Ladakh/Sikkim),64,43.6,1,0.65,6.6,4,4,25.4,3.6,0.18,0
PERS_1952,Constable,Dense Forest (Bastar),45,49.1,0,0.11,6.4,4,1,31.5,3.8,0.01,0
PERS_1953,Sub-Inspector,Counter-Insurgency (J&K),18,63.8,0,0.34,6.9,4,3,16.0,7.8,0.11,0
PERS_1954,Constable,Counter-Insurgency (J&K),5,65.3,1,0.16,5.0,4,2,67.0,10.9,0.61,1
PERS_1955,Constable,Dense Forest (Bastar),81,45.1,0,0.31,6.8,4,1,14.2,6.6,0.0,0
PERS_1956,Head Constable,Border Outpost (Thar),25,25.0,2,0.29,7.7,5,1,25.7,1.1,0.02,0
PERS_1957,Constable,Counter-Insurgency (J&K),17,62.1,1,0.41,6.4,4,4,29.6,5.2,0.02,1
PERS_1958,Constable,Dense Forest (Bastar),49,71.1,2,0.73,4.5,3,8,65.4,10.6,0.27,2
PERS_1959,Head Constable,High Altitude (Ladakh/Sikkim),57,62.5,0,0.25,6.6,3,3,80.8,7.9,0.05,0
PERS_1960,Constable,Dense Forest (Bastar),55,50.6,1,0.26,7.4,4,3,51.6,5.3,0.09,1
PERS_1961,Head Constable,Dense Forest (Bastar),10,38.2,1,0.14,8.2,5,1,29.9,1.9,0.14,0
PERS_1962,Constable,Peace Station (HQ),29,57.1,1,0.5,6.8,5,5,42.3,6.1,0.02,1
PERS_1963,Constable,Counter-Insurgency (J&K),67,65.2,1,0.31,6.3,3,5,31.4,8.1,0.1,1
PERS_1964,Constable,Border Outpost (Thar),43,45.7,2,0.18,6.8,4,4,36.8,7.8,0.02,0
PERS_1965,Constable,Border Outpost (Thar),71,57.9,2,0.65,4.7,3,9,38.4,9.2,0.13,2
PERS_1966,Head Constable,Peace Station (HQ),7,44.4,1,0.25,7.0,5,2,47.0,4.8,0.04,0
PERS_1967,Constable,Border Outpost (Thar),14,56.9,2,0.1,5.8,3,3,11.0,9.6,0.07,0
PERS_1968,Head Constable,Dense Forest (Bastar),110,38.4,1,0.12,7.5,4,3,15.9,4.2,0.19,0
PERS_1969,Head Constable,Peace Station (HQ),61,58.1,1,0.54,5.4,3,5,41.3,10.2,0.05,2
PERS_1970,Head Constable,High Altitude (Ladakh/Sikkim),6,44.9,3,0.24,6.2,5,2,23.0,7.6,0.08,0
PERS_1971,Sub-Inspector,Counter-Insurgency (J&K),18,68.1,3,0.09,5.1,2,4,36.3,11.0,0.61,1
PERS_1972,Head Constable,Counter-Insurgency (J&K),18,52.9,3,0.27,5.5,4,4,56.5,8.4,0.09,1
PERS_1973,Constable,Counter-Insurgency (J&K),54,60.5,1,0.53,5.2,3,7,33.4,13.3,0.06,1
PERS_1974,Constable,Dense Forest (Bastar),15,40.1,5,0.13,4.9,5,5,29.4,11.9,0.04,1
PERS_1975,Constable,High Altitude (Ladakh/Sikkim),16,47.4,2,0.02,6.4,4,2,21.5,4.5,0.03,0
PERS_1976,Head Constable,Peace Station (HQ),22,54.1,2,0.26,5.8,5,4,19.0,5.1,0.18,0
PERS_1977,Constable,Peace Station (HQ),76,52.0,4,0.27,4.1,1,8,45.6,13.0,0.21,2
PERS_1978,Head Constable,Counter-Insurgency (J&K),65,52.1,3,0.39,5.6,2,7,38.2,9.0,0.08,2
PERS_1979,Head Constable,High Altitude (Ladakh/Sikkim),43,54.9,2,0.29,5.0,3,6,5.0,10.5,0.07,1
PERS_1980,Constable,High Altitude (Ladakh/Sikkim),25,33.4,3,0.42,5.9,4,4,50.8,4.1,0.24,0
PERS_1981,ASI,High Altitude (Ladakh/Sikkim),65,49.3,1,0.21,5.8,3,5,43.4,7.8,0.15,1
PERS_1982,Constable,Border Outpost (Thar),60,61.9,2,0.35,4.4,3,8,116.5,13.6,0.03,2
PERS_1983,Constable,Border Outpost (Thar),78,51.9,1,0.36,5.1,4,5,41.5,6.4,0.05,1
PERS_1984,Head Constable,Counter-Insurgency (J&K),51,76.5,4,0.27,3.0,1,10,32.1,16.7,0.1,2
PERS_1985,Head Constable,High Altitude (Ladakh/Sikkim),38,52.7,2,0.45,5.9,4,5,41.7,8.3,0.02,1
PERS_1986,Head Constable,High Altitude (Ladakh/Sikkim),34,32.9,3,0.43,6.7,5,3,42.5,5.0,0.09,0
PERS_1987,Constable,Peace Station (HQ),63,58.7,1,0.4,5.7,2,3,35.0,8.9,0.06,1
PERS_1988,Constable,Peace Station (HQ),26,40.0,2,0.27,6.4,5,1,59.8,6.3,0.05,0
PERS_1989,ASI,Counter-Insurgency (J&K),36,55.0,1,0.39,6.2,4,1,62.2,6.0,0.07,0
PERS_1990,ASI,High Altitude (Ladakh/Sikkim),24,44.7,2,0.01,5.9,4,2,24.5,5.2,0.02,1
PERS_1991,Head Constable,Counter-Insurgency (J&K),19,44.9,3,0.26,5.4,4,4,50.3,10.2,0.65,1
PERS_1992,Constable,Peace Station (HQ),34,61.8,1,0.24,5.9,3,3,20.6,8.3,0.13,0
PERS_1993,Head Constable,Peace Station (HQ),19,34.1,1,0.22,8.1,5,1,14.1,-1.2,0.12,0
PERS_1994,Constable,Border Outpost (Thar),17,44.8,2,0.06,5.8,5,2,22.3,3.6,0.02,0
PERS_1995,Constable,Counter-Insurgency (J&K),14,43.4,1,0.51,6.9,5,2,12.8,4.5,0.07,0
PERS_1996,Sub-Inspector,Counter-Insurgency (J&K),99,71.3,1,0.24,4.6,2,6,69.8,11.9,0.05,2
PERS_1997,Constable,High Altitude (Ladakh/Sikkim),44,48.9,1,0.32,6.8,3,1,18.3,6.5,0.0,0
PERS_1998,Inspector,High Altitude (Ladakh/Sikkim),81,46.7,1,0.21,8.2,4,2,23.1,5.8,0.21,1
PERS_1999,Constable,Border Outpost (Thar),133,63.6,3,0.4,5.1,2,10,10.8,10.6,0.03,2
PERS_2000,Constable,Dense Forest (Bastar),7,39.8,3,0.13,6.4,5,1,26.8,6.3,0.13,0
PERS_2001,Head Constable,Dense Forest (Bastar),158,56.3,2,0.27,5.9,1,8,36.0,12.3,0.15,2
PERS_2002,Sub-Inspector,Dense Forest (Bastar),40,58.9,0,0.01,6.5,4,1,15.7,6.4,0.08,0
PERS_2003,Head Constable,Counter-Insurgency (J&K),22,25.0,3,0.21,6.9,5,1,33.9,2.0,0.05,0
PERS_2004,ASI,Counter-Insurgency (J&K),16,40.0,2,0.02,5.8,4,1,25.2,2.4,0.17,0
PERS_2005,Head Constable,Peace Station (HQ),74,48.6,2,0.3,6.1,3,3,42.5,7.1,0.08,1
PERS_2006,Head Constable,Counter-Insurgency (J&K),43,67.8,2,0.08,4.9,2,5,33.4,7.8,0.04,1
PERS_2007,ASI,Counter-Insurgency (J&K),67,59.2,0,0.43,6.3,3,2,21.2,6.3,0.02,0
PERS_2008,Constable,Counter-Insurgency (J&K),28,50.5,2,0.04,6.1,5,4,27.0,5.8,0.07,0
PERS_2009,Head Constable,Border Outpost (Thar),36,50.6,2,0.26,6.3,4,3,30.4,9.5,0.1,1
PERS_2010,Constable,Counter-Insurgency (J&K),14,50.6,3,0.02,5.8,4,2,25.4,7.7,0.32,1
PERS_2011,Inspector,High Altitude (Ladakh/Sikkim),21,52.6,2,0.4,5.7,4,4,36.3,6.5,0.12,1
PERS_2012,Sub-Inspector,High Altitude (Ladakh/Sikkim),76,56.9,1,0.46,6.3,2,6,20.7,9.2,0.02,1
PERS_2013,Constable,Peace Station (HQ),12,68.7,2,0.13,4.4,1,3,19.3,14.1,0.62,1
PERS_2014,Head Constable,Border Outpost (Thar),63,49.9,2,0.3,5.0,4,5,20.2,12.8,0.08,0
PERS_2015,Sub-Inspector,High Altitude (Ladakh/Sikkim),63,56.0,1,0.05,5.8,3,4,30.0,5.5,0.03,1
PERS_2016,Constable,Border Outpost (Thar),34,51.8,1,0.08,6.3,3,1,24.8,7.3,0.11,0
PERS_2017,Head Constable,Border Outpost (Thar),74,64.8,1,0.49,4.5,1,7,26.3,9.7,0.19,2
PERS_2018,Sub-Inspector,Peace Station (HQ),52,46.3,0,0.24,7.2,4,1,12.0,5.4,0.17,0
PERS_2019,Constable,Border Outpost (Thar),21,46.4,1,0.28,6.8,4,1,47.4,3.0,0.11,0
PERS_2020,Head Constable,Counter-Insurgency (J&K),27,35.6,1,0.13,7.8,5,1,36.3,1.1,0.01,0
PERS_2021,Constable,Border Outpost (Thar),42,62.1,0,0.26,6.4,3,4,23.8,9.3,0.08,0
PERS_2022,Sub-Inspector,Peace Station (HQ),37,36.5,3,0.14,5.6,5,3,42.4,5.5,0.23,1
PERS_2023,Inspector,Peace Station (HQ),68,60.2,0,0.39,6.5,3,3,15.4,8.1,0.02,1
PERS_2024,Sub-Inspector,Peace Station (HQ),20,66.8,2,0.42,5.0,3,5,81.4,13.0,0.2,1
PERS_2025,Head Constable,High Altitude (Ladakh/Sikkim),16,68.9,1,0.02,5.6,4,3,52.3,9.7,0.0,1
PERS_2026,ASI,Counter-Insurgency (J&K),8,45.7,1,0.24,7.3,5,1,27.2,3.3,0.11,0
PERS_2027,ASI,High Altitude (Ladakh/Sikkim),17,46.2,4,0.14,4.9,4,4,25.4,9.2,0.69,1
PERS_2028,Constable,Dense Forest (Bastar),66,53.9,2,0.19,5.6,3,6,39.6,10.3,0.08,1
PERS_2029,ASI,Counter-Insurgency (J&K),85,65.5,3,0.57,4.6,2,8,20.8,12.5,0.23,2
PERS_2030,Constable,Border Outpost (Thar),89,55.6,2,0.43,5.4,3,9,51.7,11.0,0.05,2
PERS_2031,Head Constable,Peace Station (HQ),35,48.8,2,0.26,4.9,4,3,40.6,9.7,0.68,1
PERS_2032,Constable,Dense Forest (Bastar),53,64.0,4,0.34,4.8,3,6,20.9,15.5,0.17,2
PERS_2033,Constable,Counter-Insurgency (J&K),61,54.5,1,0.03,4.9,3,5,27.2,9.0,0.23,1
PERS_2034,Constable,High Altitude (Ladakh/Sikkim),82,54.7,2,0.5,5.9,3,7,14.4,9.1,0.08,2
PERS_2035,Head Constable,Peace Station (HQ),58,45.0,2,0.29,5.5,4,4,17.6,4.6,0.05,1
PERS_2036,Constable,High Altitude (Ladakh/Sikkim),68,65.1,4,0.06,3.6,2,9,43.5,14.9,0.16,2
PERS_2037,Head Constable,Counter-Insurgency (J&K),89,59.4,1,0.08,6.3,3,3,48.0,8.1,0.11,0
PERS_2038,Constable,Counter-Insurgency (J&K),67,54.6,2,0.55,6.5,4,5,21.2,8.2,0.1,1
PERS_2039,Constable,Dense Forest (Bastar),16,31.0,1,0.37,7.8,5,1,50.9,-0.9,0.05,0
PERS_2040,Head Constable,Border Outpost (Thar),0,57.5,3,0.37,4.9,4,4,120.0,9.4,0.66,0
PERS_2041,ASI,High Altitude (Ladakh/Sikkim),46,41.3,2,0.22,6.4,5,2,36.3,6.6,0.03,0
PERS_2042,Constable,Dense Forest (Bastar),48,57.3,3,0.42,5.9,3,7,45.0,10.9,0.09,2
PERS_2043,Head Constable,Peace Station (HQ),44,44.6,3,0.2,6.6,5,3,40.6,7.5,0.17,0
PERS_2044,Sub-Inspector,Border Outpost (Thar),67,44.0,2,0.17,6.7,4,3,42.0,6.5,0.19,1
PERS_2045,Head Constable,Dense Forest (Bastar),58,63.1,2,0.01,5.9,4,3,19.7,9.6,0.06,1
PERS_2046,Constable,High Altitude (Ladakh/Sikkim),79,56.9,2,0.54,5.3,2,7,17.6,10.4,0.02,1
PERS_2047,Constable,Counter-Insurgency (J&K),33,51.7,2,0.26,6.3,4,4,29.5,9.1,0.04,1
PERS_2048,Sub-Inspector,Peace Station (HQ),104,77.9,2,0.03,3.6,1,8,120.0,15.2,0.04,2
PERS_2049,Constable,High Altitude (Ladakh/Sikkim),17,69.1,1,0.2,5.0,3,3,41.5,9.4,0.63,1
PERS_2050,Sub-Inspector,Border Outpost (Thar),35,49.0,1,0.4,6.3,3,4,26.9,5.4,0.03,0
PERS_2051,Head Constable,Border Outpost (Thar),37,38.6,4,0.31,6.5,5,4,25.4,4.8,0.04,1
PERS_2052,Sub-Inspector,Counter-Insurgency (J&K),57,67.8,1,0.46,5.3,2,5,24.6,11.9,0.02,2
PERS_2053,ASI,Counter-Insurgency (J&K),22,36.8,2,0.36,7.4,5,1,77.9,1.1,0.03,0
PERS_2054,Inspector,Peace Station (HQ),10,53.8,0,0.09,6.3,3,1,83.3,6.3,0.0,0
PERS_2055,Constable,Peace Station (HQ),49,50.2,2,0.08,6.4,3,1,7.3,6.8,0.11,1
PERS_2056,ASI,Counter-Insurgency (J&K),23,51.1,0,0.33,7.2,4,1,43.2,6.2,0.19,0
PERS_2057,Constable,Counter-Insurgency (J&K),42,64.5,2,0.09,3.8,2,5,18.6,12.4,0.11,1
PERS_2058,Head Constable,Border Outpost (Thar),20,42.1,0,0.31,8.0,5,1,25.8,0.2,0.08,0
PERS_2059,Head Constable,Counter-Insurgency (J&K),24,44.3,2,0.63,6.0,4,2,72.9,4.7,0.04,1
PERS_2060,Sub-Inspector,Dense Forest (Bastar),31,58.7,2,0.59,4.7,3,7,14.1,11.7,0.09,1
PERS_2061,Inspector,High Altitude (Ladakh/Sikkim),70,72.9,3,0.06,3.6,1,9,29.7,14.3,0.28,2
PERS_2062,ASI,Counter-Insurgency (J&K),13,74.0,2,0.59,4.2,2,6,6.8,14.3,0.1,2
PERS_2063,Constable,Peace Station (HQ),16,35.1,3,0.06,5.9,5,1,22.3,5.8,0.01,0
PERS_2064,Constable,Dense Forest (Bastar),69,50.7,3,0.55,5.0,3,7,27.3,10.3,0.23,2
PERS_2065,Head Constable,Peace Station (HQ),19,39.6,1,0.1,6.9,5,1,18.6,6.5,0.12,0
PERS_2066,Constable,Dense Forest (Bastar),48,61.3,1,0.17,6.0,3,3,14.5,11.9,0.2,0
PERS_2067,Constable,Counter-Insurgency (J&K),72,55.8,0,0.27,7.2,4,3,38.1,5.9,0.09,0
PERS_2068,Constable,High Altitude (Ladakh/Sikkim),35,60.3,1,0.28,6.8,4,3,34.6,7.1,0.11,0
PERS_2069,Constable,Peace Station (HQ),50,49.0,2,0.21,7.4,4,3,15.1,7.9,0.02,1
PERS_2070,Constable,Dense Forest (Bastar),72,62.2,3,0.57,5.0,2,10,32.6,14.8,0.18,2
PERS_2071,Constable,Border Outpost (Thar),27,48.9,2,0.16,6.0,4,2,35.2,8.0,0.02,0
PERS_2072,Constable,Counter-Insurgency (J&K),64,55.8,3,0.22,5.6,3,6,41.7,10.2,0.05,1
PERS_2073,Constable,High Altitude (Ladakh/Sikkim),54,47.6,1,0.09,5.9,4,3,49.0,4.5,0.03,0
PERS_2074,Inspector,Counter-Insurgency (J&K),70,68.6,1,0.24,5.2,2,5,118.2,11.4,0.04,2
PERS_2075,Constable,Border Outpost (Thar),108,46.2,3,0.2,6.0,2,5,53.8,11.2,0.24,2
PERS_2076,Constable,High Altitude (Ladakh/Sikkim),95,56.4,1,0.07,5.5,1,4,66.2,9.1,0.13,1
PERS_2077,Head Constable,Border Outpost (Thar),21,67.9,3,0.01,5.1,3,5,29.0,11.7,0.12,1
PERS_2078,Constable,Counter-Insurgency (J&K),66,67.4,1,0.08,5.7,2,5,74.9,11.2,0.03,1
PERS_2079,Sub-Inspector,Dense Forest (Bastar),43,43.9,3,0.12,5.7,5,5,31.2,6.6,0.18,0
PERS_2080,ASI,Counter-Insurgency (J&K),22,42.3,3,0.16,6.3,5,1,59.7,5.6,0.01,0
PERS_2081,Constable,Counter-Insurgency (J&K),20,55.1,2,0.11,5.6,4,3,23.0,8.2,0.16,1
PERS_2082,Constable,Counter-Insurgency (J&K),5,55.0,3,0.07,4.2,3,4,24.8,9.5,0.62,1
PERS_2083,Sub-Inspector,Peace Station (HQ),65,66.4,1,0.25,6.1,3,6,15.0,10.6,0.14,1
PERS_2084,Sub-Inspector,Border Outpost (Thar),47,38.6,1,0.12,7.1,4,1,29.1,3.5,0.17,0
PERS_2085,Head Constable,Border Outpost (Thar),30,64.2,1,0.2,5.8,4,4,13.2,6.6,0.07,0
PERS_2086,Head Constable,Border Outpost (Thar),23,41.3,1,0.22,7.4,5,1,15.2,-0.4,0.02,0
PERS_2087,Constable,Peace Station (HQ),108,72.1,2,0.42,3.6,1,10,20.6,16.8,0.04,2
PERS_2088,Inspector,Dense Forest (Bastar),52,37.0,3,0.29,6.2,4,4,52.8,6.0,0.11,0
PERS_2089,Constable,Counter-Insurgency (J&K),78,44.7,0,0.3,6.8,5,3,109.8,5.1,0.04,0
PERS_2090,Sub-Inspector,Dense Forest (Bastar),29,68.1,3,0.05,5.3,2,5,21.4,11.9,0.03,1
PERS_2091,Head Constable,Peace Station (HQ),2,66.0,3,0.16,4.6,4,4,39.2,12.7,0.64,1
PERS_2092,Head Constable,Border Outpost (Thar),66,55.6,2,0.21,5.6,2,3,18.1,8.2,0.0,1
PERS_2093,Head Constable,Counter-Insurgency (J&K),34,48.1,3,0.37,5.4,5,6,47.0,10.1,0.0,2
PERS_2094,Constable,High Altitude (Ladakh/Sikkim),10,48.8,3,0.24,6.6,4,2,17.7,9.7,0.09,0
PERS_2095,Constable,High Altitude (Ladakh/Sikkim),7,52.8,2,0.33,5.4,4,4,38.9,11.2,0.66,1
PERS_2096,Constable,Dense Forest (Bastar),56,58.6,2,0.32,4.9,3,6,55.6,8.3,0.03,1
PERS_2097,Constable,Border Outpost (Thar),44,49.5,2,0.12,5.5,5,4,18.8,9.4,0.1,1
PERS_2098,ASI,High Altitude (Ladakh/Sikkim),52,33.8,1,0.28,7.0,5,1,46.6,5.1,0.02,0
PERS_2099,Constable,Dense Forest (Bastar),31,45.7,1,0.27,6.7,5,2,34.5,3.3,0.06,0
PERS_2100,Constable,Peace Station (HQ),75,39.9,2,0.03,7.0,4,5,28.6,4.4,0.0,1
PERS_2101,Inspector,Dense Forest (Bastar),43,60.0,0,0.69,5.8,4,4,31.1,5.8,0.06,1
PERS_2102,Sub-Inspector,Dense Forest (Bastar),84,60.1,4,0.34,5.4,3,9,59.0,13.8,0.09,2
PERS_2103,Sub-Inspector,Dense Forest (Bastar),18,48.7,2,0.1,6.3,4,2,31.0,8.4,0.02,0
PERS_2104,Inspector,Counter-Insurgency (J&K),44,49.9,1,0.11,5.6,4,3,82.3,2.8,0.02,0
PERS_2105,Constable,Dense Forest (Bastar),41,71.8,1,0.45,4.0,3,7,17.7,10.4,0.23,2
PERS_2106,Constable,Dense Forest (Bastar),22,61.7,1,0.1,5.8,3,1,37.3,7.5,0.14,0
PERS_2107,ASI,Counter-Insurgency (J&K),52,55.3,1,0.13,5.7,3,4,37.1,8.1,0.06,1
PERS_2108,Head Constable,Counter-Insurgency (J&K),10,43.6,0,0.19,6.8,5,1,58.0,2.6,0.21,0
PERS_2109,Constable,Peace Station (HQ),29,63.8,4,0.45,3.9,2,10,23.0,13.7,0.18,2
PERS_2110,ASI,Border Outpost (Thar),47,53.8,1,0.36,5.9,4,3,32.2,5.4,0.02,1
PERS_2111,Constable,High Altitude (Ladakh/Sikkim),17,43.2,2,0.35,6.6,5,2,48.2,3.9,0.06,0
PERS_2112,Constable,High Altitude (Ladakh/Sikkim),38,45.9,0,0.57,7.4,4,1,50.0,3.3,0.21,0
PERS_2113,Head Constable,Dense Forest (Bastar),73,61.9,3,0.23,4.8,3,8,8.5,13.8,0.05,2
PERS_2114,Head Constable,Peace Station (HQ),40,61.5,2,0.01,5.4,3,5,25.6,8.5,0.11,1
PERS_2115,Head Constable,Dense Forest (Bastar),38,58.2,2,0.29,4.9,3,5,60.0,10.0,0.02,1
PERS_2116,Constable,High Altitude (Ladakh/Sikkim),59,60.5,3,0.3,4.7,2,6,13.1,11.1,0.15,1
PERS_2117,Sub-Inspector,Counter-Insurgency (J&K),14,46.4,2,0.37,6.3,4,2,56.4,3.9,0.03,0
PERS_2118,Constable,Border Outpost (Thar),9,43.5,0,0.43,7.3,5,1,91.1,1.8,0.03,0
PERS_2119,Constable,Peace Station (HQ),55,55.0,2,0.04,6.2,3,5,37.0,9.1,0.0,0
PERS_2120,Sub-Inspector,Counter-Insurgency (J&K),55,52.7,1,0.39,6.3,3,3,61.9,6.0,0.01,1
PERS_2121,Inspector,Border Outpost (Thar),40,42.0,2,0.11,5.3,5,2,31.7,6.7,0.64,0
PERS_2122,ASI,Peace Station (HQ),112,58.9,1,0.12,5.6,1,5,18.1,8.4,0.16,2
PERS_2123,ASI,Peace Station (HQ),11,56.0,3,0.38,6.1,3,4,55.9,11.8,0.19,1
PERS_2124,Head Constable,High Altitude (Ladakh/Sikkim),15,45.6,1,0.42,6.3,4,1,28.0,4.5,0.02,0
PERS_2125,Head Constable,Counter-Insurgency (J&K),24,66.3,1,0.37,5.3,5,5,13.6,10.6,0.14,1
PERS_2126,Constable,Peace Station (HQ),79,43.4,4,0.45,4.2,2,9,64.7,10.8,0.22,2
PERS_2127,Constable,Peace Station (HQ),59,45.7,4,0.2,4.7,2,7,13.1,10.9,0.11,2
PERS_2128,Constable,Border Outpost (Thar),123,54.6,4,0.14,4.4,2,10,37.9,14.6,0.02,2
PERS_2129,Constable,High Altitude (Ladakh/Sikkim),19,58.1,2,0.32,6.7,4,2,52.0,8.4,0.14,0
PERS_2130,Head Constable,Dense Forest (Bastar),36,53.7,0,0.08,6.7,3,1,27.6,5.3,0.04,0
PERS_2131,Head Constable,High Altitude (Ladakh/Sikkim),67,45.8,3,0.37,5.7,4,6,61.3,8.9,0.16,1
PERS_2132,Constable,Dense Forest (Bastar),10,30.3,1,0.11,7.4,5,1,19.6,0.9,0.01,0
PERS_2133,Constable,Counter-Insurgency (J&K),44,40.5,1,0.14,6.2,5,1,28.7,3.3,0.01,0
PERS_2134,Head Constable,Counter-Insurgency (J&K),74,37.9,1,0.26,7.8,5,2,18.0,4.5,0.1,0
PERS_2135,Constable,Peace Station (HQ),97,66.4,2,0.46,4.0,1,9,39.4,13.5,0.28,2
PERS_2136,ASI,Counter-Insurgency (J&K),33,40.7,0,0.17,7.4,5,1,35.9,3.0,0.22,0
PERS_2137,Head Constable,Peace Station (HQ),35,58.3,3,0.45,3.8,3,7,56.9,9.4,0.24,2
PERS_2138,Head Constable,High Altitude (Ladakh/Sikkim),5,53.9,0,0.47,6.3,5,2,36.9,5.4,0.01,0
PERS_2139,Head Constable,Counter-Insurgency (J&K),21,62.0,0,0.02,4.8,4,3,16.7,8.4,0.62,0
PERS_2140,ASI,High Altitude (Ladakh/Sikkim),30,43.9,2,0.45,5.9,4,4,38.7,7.2,0.1,0
PERS_2141,Constable,High Altitude (Ladakh/Sikkim),31,55.1,1,0.07,6.7,5,3,9.4,7.5,0.13,0
PERS_2142,Head Constable,Counter-Insurgency (J&K),21,51.3,4,0.08,4.1,3,3,46.6,11.3,0.72,1
PERS_2143,Head Constable,High Altitude (Ladakh/Sikkim),42,53.4,4,0.04,4.5,2,5,37.9,10.6,0.03,2
PERS_2144,Constable,Counter-Insurgency (J&K),43,52.1,1,0.19,6.8,5,1,18.3,5.7,0.03,0
PERS_2145,Sub-Inspector,Counter-Insurgency (J&K),30,59.4,4,0.34,5.8,4,7,61.0,9.8,0.02,1
PERS_2146,ASI,Counter-Insurgency (J&K),36,58.9,2,0.44,5.6,2,4,65.2,8.4,0.07,1
PERS_2147,Head Constable,Dense Forest (Bastar),41,52.1,1,0.32,6.0,3,4,81.9,7.4,0.02,1
PERS_2148,ASI,High Altitude (Ladakh/Sikkim),57,49.1,2,0.31,5.9,3,4,6.3,5.5,0.15,1
PERS_2149,ASI,Border Outpost (Thar),28,45.1,3,0.13,5.4,4,3,16.7,8.4,0.62,1
PERS_2150,Head Constable,Counter-Insurgency (J&K),39,52.3,1,0.48,6.2,5,4,75.6,6.5,0.21,0
PERS_2151,ASI,High Altitude (Ladakh/Sikkim),9,51.1,1,0.16,8.2,5,1,37.3,2.2,0.02,0
PERS_2152,Head Constable,Peace Station (HQ),40,51.1,1,0.55,7.0,4,2,29.9,5.3,0.01,0
PERS_2153,Head Constable,Counter-Insurgency (J&K),128,47.9,1,0.54,6.9,3,7,44.3,7.2,0.17,1
PERS_2154,Head Constable,Counter-Insurgency (J&K),87,53.7,1,0.41,6.4,3,5,71.8,9.0,0.12,1
PERS_2155,ASI,Border Outpost (Thar),36,46.3,2,0.28,6.3,5,2,47.8,6.9,0.06,0
PERS_2156,Constable,Dense Forest (Bastar),52,53.4,3,0.5,5.4,3,6,59.7,8.8,0.13,1
PERS_2157,Sub-Inspector,Dense Forest (Bastar),21,75.5,1,0.33,5.9,3,4,17.1,9.6,0.04,1
PERS_2158,Sub-Inspector,Counter-Insurgency (J&K),29,55.2,1,0.21,6.2,5,2,76.8,7.1,0.12,0
PERS_2159,Constable,High Altitude (Ladakh/Sikkim),21,62.7,3,0.51,4.7,3,5,86.2,13.4,0.08,2
PERS_2160,ASI,Peace Station (HQ),47,45.9,1,0.85,6.1,4,5,14.8,5.4,0.03,1
PERS_2161,Constable,Peace Station (HQ),65,54.7,3,0.31,5.4,3,5,32.0,10.6,0.08,1
PERS_2162,Constable,High Altitude (Ladakh/Sikkim),45,64.8,4,0.31,3.9,2,8,65.0,12.2,0.12,2
PERS_2163,Head Constable,Counter-Insurgency (J&K),45,36.7,4,0.34,5.8,3,4,13.9,7.2,0.09,1
PERS_2164,Constable,Peace Station (HQ),20,47.7,2,0.14,5.6,4,4,11.6,5.4,0.03,1
PERS_2165,ASI,Dense Forest (Bastar),9,55.1,1,0.45,6.2,5,3,49.9,8.2,0.12,0
PERS_2166,ASI,High Altitude (Ladakh/Sikkim),52,52.5,0,0.18,6.4,4,1,12.8,3.6,0.08,0
PERS_2167,Head Constable,Border Outpost (Thar),85,50.8,2,0.07,5.2,3,7,120.0,7.4,0.02,1
PERS_2168,Constable,Counter-Insurgency (J&K),31,46.0,4,0.78,6.1,4,5,42.6,9.7,0.2,2
PERS_2169,Constable,High Altitude (Ladakh/Sikkim),8,52.0,0,0.22,5.9,5,1,48.3,5.1,0.02,0
PERS_2170,Head Constable,Peace Station (HQ),29,35.2,0,0.17,7.3,5,1,24.9,1.9,0.01,0
PERS_2171,Inspector,Counter-Insurgency (J&K),33,52.5,3,0.18,5.6,4,4,31.5,9.3,0.04,1
PERS_2172,Head Constable,Dense Forest (Bastar),73,62.6,0,0.74,6.7,3,5,27.7,8.8,0.05,1
PERS_2173,Constable,Counter-Insurgency (J&K),62,50.6,0,0.32,6.8,4,2,16.9,5.8,0.17,0
PERS_2174,Head Constable,Counter-Insurgency (J&K),39,36.3,3,0.04,6.3,4,1,9.5,6.4,0.11,1
PERS_2175,Head Constable,Dense Forest (Bastar),85,51.4,0,0.56,6.0,2,6,46.2,8.0,0.01,2
PERS_2176,ASI,Dense Forest (Bastar),37,50.5,0,0.22,6.5,4,1,57.3,3.6,0.01,0
PERS_2177,Constable,Counter-Insurgency (J&K),32,40.4,2,0.06,5.6,3,2,15.3,4.1,0.22,0
PERS_2178,ASI,Dense Forest (Bastar),18,50.1,2,0.43,5.9,3,4,25.0,7.5,0.05,1
PERS_2179,Head Constable,High Altitude (Ladakh/Sikkim),20,51.7,1,0.27,6.6,4,1,13.7,5.2,0.14,0
PERS_2180,Inspector,Dense Forest (Bastar),24,62.4,1,0.18,5.9,3,2,60.5,7.1,0.1,1
PERS_2181,Constable,Dense Forest (Bastar),36,50.0,2,0.04,4.9,3,3,37.1,10.3,0.65,1
PERS_2182,Head Constable,Counter-Insurgency (J&K),28,51.9,2,0.16,6.3,5,3,43.0,10.3,0.19,1
PERS_2183,Sub-Inspector,High Altitude (Ladakh/Sikkim),79,50.4,0,0.2,7.6,4,4,37.6,1.3,0.13,1
PERS_2184,Constable,Border Outpost (Thar),37,46.9,0,0.43,6.9,4,1,29.2,0.5,0.0,0
PERS_2185,Sub-Inspector,Border Outpost (Thar),34,58.4,2,0.1,6.4,4,1,27.4,9.1,0.18,0
PERS_2186,Head Constable,Peace Station (HQ),48,50.5,3,0.35,5.2,3,6,40.9,5.7,0.02,1
PERS_2187,Constable,Dense Forest (Bastar),53,61.6,2,0.2,4.4,2,6,36.4,12.9,0.05,2
PERS_2188,Constable,Dense Forest (Bastar),14,48.9,2,0.1,6.0,5,3,15.2,8.4,0.06,0
PERS_2189,Head Constable,High Altitude (Ladakh/Sikkim),31,39.7,3,0.38,6.0,5,5,26.6,6.4,0.1,0
PERS_2190,Constable,Border Outpost (Thar),23,43.4,0,0.23,7.9,4,2,40.3,2.3,0.06,0
PERS_2191,Head Constable,Peace Station (HQ),33,75.5,3,0.03,3.4,2,7,29.5,14.4,0.09,2
PERS_2192,Constable,High Altitude (Ladakh/Sikkim),20,49.0,3,0.2,5.8,4,4,23.1,6.9,0.07,0
PERS_2193,Head Constable,Dense Forest (Bastar),70,38.8,2,0.14,5.6,4,4,25.2,5.5,0.07,1
PERS_2194,Constable,Border Outpost (Thar),29,39.5,1,0.05,6.8,5,1,30.3,4.7,0.1,0
PERS_2195,Sub-Inspector,Peace Station (HQ),45,45.4,2,0.45,6.0,4,4,86.3,7.5,0.01,1
PERS_2196,Inspector,Counter-Insurgency (J&K),26,41.7,2,0.49,6.2,4,2,23.2,6.2,0.29,0
PERS_2197,Inspector,Border Outpost (Thar),20,39.0,1,0.19,6.2,5,1,29.4,6.2,0.0,0
PERS_2198,Head Constable,Peace Station (HQ),37,66.3,2,0.07,4.7,2,5,60.4,11.0,0.16,1
PERS_2199,Constable,High Altitude (Ladakh/Sikkim),37,58.3,3,0.33,5.1,3,6,7.8,11.6,0.04,2
PERS_2200,ASI,Counter-Insurgency (J&K),48,50.8,3,0.26,6.1,3,5,10.6,10.1,0.01,1
PERS_2201,Constable,Peace Station (HQ),38,45.9,0,0.06,6.7,4,1,44.8,2.5,0.09,0
PERS_2202,Constable,Peace Station (HQ),16,48.0,1,0.3,6.0,5,1,17.2,4.5,0.03,0
PERS_2203,Constable,Dense Forest (Bastar),10,66.8,2,0.55,6.4,3,4,80.3,9.1,0.09,1
PERS_2204,Head Constable,Border Outpost (Thar),21,41.4,3,0.13,4.8,4,5,42.1,6.1,0.09,1
PERS_2205,ASI,Dense Forest (Bastar),24,34.6,2,0.21,6.5,5,1,16.3,4.0,0.1,0
PERS_2206,Head Constable,Counter-Insurgency (J&K),6,55.3,2,0.51,5.0,3,4,55.1,8.0,0.63,1
PERS_2207,Constable,Peace Station (HQ),75,65.6,0,0.22,5.0,2,6,21.5,7.9,0.02,2
PERS_2208,Constable,Dense Forest (Bastar),40,66.5,2,0.14,5.0,3,4,54.7,11.5,0.76,1
PERS_2209,Inspector,Border Outpost (Thar),16,46.1,4,0.25,6.0,5,4,115.3,8.6,0.12,1
PERS_2210,Constable,Counter-Insurgency (J&K),64,51.0,2,0.39,6.6,4,4,18.2,7.5,0.04,1
PERS_2211,Head Constable,High Altitude (Ladakh/Sikkim),63,74.4,3,0.21,4.4,2,7,111.7,15.5,0.26,2
PERS_2212,Constable,Dense Forest (Bastar),45,58.5,2,0.66,6.2,3,5,62.2,9.8,0.06,1
PERS_2213,ASI,Counter-Insurgency (J&K),83,55.4,3,0.17,5.1,2,8,17.4,9.5,0.03,2
PERS_2214,Head Constable,High Altitude (Ladakh/Sikkim),36,56.6,1,0.12,6.1,4,3,77.3,6.2,0.1,0
PERS_2215,Constable,Dense Forest (Bastar),24,46.0,1,0.4,6.8,5,1,43.2,1.0,0.01,0
PERS_2216,Constable,Counter-Insurgency (J&K),65,57.5,1,0.13,6.8,4,3,96.4,11.2,0.09,1
PERS_2217,Head Constable,Counter-Insurgency (J&K),37,54.5,2,0.16,5.5,3,4,44.2,6.0,0.11,1
PERS_2218,Head Constable,Dense Forest (Bastar),63,62.6,1,0.22,6.4,3,6,42.7,11.5,0.0,1
PERS_2219,Constable,Counter-Insurgency (J&K),48,43.0,2,0.45,7.4,5,3,38.0,5.8,0.2,0
PERS_2220,Inspector,Peace Station (HQ),57,57.3,3,0.31,5.3,3,6,71.0,8.8,0.16,2
PERS_2221,Constable,Dense Forest (Bastar),53,41.6,2,0.26,7.0,5,2,10.5,6.8,0.04,0
PERS_2222,Constable,Counter-Insurgency (J&K),93,76.1,1,0.22,4.2,1,6,28.7,14.1,0.13,2
PERS_2223,Sub-Inspector,High Altitude (Ladakh/Sikkim),24,46.2,3,0.43,6.1,4,3,12.1,9.2,0.04,1
PERS_2224,Constable,High Altitude (Ladakh/Sikkim),32,34.7,2,0.55,7.3,5,2,97.3,4.4,0.07,1
PERS_2225,Head Constable,Peace Station (HQ),48,80.6,2,0.5,4.3,1,8,54.9,16.4,0.19,2
PERS_2226,Constable,Dense Forest (Bastar),68,49.6,3,0.19,6.1,3,4,16.6,8.8,0.08,1
PERS_2227,Constable,Counter-Insurgency (J&K),57,54.6,4,0.58,4.9,3,8,30.7,12.1,0.04,1
PERS_2228,Inspector,Counter-Insurgency (J&K),48,35.8,2,0.15,6.7,5,1,64.5,6.5,0.1,0
PERS_2229,Constable,High Altitude (Ladakh/Sikkim),32,50.7,3,0.16,5.4,4,4,49.8,7.9,0.82,1
PERS_2230,Sub-Inspector,Peace Station (HQ),48,69.5,2,0.34,4.8,2,7,38.2,12.7,0.05,1
PERS_2231,Constable,High Altitude (Ladakh/Sikkim),13,56.3,2,0.13,5.6,4,4,9.1,7.0,0.07,0
PERS_2232,Constable,High Altitude (Ladakh/Sikkim),26,33.6,2,0.19,6.8,5,1,68.8,4.4,0.06,0
PERS_2233,Constable,Peace Station (HQ),73,47.7,2,0.55,5.9,2,5,78.8,7.9,0.06,1
PERS_2234,Head Constable,Dense Forest (Bastar),72,64.4,1,0.45,6.0,2,5,37.2,10.1,0.04,1
PERS_2235,Constable,Counter-Insurgency (J&K),65,60.9,2,0.17,5.4,3,6,35.1,12.6,0.0,1
PERS_2236,ASI,Dense Forest (Bastar),81,51.2,1,0.45,5.7,3,5,21.9,7.7,0.1,1
PERS_2237,Head Constable,Border Outpost (Thar),52,57.2,2,0.31,5.9,4,4,24.5,9.6,0.09,1
PERS_2238,Inspector,Border Outpost (Thar),68,42.8,2,0.04,5.9,3,3,40.6,8.6,0.03,0
PERS_2239,Constable,Border Outpost (Thar),97,44.6,3,0.14,7.0,4,4,12.4,7.9,0.06,1
PERS_2240,ASI,Peace Station (HQ),31,26.2,1,0.18,7.3,5,1,11.6,0.3,0.04,0
PERS_2241,ASI,High Altitude (Ladakh/Sikkim),17,59.0,3,0.31,6.2,4,3,49.1,7.3,0.04,1
PERS_2242,ASI,Dense Forest (Bastar),18,48.7,3,0.58,5.9,5,5,34.4,7.5,0.13,1
PERS_2243,ASI,Counter-Insurgency (J&K),67,54.7,2,0.29,5.5,4,5,64.4,11.2,0.03,1
PERS_2244,ASI,Border Outpost (Thar),151,32.4,3,0.43,6.1,3,7,14.2,7.6,0.15,1
PERS_2245,Head Constable,Dense Forest (Bastar),73,54.8,1,0.34,6.5,3,4,31.7,7.3,0.2,2
PERS_2246,Constable,Border Outpost (Thar),21,55.6,4,0.3,4.5,4,5,66.6,10.4,0.21,1
PERS_2247,Constable,Border Outpost (Thar),26,29.7,2,0.31,6.8,5,1,48.2,0.7,0.06,0
PERS_2248,Sub-Inspector,Counter-Insurgency (J&K),57,54.1,1,0.38,5.8,3,5,21.5,6.9,0.01,1
PERS_2249,Head Constable,Peace Station (HQ),20,49.3,1,0.05,6.5,5,1,33.5,4.8,0.12,0
PERS_2250,ASI,High Altitude (Ladakh/Sikkim),43,47.6,2,0.23,6.2,4,3,27.9,9.7,0.06,0
PERS_2251,Head Constable,Peace Station (HQ),31,64.2,1,0.4,6.3,4,4,18.8,8.2,0.07,0
PERS_2252,Constable,Dense Forest (Bastar),46,63.3,2,0.16,5.1,2,5,55.4,11.4,0.1,2
PERS_2253,Constable,Peace Station (HQ),33,84.5,1,0.38,4.7,1,7,23.7,13.6,0.04,2
PERS_2254,Head Constable,Dense Forest (Bastar),47,40.6,2,0.71,6.3,5,4,87.6,6.9,0.04,1
PERS_2255,Constable,Dense Forest (Bastar),56,57.9,2,0.12,5.0,3,5,11.3,7.8,0.16,1
PERS_2256,Constable,High Altitude (Ladakh/Sikkim),50,68.0,3,0.07,4.0,2,7,21.6,14.0,0.02,2
PERS_2257,Head Constable,Counter-Insurgency (J&K),28,43.9,2,0.03,4.5,3,4,49.1,7.0,0.9,0
PERS_2258,Constable,High Altitude (Ladakh/Sikkim),32,68.1,3,0.51,4.5,3,7,112.2,13.3,0.05,1
PERS_2259,Head Constable,Peace Station (HQ),69,58.5,3,0.23,4.8,2,8,32.0,12.9,0.09,2
PERS_2260,Constable,Dense Forest (Bastar),2,30.7,2,0.3,7.0,5,1,41.0,2.2,0.21,0
PERS_2261,ASI,Border Outpost (Thar),54,40.5,3,0.47,5.8,5,5,14.3,6.7,0.04,1
PERS_2262,Constable,Border Outpost (Thar),28,45.0,1,0.44,6.8,5,2,37.8,5.7,0.11,0
PERS_2263,Head Constable,Dense Forest (Bastar),86,55.7,3,0.14,6.0,2,5,19.9,11.8,0.05,2
PERS_2264,Constable,High Altitude (Ladakh/Sikkim),63,66.7,1,0.62,5.8,2,5,41.9,11.7,0.02,2
PERS_2265,Constable,Counter-Insurgency (J&K),12,48.3,3,0.33,5.1,4,4,43.6,8.1,0.73,1
PERS_2266,Constable,High Altitude (Ladakh/Sikkim),24,62.4,1,0.53,6.6,3,2,46.7,6.8,0.02,0
PERS_2267,Head Constable,Dense Forest (Bastar),60,55.1,1,0.29,7.6,4,2,55.7,9.3,0.13,0
PERS_2268,Head Constable,Dense Forest (Bastar),67,54.8,1,0.22,6.1,4,4,40.5,6.6,0.0,0
PERS_2269,Constable,Counter-Insurgency (J&K),11,46.2,1,0.16,6.6,5,1,29.9,5.9,0.17,0
PERS_2270,Head Constable,Peace Station (HQ),2,58.0,2,0.26,6.0,4,4,30.4,9.4,0.01,0
PERS_2271,ASI,Peace Station (HQ),24,51.7,2,0.05,6.3,4,1,44.5,8.0,0.01,0
PERS_2272,ASI,Counter-Insurgency (J&K),28,43.5,3,0.35,5.7,5,1,9.7,7.2,0.09,1
PERS_2273,Constable,Peace Station (HQ),17,53.0,1,0.31,6.0,4,2,23.3,6.5,0.06,0
PERS_2274,Head Constable,Border Outpost (Thar),36,47.0,1,0.27,6.4,3,1,18.8,4.5,0.01,0
PERS_2275,Constable,Peace Station (HQ),37,46.6,2,0.43,7.0,5,4,23.9,3.7,0.07,0
PERS_2276,Constable,Peace Station (HQ),55,65.3,1,0.48,5.3,3,7,25.9,9.6,0.1,2
PERS_2277,Inspector,Peace Station (HQ),22,48.6,3,0.41,5.6,4,4,22.6,7.9,0.1,1
PERS_2278,Constable,Border Outpost (Thar),6,69.9,1,0.07,5.9,4,1,64.2,7.4,0.26,0
PERS_2279,Head Constable,Peace Station (HQ),32,58.6,2,0.26,6.2,4,4,26.3,7.1,0.04,0
PERS_2280,Head Constable,Border Outpost (Thar),10,41.3,1,0.68,6.4,4,1,68.1,2.5,0.01,0
PERS_2281,Head Constable,Counter-Insurgency (J&K),55,45.2,1,0.11,6.0,4,2,46.3,6.0,0.09,1
PERS_2282,Head Constable,High Altitude (Ladakh/Sikkim),69,42.5,3,0.29,6.2,5,5,36.5,9.0,0.04,1
PERS_2283,Constable,Counter-Insurgency (J&K),33,57.4,2,0.36,5.6,3,4,33.0,9.0,0.03,1
PERS_2284,Constable,High Altitude (Ladakh/Sikkim),20,41.4,4,0.27,6.1,3,4,32.0,10.7,0.07,1
PERS_2285,Head Constable,Counter-Insurgency (J&K),19,27.2,2,0.2,6.5,5,1,14.0,2.0,0.14,0
PERS_2286,Constable,High Altitude (Ladakh/Sikkim),62,37.7,3,0.18,6.1,4,3,35.8,6.9,0.03,1
PERS_2287,Constable,High Altitude (Ladakh/Sikkim),51,42.1,4,0.52,5.7,5,6,48.8,10.8,0.02,1
PERS_2288,Constable,Dense Forest (Bastar),60,57.4,1,0.47,5.4,3,5,38.3,8.2,0.03,1
PERS_2289,Constable,High Altitude (Ladakh/Sikkim),41,51.3,3,0.39,5.8,3,3,46.8,8.7,0.04,1
PERS_2290,Constable,High Altitude (Ladakh/Sikkim),25,59.9,0,0.11,7.0,3,1,9.8,5.7,0.08,0
PERS_2291,Constable,Dense Forest (Bastar),16,40.5,2,0.12,6.0,4,1,19.8,6.3,0.04,0
PERS_2292,Head Constable,Peace Station (HQ),78,52.6,2,0.17,6.3,2,4,75.3,9.1,0.04,1
PERS_2293,Head Constable,Peace Station (HQ),30,68.5,2,0.54,4.8,3,7,29.3,11.3,0.0,1
PERS_2294,ASI,Dense Forest (Bastar),101,54.7,1,0.11,5.8,2,5,20.1,9.7,0.04,1
PERS_2295,Constable,Border Outpost (Thar),53,55.5,2,0.26,5.4,3,6,33.0,8.1,0.12,1
PERS_2296,Constable,High Altitude (Ladakh/Sikkim),151,56.5,3,0.06,5.7,1,7,24.8,14.1,0.09,2
PERS_2297,Constable,High Altitude (Ladakh/Sikkim),25,48.2,3,0.07,5.4,4,3,51.2,10.1,0.61,1
PERS_2298,Head Constable,Dense Forest (Bastar),111,63.9,2,0.33,4.9,2,8,33.5,14.7,0.01,2
PERS_2299,Head Constable,Dense Forest (Bastar),113,65.9,1,0.27,6.1,3,6,40.4,10.6,0.07,2
PERS_2300,Constable,Border Outpost (Thar),43,53.5,3,0.11,5.8,3,3,29.6,6.8,0.13,1
PERS_2301,Sub-Inspector,Peace Station (HQ),20,47.4,3,0.2,5.4,4,4,22.7,10.7,0.76,1
PERS_2302,Constable,Counter-Insurgency (J&K),25,51.8,1,0.24,7.5,5,1,18.0,3.6,0.07,0
PERS_2303,Head Constable,Peace Station (HQ),16,42.2,1,0.03,7.4,5,1,68.7,3.2,0.13,0
PERS_2304,Head Constable,High Altitude (Ladakh/Sikkim),28,48.6,3,0.42,6.6,4,4,40.7,8.0,0.14,1
PERS_2305,Sub-Inspector,Dense Forest (Bastar),28,54.1,3,0.12,6.4,4,3,43.4,5.6,0.02,1
PERS_2306,Head Constable,Border Outpost (Thar),68,64.7,0,0.23,5.7,2,4,17.1,9.8,0.06,1
PERS_2307,ASI,Peace Station (HQ),28,41.7,4,0.1,5.2,5,5,65.0,9.8,0.05,1
PERS_2308,Constable,Border Outpost (Thar),35,49.7,2,0.38,4.9,4,5,40.7,8.8,0.02,1
PERS_2309,ASI,Peace Station (HQ),67,44.6,4,0.03,6.3,3,6,63.2,8.9,0.07,2
PERS_2310,Constable,High Altitude (Ladakh/Sikkim),44,48.0,2,0.11,5.1,3,3,53.1,7.4,0.62,0
PERS_2311,Sub-Inspector,Counter-Insurgency (J&K),112,69.2,2,0.17,5.0,2,9,54.0,12.6,0.02,2
PERS_2312,Head Constable,Border Outpost (Thar),14,44.0,1,0.33,6.1,5,2,36.0,4.7,0.01,0
PERS_2313,ASI,Border Outpost (Thar),63,53.3,3,0.32,5.3,3,7,11.2,9.9,0.25,1
PERS_2314,Head Constable,Counter-Insurgency (J&K),49,40.5,2,0.2,6.6,5,2,21.2,2.3,0.04,0
PERS_2315,Head Constable,Border Outpost (Thar),6,43.0,3,0.35,7.0,5,2,22.4,5.7,0.06,1
PERS_2316,Head Constable,Border Outpost (Thar),12,33.7,0,0.26,8.3,5,1,31.7,1.8,0.22,0
PERS_2317,Head Constable,Peace Station (HQ),55,56.3,3,0.11,6.9,4,3,23.3,7.8,0.12,0
PERS_2318,Constable,Peace Station (HQ),74,59.1,2,0.69,5.6,4,8,25.2,9.8,0.06,1
PERS_2319,Constable,Counter-Insurgency (J&K),7,52.1,0,0.36,7.0,5,1,33.3,4.0,0.17,0
PERS_2320,Constable,High Altitude (Ladakh/Sikkim),89,60.9,1,0.23,5.1,3,6,33.3,8.3,0.04,1
PERS_2321,Constable,Border Outpost (Thar),24,53.8,1,0.03,5.8,3,1,15.4,6.1,0.01,0
PERS_2322,Sub-Inspector,High Altitude (Ladakh/Sikkim),98,42.5,2,0.26,5.6,3,5,23.2,10.0,0.06,1
PERS_2323,Constable,Counter-Insurgency (J&K),67,46.8,2,0.57,6.2,5,5,43.9,6.6,0.11,1
PERS_2324,Inspector,Counter-Insurgency (J&K),53,30.9,1,0.34,7.1,5,2,47.1,0.4,0.15,0
PERS_2325,Constable,Peace Station (HQ),39,47.3,1,0.39,6.4,5,3,20.6,5.6,0.05,0
PERS_2326,Constable,Border Outpost (Thar),47,44.0,2,0.43,5.6,4,5,24.8,5.9,0.09,1
PERS_2327,ASI,Dense Forest (Bastar),48,52.4,0,0.25,6.3,3,1,15.1,6.8,0.12,0
PERS_2328,Head Constable,Counter-Insurgency (J&K),60,78.6,1,0.38,4.7,2,9,43.4,14.6,0.05,2
PERS_2329,Head Constable,Border Outpost (Thar),40,59.8,2,0.18,4.2,3,6,85.9,8.4,0.1,1
PERS_2330,Head Constable,High Altitude (Ladakh/Sikkim),68,70.1,2,0.15,5.9,1,5,17.1,14.9,0.01,1
PERS_2331,Head Constable,Peace Station (HQ),51,61.3,2,0.07,6.1,4,3,106.6,8.4,0.23,1
PERS_2332,Constable,High Altitude (Ladakh/Sikkim),31,50.1,1,0.58,7.8,5,1,22.0,3.7,0.08,0
PERS_2333,Inspector,Counter-Insurgency (J&K),50,52.9,1,0.19,5.7,2,3,7.0,6.9,0.11,1
PERS_2334,Inspector,Counter-Insurgency (J&K),33,59.9,3,0.49,4.7,2,7,38.1,12.5,0.04,2
PERS_2335,Head Constable,High Altitude (Ladakh/Sikkim),72,57.7,3,0.13,6.3,3,5,65.6,13.3,0.02,1
PERS_2336,Constable,Counter-Insurgency (J&K),79,53.0,2,0.33,6.9,4,5,54.2,7.7,0.03,1
PERS_2337,Head Constable,Border Outpost (Thar),124,74.7,1,0.17,4.7,1,9,12.0,15.1,0.01,2
PERS_2338,Constable,Counter-Insurgency (J&K),42,56.6,2,0.26,4.9,3,6,20.6,11.5,0.15,1
PERS_2339,Constable,Peace Station (HQ),17,35.4,3,0.23,7.5,5,1,37.9,3.0,0.01,0
PERS_2340,Constable,Border Outpost (Thar),65,52.7,2,0.19,5.4,3,3,58.4,8.9,0.69,1
PERS_2341,Head Constable,Dense Forest (Bastar),37,52.2,3,0.35,5.8,4,4,6.0,10.6,0.02,1
PERS_2342,ASI,Counter-Insurgency (J&K),35,47.5,1,0.04,7.0,4,1,90.7,5.5,0.2,0
PERS_2343,Head Constable,Counter-Insurgency (J&K),25,46.6,2,0.26,6.0,4,4,15.9,6.2,0.06,0
PERS_2344,Head Constable,Peace Station (HQ),25,46.3,2,0.25,5.5,4,3,35.4,6.1,0.1,0
PERS_2345,Constable,Peace Station (HQ),60,36.2,2,0.18,7.5,4,4,6.9,4.7,0.17,0
PERS_2346,Constable,High Altitude (Ladakh/Sikkim),29,31.3,2,0.23,6.3,5,1,40.4,1.1,0.12,0
PERS_2347,Constable,High Altitude (Ladakh/Sikkim),32,44.7,2,0.17,5.4,4,3,55.4,6.4,0.71,0
PERS_2348,Inspector,High Altitude (Ladakh/Sikkim),47,48.7,3,0.27,5.7,3,3,8.5,9.0,0.02,1
PERS_2349,Constable,Peace Station (HQ),54,40.0,3,0.37,5.3,4,6,35.5,8.1,0.09,0
PERS_2350,ASI,High Altitude (Ladakh/Sikkim),12,39.0,0,0.15,7.8,5,1,35.1,1.6,0.02,0
PERS_2351,Head Constable,High Altitude (Ladakh/Sikkim),27,48.2,2,0.15,7.0,4,1,17.1,5.3,0.17,0
PERS_2352,Constable,Dense Forest (Bastar),24,60.7,3,0.35,5.5,3,6,12.7,10.7,0.05,1
PERS_2353,Head Constable,High Altitude (Ladakh/Sikkim),24,60.1,1,0.73,6.9,4,5,48.7,5.8,0.11,1
PERS_2354,Head Constable,Counter-Insurgency (J&K),39,61.9,1,0.22,6.2,4,3,29.0,9.0,0.17,0
PERS_2355,Sub-Inspector,Peace Station (HQ),37,41.6,0,0.34,7.2,5,2,13.5,2.1,0.01,0
PERS_2356,Sub-Inspector,Border Outpost (Thar),45,50.3,0,0.21,6.1,3,1,38.9,7.8,0.1,0
PERS_2357,Constable,Dense Forest (Bastar),40,64.4,3,0.09,4.0,3,7,42.4,13.0,0.17,1
PERS_2358,Constable,Peace Station (HQ),35,33.9,2,0.04,7.4,5,2,59.8,1.7,0.01,0
PERS_2359,Head Constable,Peace Station (HQ),9,44.3,2,0.22,6.8,4,1,11.8,3.9,0.13,0
PERS_2360,Sub-Inspector,Counter-Insurgency (J&K),23,52.5,1,0.24,5.9,4,2,22.0,7.9,0.04,0
PERS_2361,Constable,High Altitude (Ladakh/Sikkim),116,42.5,0,0.57,7.2,3,4,9.0,3.7,0.05,1
PERS_2362,Head Constable,Counter-Insurgency (J&K),86,60.9,3,0.41,5.3,3,8,46.5,9.4,0.04,2
PERS_2363,Head Constable,High Altitude (Ladakh/Sikkim),127,76.2,2,0.58,4.2,1,10,30.2,17.1,0.02,2
PERS_2364,Head Constable,High Altitude (Ladakh/Sikkim),36,63.8,0,0.07,7.2,4,1,33.8,8.2,0.11,0
PERS_2365,Constable,Peace Station (HQ),22,48.4,4,0.38,5.4,5,7,67.4,6.0,0.02,1
PERS_2366,Head Constable,High Altitude (Ladakh/Sikkim),83,64.4,2,0.18,5.6,2,7,32.7,14.2,0.11,2
PERS_2367,Sub-Inspector,Dense Forest (Bastar),57,36.5,2,0.34,6.8,4,2,33.7,4.4,0.01,1
PERS_2368,Constable,Dense Forest (Bastar),29,53.7,2,0.34,6.0,3,4,59.5,5.3,0.15,1
PERS_2369,Constable,Dense Forest (Bastar),67,51.7,0,0.23,5.9,3,3,41.1,6.0,0.02,1
PERS_2370,Inspector,Peace Station (HQ),35,50.0,2,0.52,6.0,3,4,87.8,9.5,0.0,2
PERS_2371,Constable,Counter-Insurgency (J&K),28,51.8,2,0.39,5.4,3,6,14.6,4.8,0.21,1
PERS_2372,ASI,Border Outpost (Thar),34,55.3,1,0.29,7.6,3,1,84.7,6.3,0.02,1
PERS_2373,Head Constable,High Altitude (Ladakh/Sikkim),18,35.3,2,0.27,7.0,5,1,29.2,5.8,0.18,0
PERS_2374,Constable,Border Outpost (Thar),33,41.5,1,0.29,6.8,4,3,45.9,3.8,0.06,0
PERS_2375,Sub-Inspector,Counter-Insurgency (J&K),78,53.2,2,0.49,6.0,3,6,24.6,9.1,0.02,1
PERS_2376,Constable,Counter-Insurgency (J&K),57,35.9,1,0.59,7.5,4,2,30.1,4.3,0.07,0
PERS_2377,Head Constable,Peace Station (HQ),47,54.1,3,0.66,5.3,4,7,36.7,10.7,0.07,1
PERS_2378,Constable,Dense Forest (Bastar),28,59.1,3,0.51,5.4,3,6,50.1,9.5,0.1,1
PERS_2379,Head Constable,Dense Forest (Bastar),95,71.4,1,0.13,5.5,1,6,12.5,13.3,0.03,2
PERS_2380,Constable,Counter-Insurgency (J&K),67,55.7,3,0.5,5.3,2,6,30.9,12.6,0.15,2
PERS_2381,Constable,Peace Station (HQ),26,69.5,2,0.51,5.7,2,5,31.3,8.2,0.03,2
PERS_2382,Inspector,Peace Station (HQ),10,48.6,2,0.27,5.1,5,3,44.1,8.3,0.68,0
PERS_2383,Constable,High Altitude (Ladakh/Sikkim),41,39.5,3,0.27,5.9,4,3,10.0,4.9,0.08,1
PERS_2384,Head Constable,Dense Forest (Bastar),57,53.1,0,0.26,6.5,3,2,99.7,5.7,0.17,0
PERS_2385,Constable,Counter-Insurgency (J&K),25,48.4,1,0.12,6.5,5,2,75.0,4.1,0.04,0
PERS_2386,ASI,Border Outpost (Thar),52,58.4,1,0.12,5.8,3,4,66.6,7.1,0.08,0
PERS_2387,Constable,Dense Forest (Bastar),31,53.8,2,0.27,5.4,3,6,14.8,10.3,0.14,2
PERS_2388,Inspector,High Altitude (Ladakh/Sikkim),20,52.0,1,0.13,7.1,5,1,22.5,6.2,0.03,0
PERS_2389,Head Constable,Peace Station (HQ),45,62.2,2,0.49,4.7,2,5,18.4,12.8,0.03,2
PERS_2390,Constable,Counter-Insurgency (J&K),23,46.0,1,0.26,7.0,4,1,23.8,3.1,0.07,0
PERS_2391,Constable,Dense Forest (Bastar),58,59.2,2,0.06,5.1,2,3,63.9,11.7,0.62,1
PERS_2392,Constable,Border Outpost (Thar),67,57.5,0,0.29,6.7,4,3,44.6,8.8,0.21,0
PERS_2393,Head Constable,High Altitude (Ladakh/Sikkim),76,56.7,1,0.17,6.8,4,5,21.3,8.0,0.02,1
PERS_2394,Constable,High Altitude (Ladakh/Sikkim),23,49.6,1,0.37,4.6,3,4,50.3,5.8,0.61,1
PERS_2395,ASI,Dense Forest (Bastar),16,36.9,2,0.25,6.3,5,1,63.7,3.9,0.04,0
PERS_2396,Constable,Border Outpost (Thar),47,50.2,3,0.29,5.0,4,7,14.0,8.0,0.08,1
PERS_2397,Constable,High Altitude (Ladakh/Sikkim),78,53.9,0,0.13,6.6,4,2,21.0,6.1,0.02,0
PERS_2398,Head Constable,Counter-Insurgency (J&K),62,47.0,3,0.12,6.3,3,5,60.7,8.0,0.12,1
PERS_2399,Head Constable,High Altitude (Ladakh/Sikkim),24,36.8,3,0.36,7.4,5,1,65.7,2.1,0.14,0
PERS_2400,Constable,Border Outpost (Thar),26,45.0,4,0.35,5.9,5,5,26.3,9.3,0.02,1
PERS_2401,Constable,Peace Station (HQ),31,46.4,2,0.33,6.1,4,3,14.5,5.3,0.11,0
PERS_2402,Constable,Peace Station (HQ),76,42.2,1,0.14,6.6,2,2,53.1,6.7,0.02,0
PERS_2403,Head Constable,Dense Forest (Bastar),49,39.5,1,0.1,8.0,4,1,93.9,4.6,0.13,0
PERS_2404,Head Constable,Border Outpost (Thar),47,31.8,1,0.26,6.6,5,1,18.2,0.2,0.27,0
PERS_2405,Head Constable,High Altitude (Ladakh/Sikkim),3,51.3,2,0.27,6.2,4,3,26.9,7.5,0.09,0
PERS_2406,ASI,High Altitude (Ladakh/Sikkim),40,61.8,2,0.13,6.0,3,5,35.7,10.5,0.11,1
PERS_2407,ASI,Peace Station (HQ),80,56.2,2,0.19,5.4,4,6,18.8,11.8,0.1,1
PERS_2408,Head Constable,Peace Station (HQ),75,51.5,0,0.08,7.0,4,1,46.6,6.4,0.13,0
PERS_2409,ASI,Counter-Insurgency (J&K),53,39.4,0,0.62,6.7,4,2,59.4,-0.1,0.08,0
PERS_2410,Constable,Peace Station (HQ),25,28.5,4,0.18,6.7,5,2,43.5,3.0,0.11,0
PERS_2411,Constable,Counter-Insurgency (J&K),22,49.9,5,0.28,4.7,4,8,44.1,10.5,0.03,2
PERS_2412,Constable,High Altitude (Ladakh/Sikkim),37,57.9,2,0.19,5.9,3,3,29.0,7.7,0.06,1
PERS_2413,Constable,Counter-Insurgency (J&K),80,47.7,1,0.43,6.3,4,4,32.7,5.5,0.13,1
PERS_2414,Head Constable,Counter-Insurgency (J&K),13,59.9,4,0.45,3.8,3,7,17.7,12.1,0.07,2
PERS_2415,Sub-Inspector,Dense Forest (Bastar),39,45.0,1,0.13,7.4,5,1,53.2,5.2,0.1,0
PERS_2416,Constable,Peace Station (HQ),61,64.9,2,0.46,5.8,4,6,58.0,13.0,0.03,2
PERS_2417,Constable,Counter-Insurgency (J&K),69,47.1,0,0.23,7.4,4,1,54.4,6.2,0.04,0
PERS_2418,Head Constable,High Altitude (Ladakh/Sikkim),77,29.1,2,0.42,7.5,4,3,29.5,4.5,0.07,0
PERS_2419,Sub-Inspector,Border Outpost (Thar),40,58.3,2,0.64,4.1,3,7,40.2,11.3,0.06,1
PERS_2420,Constable,Counter-Insurgency (J&K),6,39.4,3,0.35,6.9,5,1,92.7,5.0,0.01,0
PERS_2421,Head Constable,Peace Station (HQ),56,38.2,2,0.44,7.0,5,2,23.2,5.0,0.17,0
PERS_2422,Constable,Dense Forest (Bastar),31,55.9,3,0.27,6.0,3,3,5.0,8.5,0.04,1
PERS_2423,Constable,High Altitude (Ladakh/Sikkim),23,41.4,2,0.74,5.8,4,4,17.7,3.6,0.06,1
PERS_2424,Inspector,Dense Forest (Bastar),9,34.8,2,0.08,7.3,5,1,43.1,2.0,0.0,0
PERS_2425,Inspector,Border Outpost (Thar),33,64.4,1,0.24,5.9,4,3,32.9,8.4,0.13,1
PERS_2426,Constable,Counter-Insurgency (J&K),24,48.4,0,0.13,4.9,4,1,50.7,6.6,0.7,0
PERS_2427,Inspector,Counter-Insurgency (J&K),26,36.2,2,0.35,6.8,5,1,18.5,5.5,0.03,0
PERS_2428,Head Constable,Peace Station (HQ),41,47.5,3,0.16,5.7,4,5,70.6,6.6,0.06,0
PERS_2429,ASI,Counter-Insurgency (J&K),29,72.2,1,0.38,4.5,2,6,49.4,11.0,0.02,2
PERS_2430,Head Constable,High Altitude (Ladakh/Sikkim),20,51.1,0,0.16,7.1,4,1,76.6,3.1,0.11,0
PERS_2431,Head Constable,Border Outpost (Thar),50,46.6,1,0.53,6.8,3,5,95.9,5.0,0.08,0
PERS_2432,Head Constable,Dense Forest (Bastar),44,57.4,3,0.7,4.7,3,9,68.0,7.0,0.2,2
PERS_2433,Head Constable,Border Outpost (Thar),22,45.7,1,0.15,6.4,4,1,25.0,-0.1,0.05,0
PERS_2434,Constable,Counter-Insurgency (J&K),15,44.4,1,0.25,5.8,5,2,65.1,4.7,0.03,0
PERS_2435,Constable,Dense Forest (Bastar),57,47.1,0,0.32,7.3,3,2,36.9,5.2,0.11,1
PERS_2436,Constable,Peace Station (HQ),16,58.1,1,0.22,6.2,4,2,64.2,8.1,0.07,0
PERS_2437,Head Constable,Border Outpost (Thar),79,57.8,2,0.41,5.5,2,7,22.8,9.2,0.02,1
PERS_2438,Constable,Dense Forest (Bastar),13,63.5,4,0.38,4.1,3,7,15.9,14.6,0.11,2
PERS_2439,Head Constable,Dense Forest (Bastar),59,57.0,1,0.5,6.5,3,4,10.7,7.9,0.1,0
PERS_2440,Inspector,Dense Forest (Bastar),22,65.5,1,0.06,5.6,2,2,9.6,10.1,0.04,1
PERS_2441,Constable,High Altitude (Ladakh/Sikkim),36,58.1,3,0.08,5.6,4,4,45.0,10.8,0.01,1
PERS_2442,Head Constable,Border Outpost (Thar),68,52.2,3,0.65,5.5,3,5,30.8,11.5,0.26,1
PERS_2443,Constable,Dense Forest (Bastar),114,58.0,1,0.48,6.5,3,8,46.1,8.4,0.1,1
PERS_2444,ASI,Border Outpost (Thar),51,71.4,0,0.26,6.1,3,4,41.2,8.5,0.05,1
PERS_2445,Constable,Dense Forest (Bastar),79,68.9,4,0.12,4.5,2,8,22.1,13.8,0.12,2
PERS_2446,Head Constable,Peace Station (HQ),60,69.5,2,0.16,4.5,2,7,46.2,11.1,0.06,1
PERS_2447,ASI,Peace Station (HQ),20,39.9,3,0.29,6.6,5,3,18.0,4.5,0.03,0
PERS_2448,Sub-Inspector,Peace Station (HQ),52,34.4,1,0.11,7.4,5,1,8.3,1.8,0.12,0
PERS_2449,Head Constable,Counter-Insurgency (J&K),13,40.9,2,0.33,6.5,4,1,43.9,7.8,0.06,0
PERS_2450,Head Constable,Dense Forest (Bastar),66,56.3,2,0.09,5.3,3,5,64.3,12.3,0.01,1
PERS_2451,Head Constable,Counter-Insurgency (J&K),32,44.7,3,0.11,6.1,4,4,28.7,8.2,0.01,1
PERS_2452,ASI,Border Outpost (Thar),33,51.6,4,0.17,3.8,4,6,11.3,10.7,0.17,1
PERS_2453,Head Constable,Counter-Insurgency (J&K),46,48.1,0,0.06,7.2,5,1,29.6,4.1,0.1,0
PERS_2454,Constable,Border Outpost (Thar),34,33.8,2,0.28,7.2,5,1,56.6,5.8,0.25,0
PERS_2455,Sub-Inspector,Border Outpost (Thar),16,53.9,1,0.42,6.9,4,2,24.7,5.2,0.03,0
PERS_2456,Head Constable,Border Outpost (Thar),16,49.9,3,0.57,5.6,5,6,48.5,6.2,0.06,0
PERS_2457,Head Constable,Counter-Insurgency (J&K),21,63.4,2,0.3,6.0,4,3,21.2,13.3,0.0,0
PERS_2458,Constable,Dense Forest (Bastar),8,50.4,3,0.21,5.3,4,2,59.6,8.5,0.62,1
PERS_2459,Head Constable,Counter-Insurgency (J&K),42,60.0,1,0.63,5.5,3,7,58.9,12.0,0.26,1
PERS_2460,Constable,Dense Forest (Bastar),41,43.9,1,0.45,7.8,5,1,23.4,4.0,0.05,0
PERS_2461,Head Constable,Dense Forest (Bastar),31,54.6,0,0.29,6.3,3,2,19.0,5.9,0.19,0
PERS_2462,Constable,Border Outpost (Thar),38,59.9,1,0.24,4.5,2,6,16.6,11.0,0.13,1
PERS_2463,Head Constable,Counter-Insurgency (J&K),35,57.1,1,0.28,7.0,5,3,30.8,6.9,0.09,0
PERS_2464,Inspector,Dense Forest (Bastar),32,48.9,4,0.26,6.2,4,4,22.7,9.4,0.18,1
PERS_2465,Constable,Peace Station (HQ),29,54.4,2,0.29,5.6,3,4,35.0,10.0,0.09,1
PERS_2466,Inspector,Dense Forest (Bastar),42,58.4,2,0.26,5.5,4,6,31.8,12.2,0.01,1
PERS_2467,Constable,Peace Station (HQ),68,66.8,3,0.35,4.2,1,9,32.1,15.3,0.11,2
PERS_2468,Sub-Inspector,Counter-Insurgency (J&K),54,47.8,3,0.13,6.8,4,3,48.8,7.6,0.01,1
PERS_2469,ASI,Counter-Insurgency (J&K),70,43.8,2,0.22,7.3,5,4,48.8,5.7,0.06,0
PERS_2470,Head Constable,Counter-Insurgency (J&K),28,42.5,0,0.02,7.0,4,1,55.4,2.7,0.02,0
PERS_2471,Head Constable,Dense Forest (Bastar),44,53.9,1,0.41,6.3,3,4,20.1,7.3,0.12,1
PERS_2472,Sub-Inspector,High Altitude (Ladakh/Sikkim),26,50.6,2,0.23,7.0,4,3,66.5,5.8,0.05,0
PERS_2473,Constable,Dense Forest (Bastar),35,57.8,2,0.4,6.8,3,3,20.5,8.3,0.05,1
PERS_2474,Constable,Dense Forest (Bastar),44,60.7,2,0.1,5.6,4,4,29.5,11.5,0.02,1
PERS_2475,Head Constable,Border Outpost (Thar),3,29.4,2,0.2,7.6,5,1,68.1,0.7,0.01,0
PERS_2476,ASI,Border Outpost (Thar),36,46.8,3,0.24,5.8,4,3,46.1,9.1,0.01,1
PERS_2477,ASI,Dense Forest (Bastar),93,59.4,3,0.21,4.7,2,8,27.4,11.5,0.14,2
PERS_2478,ASI,Peace Station (HQ),35,62.7,4,0.27,4.8,4,7,73.4,12.0,0.06,2
PERS_2479,Constable,Border Outpost (Thar),25,50.0,3,0.59,6.6,4,5,24.9,9.2,0.15,1
PERS_2480,ASI,Dense Forest (Bastar),33,65.0,1,0.2,5.1,3,5,7.3,11.5,0.18,1
PERS_2481,Constable,High Altitude (Ladakh/Sikkim),30,56.5,0,0.23,6.7,4,1,14.1,3.6,0.0,0
PERS_2482,Head Constable,Peace Station (HQ),84,60.2,1,0.11,6.0,2,6,23.1,12.1,0.04,1
PERS_2483,Constable,Counter-Insurgency (J&K),14,48.3,2,0.23,5.4,4,3,36.5,7.6,0.73,1
PERS_2484,Constable,Dense Forest (Bastar),45,52.3,2,0.31,6.0,3,3,6.9,4.6,0.01,1
PERS_2485,Constable,Dense Forest (Bastar),50,56.3,1,0.2,6.1,4,4,47.8,6.1,0.17,1
PERS_2486,Constable,Peace Station (HQ),63,52.3,3,0.54,5.2,2,6,27.7,11.6,0.15,2
PERS_2487,Head Constable,Border Outpost (Thar),30,62.1,1,0.41,6.6,4,1,28.4,8.9,0.18,1
PERS_2488,Constable,Border Outpost (Thar),45,61.3,3,0.07,4.7,2,7,15.4,12.9,0.02,1
PERS_2489,Constable,Border Outpost (Thar),30,63.0,2,0.29,4.8,3,4,50.7,6.5,0.68,1
PERS_2490,Constable,Counter-Insurgency (J&K),38,41.4,0,0.37,7.9,4,1,51.9,2.2,0.19,0
PERS_2491,Constable,Peace Station (HQ),51,42.4,1,0.09,7.2,5,1,23.3,3.8,0.13,0
PERS_2492,Constable,Peace Station (HQ),116,64.5,0,0.23,6.2,2,6,45.6,9.9,0.05,1
PERS_2493,Constable,Border Outpost (Thar),25,49.7,0,0.18,7.4,5,1,52.7,2.5,0.0,0
PERS_2494,Head Constable,Border Outpost (Thar),49,55.5,2,0.25,5.7,3,4,58.0,5.7,0.05,1
PERS_2495,Head Constable,High Altitude (Ladakh/Sikkim),46,41.4,1,0.08,6.9,4,1,11.4,-0.4,0.09,0
PERS_2496,Head Constable,High Altitude (Ladakh/Sikkim),9,34.3,3,0.19,6.1,5,2,29.6,5.7,0.02,0
PERS_2497,Head Constable,Dense Forest (Bastar),50,55.3,1,0.38,6.7,3,2,42.9,5.9,0.06,1
PERS_2498,Constable,Dense Forest (Bastar),7,41.1,0,0.29,8.4,5,1,50.8,-0.4,0.02,0
PERS_2499,ASI,Peace Station (HQ),107,65.8,3,0.41,6.1,1,9,72.8,13.9,0.0,2
PERS_2500,Head Constable,Peace Station (HQ),61,47.9,2,0.51,6.6,3,5,10.0,7.3,0.08,1
PERS_2501,Head Constable,Counter-Insurgency (J&K),9,40.0,2,0.3,7.7,5,1,25.5,3.4,0.04,0
PERS_2502,Constable,Counter-Insurgency (J&K),52,30.5,1,0.26,7.3,5,1,18.7,4.3,0.01,0
PERS_2503,Constable,High Altitude (Ladakh/Sikkim),52,65.7,0,0.34,5.5,3,6,26.1,11.5,0.15,1
PERS_2504,Constable,Dense Forest (Bastar),62,61.2,1,0.04,5.2,2,4,22.4,12.3,0.72,1
PERS_2505,Constable,High Altitude (Ladakh/Sikkim),49,37.9,2,0.08,6.8,5,1,40.6,3.4,0.06,0
PERS_2506,Head Constable,High Altitude (Ladakh/Sikkim),43,32.3,0,0.2,7.8,5,1,22.7,2.6,0.0,0
PERS_2507,Head Constable,Dense Forest (Bastar),9,42.9,2,0.36,7.5,5,1,40.7,2.3,0.15,0
PERS_2508,Head Constable,Counter-Insurgency (J&K),120,69.5,3,0.26,4.2,1,10,13.2,17.0,0.08,2
PERS_2509,ASI,Dense Forest (Bastar),50,47.7,1,0.2,6.5,4,1,34.8,4.7,0.04,0
PERS_2510,ASI,Border Outpost (Thar),68,52.7,3,0.64,6.0,3,7,41.4,10.0,0.07,2
PERS_2511,Head Constable,Border Outpost (Thar),32,61.1,0,0.42,7.0,4,4,25.5,6.8,0.19,0
PERS_2512,Inspector,Border Outpost (Thar),37,41.8,3,0.12,6.4,5,3,31.1,6.9,0.09,0
PERS_2513,Constable,Peace Station (HQ),44,45.6,3,0.36,6.4,5,5,25.6,8.8,0.11,1
PERS_2514,Constable,Counter-Insurgency (J&K),37,53.9,1,0.34,6.8,4,2,32.7,6.5,0.04,0
PERS_2515,Constable,Counter-Insurgency (J&K),39,49.1,4,0.52,6.4,3,5,42.9,8.1,0.03,1
PERS_2516,Head Constable,Peace Station (HQ),16,40.8,1,0.19,6.0,5,1,74.8,3.3,0.05,0
PERS_2517,Sub-Inspector,High Altitude (Ladakh/Sikkim),46,59.7,1,0.52,5.6,3,5,27.5,7.8,0.02,1
PERS_2518,Constable,Border Outpost (Thar),15,54.7,2,0.09,6.7,4,1,37.3,7.0,0.03,0
PERS_2519,Sub-Inspector,Border Outpost (Thar),15,57.8,5,0.06,4.2,3,5,19.4,13.1,0.01,2
PERS_2520,Constable,High Altitude (Ladakh/Sikkim),3,46.8,3,0.25,6.3,4,3,77.3,5.6,0.02,1
PERS_2521,Sub-Inspector,Dense Forest (Bastar),88,39.2,1,0.33,5.7,4,4,54.9,4.9,0.16,1
PERS_2522,Constable,Dense Forest (Bastar),48,52.9,2,0.04,5.5,5,4,54.3,9.2,0.1,1
PERS_2523,Constable,Counter-Insurgency (J&K),45,40.8,0,0.07,6.4,4,1,60.9,5.0,0.01,0
PERS_2524,Head Constable,Peace Station (HQ),29,30.6,2,0.22,6.8,5,1,55.6,2.2,0.19,0
PERS_2525,Constable,Counter-Insurgency (J&K),80,53.3,2,0.07,5.6,4,6,10.8,9.8,0.01,1
PERS_2526,Constable,Dense Forest (Bastar),57,54.7,1,0.5,6.4,4,4,18.0,7.1,0.07,1
PERS_2527,Constable,High Altitude (Ladakh/Sikkim),13,65.3,2,0.3,5.9,4,3,87.0,12.6,0.09,1
PERS_2528,ASI,Counter-Insurgency (J&K),15,37.4,3,0.46,6.8,5,1,38.2,6.9,0.03,0
PERS_2529,Head Constable,Border Outpost (Thar),24,57.2,2,0.03,6.0,3,3,19.5,7.2,0.09,1
PERS_2530,Constable,Border Outpost (Thar),25,34.5,3,0.56,6.2,4,3,24.5,4.8,0.06,1
PERS_2531,Head Constable,High Altitude (Ladakh/Sikkim),4,61.1,1,0.22,5.1,3,4,43.6,7.9,0.67,1
PERS_2532,Head Constable,Dense Forest (Bastar),73,48.3,4,0.32,5.2,4,8,50.0,9.8,0.03,2
PERS_2533,Constable,Border Outpost (Thar),89,53.6,0,0.04,6.2,3,3,44.2,5.9,0.07,0
PERS_2534,Constable,Border Outpost (Thar),33,48.1,2,0.35,5.6,4,4,43.4,8.7,0.13,1
PERS_2535,Constable,Peace Station (HQ),38,59.4,3,0.17,4.2,2,8,33.9,8.2,0.05,1
PERS_2536,Constable,Counter-Insurgency (J&K),30,36.5,3,0.19,6.4,5,3,34.4,5.5,0.02,0
PERS_2537,Head Constable,Dense Forest (Bastar),82,54.4,1,0.69,6.3,3,6,21.0,9.3,0.1,1
PERS_2538,Constable,Counter-Insurgency (J&K),39,45.5,1,0.1,7.5,4,1,37.2,6.6,0.01,0
PERS_2539,Head Constable,Dense Forest (Bastar),114,81.4,2,0.2,4.9,1,9,8.3,17.6,0.11,2
PERS_2540,Head Constable,Border Outpost (Thar),43,41.5,1,0.12,7.4,5,1,24.8,1.6,0.02,0
PERS_2541,Constable,Peace Station (HQ),32,25.4,2,0.35,9.2,5,1,25.6,1.2,0.08,0
PERS_2542,Head Constable,Counter-Insurgency (J&K),53,70.2,1,0.13,4.9,2,5,22.0,14.2,0.01,1
PERS_2543,Constable,Border Outpost (Thar),109,63.8,1,0.4,5.4,1,7,14.1,10.0,0.0,2
PERS_2544,Inspector,Dense Forest (Bastar),41,44.2,0,0.1,7.1,4,1,36.7,2.4,0.1,0
PERS_2545,Head Constable,Counter-Insurgency (J&K),81,55.8,0,0.1,6.4,2,4,42.4,7.1,0.01,1
PERS_2546,ASI,Counter-Insurgency (J&K),72,47.2,3,0.09,4.8,3,5,57.7,10.8,0.01,1
PERS_2547,Head Constable,Border Outpost (Thar),9,29.3,2,0.0,6.9,5,1,29.4,3.9,0.05,0
PERS_2548,Constable,Counter-Insurgency (J&K),33,49.7,2,0.24,6.3,4,3,17.7,6.7,0.05,0
PERS_2549,Head Constable,Peace Station (HQ),12,47.5,1,0.33,7.3,5,2,17.2,5.9,0.23,0
PERS_2550,Inspector,Peace Station (HQ),21,53.5,1,0.14,5.5,5,1,48.8,6.1,0.03,0
PERS_2551,Head Constable,Border Outpost (Thar),65,44.8,2,0.25,5.6,3,2,5.0,5.4,0.04,0
PERS_2552,ASI,Dense Forest (Bastar),46,44.9,1,0.3,6.2,4,3,19.9,5.9,0.05,0
PERS_2553,Sub-Inspector,Border Outpost (Thar),31,47.3,3,0.11,6.0,5,1,24.6,7.7,0.08,0
PERS_2554,Constable,Peace Station (HQ),54,43.6,4,0.2,5.0,4,5,22.9,9.7,0.11,2
PERS_2555,Constable,High Altitude (Ladakh/Sikkim),22,61.6,3,0.15,4.1,3,7,75.1,12.7,0.08,2
PERS_2556,Head Constable,High Altitude (Ladakh/Sikkim),15,58.0,2,0.19,4.7,4,4,20.4,9.1,0.7,1
PERS_2557,Constable,Counter-Insurgency (J&K),6,43.4,2,0.26,6.3,5,2,27.5,6.7,0.11,0
PERS_2558,ASI,Counter-Insurgency (J&K),86,61.9,4,0.37,4.4,2,10,28.6,17.2,0.08,2
PERS_2559,Sub-Inspector,High Altitude (Ladakh/Sikkim),79,43.5,2,0.04,6.9,4,2,54.1,7.6,0.01,1
PERS_2560,Constable,Peace Station (HQ),42,47.6,2,0.2,6.6,3,3,40.6,8.0,0.16,1
PERS_2561,Constable,Counter-Insurgency (J&K),75,70.1,2,0.29,5.5,3,5,22.8,9.0,0.01,1
PERS_2562,ASI,Border Outpost (Thar),96,64.1,2,0.11,5.2,2,6,43.4,13.1,0.08,2
PERS_2563,Constable,Border Outpost (Thar),85,59.4,2,0.1,5.0,1,6,24.7,11.4,0.01,2
PERS_2564,ASI,Peace Station (HQ),29,47.3,2,0.07,6.4,2,1,27.8,5.7,0.1,0
PERS_2565,Constable,Counter-Insurgency (J&K),63,53.9,2,0.49,5.0,2,6,102.0,7.1,0.11,2
PERS_2566,Head Constable,Border Outpost (Thar),70,40.3,3,0.39,6.5,4,5,53.3,8.1,0.09,1
PERS_2567,Constable,Counter-Insurgency (J&K),12,46.0,1,0.37,7.0,5,1,15.6,2.8,0.06,0
PERS_2568,Head Constable,Counter-Insurgency (J&K),72,59.0,2,0.06,6.2,3,5,10.5,7.8,0.05,1
PERS_2569,Head Constable,Border Outpost (Thar),21,49.8,0,0.17,7.5,5,1,13.2,5.9,0.13,0
PERS_2570,Head Constable,High Altitude (Ladakh/Sikkim),75,55.2,3,0.04,5.6,3,7,28.8,10.1,0.02,1
PERS_2571,Constable,Border Outpost (Thar),59,47.4,1,0.26,5.6,4,4,53.1,4.9,0.14,1
PERS_2572,Head Constable,Peace Station (HQ),55,44.4,1,0.22,6.6,3,3,18.2,5.3,0.01,0
PERS_2573,ASI,Dense Forest (Bastar),31,41.1,3,0.14,6.5,5,3,31.7,6.2,0.12,1
PERS_2574,Constable,Border Outpost (Thar),30,48.5,2,0.3,7.0,4,4,22.9,7.6,0.01,0
PERS_2575,Constable,Counter-Insurgency (J&K),180,73.3,1,0.39,5.5,1,10,61.1,15.3,0.01,2
PERS_2576,Constable,Counter-Insurgency (J&K),29,42.3,1,0.4,6.1,4,1,61.4,5.8,0.08,0
PERS_2577,Head Constable,Border Outpost (Thar),17,50.1,4,0.1,6.1,5,4,47.0,6.1,0.04,1
PERS_2578,Head Constable,Dense Forest (Bastar),33,51.5,0,0.29,6.9,4,1,64.2,5.8,0.05,0
PERS_2579,Head Constable,Border Outpost (Thar),22,59.5,0,0.11,6.7,4,1,69.7,7.7,0.08,0
PERS_2580,Constable,Dense Forest (Bastar),44,52.5,2,0.4,6.2,4,4,41.3,7.0,0.13,0
PERS_2581,Constable,Dense Forest (Bastar),24,35.5,2,0.43,6.5,5,1,71.9,5.1,0.03,0
PERS_2582,Head Constable,Peace Station (HQ),15,70.7,2,0.45,4.3,2,5,32.4,9.6,0.04,2
PERS_2583,Head Constable,Counter-Insurgency (J&K),61,63.8,2,0.17,5.4,3,4,55.6,12.5,0.68,2
PERS_2584,Inspector,Counter-Insurgency (J&K),45,57.3,3,0.1,4.7,3,8,57.6,9.5,0.11,2
PERS_2585,Constable,Dense Forest (Bastar),22,44.4,3,0.33,5.6,4,5,34.3,8.7,0.01,1
PERS_2586,Head Constable,Counter-Insurgency (J&K),95,54.3,3,0.15,5.1,3,9,28.0,10.6,0.02,1
PERS_2587,Constable,High Altitude (Ladakh/Sikkim),35,37.3,1,0.32,6.1,5,3,43.7,3.4,0.05,0
PERS_2588,Constable,Dense Forest (Bastar),147,59.4,2,0.35,5.9,1,9,5.0,11.0,0.15,2
PERS_2589,Head Constable,Counter-Insurgency (J&K),17,51.5,2,0.21,6.7,4,1,65.5,7.6,0.1,0
PERS_2590,Head Constable,High Altitude (Ladakh/Sikkim),57,53.4,2,0.08,6.2,2,4,62.5,8.3,0.0,1
PERS_2591,Inspector,Peace Station (HQ),26,68.1,1,0.35,4.2,2,7,43.3,8.4,0.1,1
PERS_2592,Constable,Counter-Insurgency (J&K),51,59.8,2,0.45,5.7,2,6,51.7,9.9,0.03,1
PERS_2593,Constable,High Altitude (Ladakh/Sikkim),67,64.4,3,0.25,5.4,2,7,18.5,12.6,0.07,2
PERS_2594,Head Constable,Border Outpost (Thar),73,60.7,1,0.26,5.6,1,5,42.6,7.7,0.04,1
PERS_2595,Head Constable,Border Outpost (Thar),47,54.3,2,0.35,6.0,4,5,43.4,8.7,0.12,1
PERS_2596,Constable,High Altitude (Ladakh/Sikkim),81,60.6,2,0.36,5.7,2,7,25.2,11.6,0.0,2
PERS_2597,Constable,Dense Forest (Bastar),67,34.9,1,0.38,6.9,5,2,17.5,0.9,0.05,0
PERS_2598,Constable,Dense Forest (Bastar),117,57.1,2,0.15,5.1,2,9,11.7,9.7,0.01,1
PERS_2599,Sub-Inspector,Counter-Insurgency (J&K),147,48.7,1,0.32,5.4,3,7,53.3,10.0,0.04,2
PERS_2600,Constable,Border Outpost (Thar),26,38.8,2,0.14,6.4,5,1,66.3,5.2,0.02,0
PERS_2601,Constable,Dense Forest (Bastar),59,65.8,3,0.33,4.1,3,8,45.4,13.2,0.09,2
PERS_2602,Constable,Dense Forest (Bastar),7,37.9,2,0.07,6.6,5,1,54.9,5.5,0.07,0
PERS_2603,Constable,Border Outpost (Thar),30,37.8,1,0.48,7.7,5,1,47.1,1.3,0.28,0
PERS_2604,Constable,Peace Station (HQ),29,54.8,0,0.2,7.1,4,1,8.6,5.7,0.05,0
PERS_2605,Head Constable,Dense Forest (Bastar),55,52.8,3,0.32,4.7,3,5,38.7,9.5,0.04,1
PERS_2606,Constable,High Altitude (Ladakh/Sikkim),103,62.8,1,0.43,5.5,2,8,44.9,14.4,0.06,2
PERS_2607,ASI,Counter-Insurgency (J&K),63,71.9,0,0.23,5.7,2,6,30.9,10.9,0.12,1
PERS_2608,Constable,Dense Forest (Bastar),16,55.3,2,0.4,4.1,3,4,6.2,7.0,0.72,1
PERS_2609,Head Constable,Dense Forest (Bastar),46,37.1,2,0.15,6.7,5,1,5.8,7.6,0.02,0
PERS_2610,Sub-Inspector,Peace Station (HQ),75,64.8,3,0.49,4.5,2,9,35.4,10.6,0.06,2
PERS_2611,Head Constable,High Altitude (Ladakh/Sikkim),44,50.2,4,0.64,4.9,3,8,32.2,12.2,0.12,2
PERS_2612,Head Constable,Counter-Insurgency (J&K),44,54.1,1,0.11,6.4,4,3,18.5,5.5,0.0,0
PERS_2613,Constable,Dense Forest (Bastar),25,34.0,1,0.4,6.7,5,1,22.6,4.4,0.02,0
PERS_2614,Constable,Counter-Insurgency (J&K),11,54.1,2,0.28,6.1,3,2,49.2,6.8,0.04,1
PERS_2615,Head Constable,Border Outpost (Thar),85,43.5,3,0.16,6.1,4,4,33.6,6.5,0.1,1
PERS_2616,Inspector,Dense Forest (Bastar),3,53.6,1,0.27,7.1,4,1,36.2,5.9,0.07,0
PERS_2617,Head Constable,Dense Forest (Bastar),36,44.4,1,0.34,6.8,4,1,18.2,2.7,0.15,0
PERS_2618,Head Constable,Border Outpost (Thar),41,59.3,1,0.09,6.7,4,2,87.7,6.1,0.04,0
PERS_2619,Head Constable,Peace Station (HQ),79,42.9,3,0.25,6.9,3,4,21.0,6.1,0.1,0
PERS_2620,Head Constable,Dense Forest (Bastar),124,44.8,1,0.07,7.0,3,4,25.3,6.3,0.04,0
PERS_2621,Constable,Counter-Insurgency (J&K),82,50.8,4,0.15,5.0,2,8,26.5,10.8,0.11,2
PERS_2622,Head Constable,High Altitude (Ladakh/Sikkim),68,57.5,2,0.29,5.1,3,7,22.2,10.3,0.05,2
PERS_2623,Inspector,Counter-Insurgency (J&K),27,39.2,1,0.52,7.3,4,1,20.9,1.6,0.11,0
PERS_2624,Constable,Peace Station (HQ),25,52.5,1,0.41,7.4,4,2,40.9,2.4,0.07,0
PERS_2625,Head Constable,High Altitude (Ladakh/Sikkim),31,59.8,0,0.23,6.5,4,3,8.3,7.1,0.04,0
PERS_2626,Constable,Counter-Insurgency (J&K),53,40.1,2,0.09,6.8,4,1,10.6,6.0,0.05,0
PERS_2627,Head Constable,Counter-Insurgency (J&K),88,58.9,3,0.15,5.9,2,6,54.7,11.5,0.05,2
PERS_2628,Constable,Border Outpost (Thar),58,59.2,0,0.09,7.5,4,1,19.9,6.3,0.01,0
PERS_2629,Head Constable,Peace Station (HQ),109,57.0,2,0.28,5.6,1,7,45.6,12.4,0.05,2
PERS_2630,ASI,Border Outpost (Thar),55,52.7,3,0.68,5.6,4,9,17.6,10.4,0.08,1
PERS_2631,Constable,High Altitude (Ladakh/Sikkim),31,37.0,1,0.15,6.7,4,1,36.0,4.3,0.22,0
PERS_2632,Head Constable,Border Outpost (Thar),17,54.1,2,0.06,5.9,5,3,48.8,7.7,0.1,0
PERS_2633,ASI,Peace Station (HQ),47,53.3,1,0.34,6.6,4,4,33.6,8.3,0.08,0
PERS_2634,Sub-Inspector,Dense Forest (Bastar),28,52.3,1,0.21,6.3,4,2,43.5,7.4,0.02,0
PERS_2635,Constable,Dense Forest (Bastar),59,74.5,2,0.08,4.2,2,7,60.4,11.2,0.01,2
PERS_2636,Constable,High Altitude (Ladakh/Sikkim),64,52.3,1,0.5,5.8,2,4,41.0,5.9,0.07,1
PERS_2637,Constable,Dense Forest (Bastar),11,52.3,2,0.16,6.4,4,3,9.8,5.2,0.07,0
PERS_2638,Inspector,Border Outpost (Thar),103,71.2,3,0.2,4.5,1,9,48.9,15.8,0.01,2
PERS_2639,Sub-Inspector,High Altitude (Ladakh/Sikkim),20,49.5,0,0.31,7.0,5,1,43.0,5.6,0.14,0
PERS_2640,Head Constable,Peace Station (HQ),35,44.3,1,0.37,6.0,4,2,45.6,5.4,0.12,1
PERS_2641,ASI,High Altitude (Ladakh/Sikkim),40,56.0,3,0.03,5.2,3,3,68.4,11.2,0.65,1
PERS_2642,Head Constable,High Altitude (Ladakh/Sikkim),23,43.4,1,0.04,6.6,4,1,79.7,0.2,0.01,0
PERS_2643,Head Constable,Counter-Insurgency (J&K),15,61.5,1,0.17,4.9,3,5,43.3,9.3,0.11,1
PERS_2644,Constable,Counter-Insurgency (J&K),50,58.1,2,0.14,6.1,3,5,42.1,8.0,0.13,1
PERS_2645,ASI,High Altitude (Ladakh/Sikkim),105,49.9,3,0.28,6.0,3,6,54.9,13.0,0.07,2
PERS_2646,Constable,Dense Forest (Bastar),40,39.5,1,0.14,7.2,5,3,21.9,6.6,0.13,0
PERS_2647,ASI,Counter-Insurgency (J&K),16,51.2,3,0.05,4.6,4,5,19.4,9.3,0.09,1
PERS_2648,ASI,Peace Station (HQ),23,52.9,2,0.29,6.4,5,2,54.9,7.1,0.01,0
PERS_2649,Head Constable,Border Outpost (Thar),40,39.6,2,0.27,6.8,5,2,34.0,5.4,0.06,0
PERS_2650,Constable,Counter-Insurgency (J&K),39,59.8,2,0.09,5.5,3,4,42.0,9.4,0.04,1
PERS_2651,Constable,High Altitude (Ladakh/Sikkim),40,58.7,0,0.21,6.5,4,1,12.7,7.5,0.02,0
PERS_2652,Constable,Dense Forest (Bastar),28,54.2,0,0.02,6.2,4,1,79.6,5.1,0.14,0
PERS_2653,Constable,Border Outpost (Thar),73,62.9,1,0.02,5.7,3,5,28.7,8.8,0.02,1
PERS_2654,Constable,Counter-Insurgency (J&K),175,55.6,0,0.57,7.2,2,8,30.7,9.3,0.08,2
PERS_2655,Sub-Inspector,Dense Forest (Bastar),52,43.9,4,0.23,4.6,4,7,46.6,9.8,0.16,2
PERS_2656,Head Constable,Dense Forest (Bastar),51,50.5,2,0.08,6.6,4,3,17.0,7.9,0.03,0
PERS_2657,Constable,Dense Forest (Bastar),58,47.5,2,0.15,6.4,5,2,31.4,7.6,0.04,0
PERS_2658,Constable,High Altitude (Ladakh/Sikkim),74,60.4,3,0.35,5.3,4,7,66.4,13.9,0.04,2
PERS_2659,Constable,Peace Station (HQ),4,56.5,4,0.18,4.6,3,5,39.1,10.0,0.02,1
PERS_2660,Head Constable,Dense Forest (Bastar),45,45.5,4,0.66,5.3,3,7,120.0,8.9,0.23,2
PERS_2661,Head Constable,Border Outpost (Thar),4,39.7,3,0.59,5.4,4,4,18.0,6.5,0.63,1
PERS_2662,Sub-Inspector,Counter-Insurgency (J&K),92,65.7,1,0.12,5.3,1,6,27.7,8.9,0.02,2
PERS_2663,Head Constable,Border Outpost (Thar),20,40.2,0,0.3,7.7,5,1,59.3,-1.1,0.03,0
PERS_2664,Inspector,High Altitude (Ladakh/Sikkim),16,46.7,0,0.19,8.0,5,1,5.6,2.5,0.01,0
PERS_2665,ASI,High Altitude (Ladakh/Sikkim),107,48.6,0,0.12,7.1,3,4,35.8,5.4,0.05,0
PERS_2666,Constable,Border Outpost (Thar),87,50.8,0,0.16,6.0,3,3,10.0,5.2,0.34,0
PERS_2667,Sub-Inspector,Peace Station (HQ),26,35.5,3,0.24,6.4,4,2,39.2,5.2,0.13,0
PERS_2668,Constable,High Altitude (Ladakh/Sikkim),26,63.4,3,0.19,4.4,2,6,12.5,10.0,0.06,2
PERS_2669,ASI,High Altitude (Ladakh/Sikkim),28,60.9,2,0.41,5.3,2,4,25.1,7.2,0.7,1
PERS_2670,Constable,Border Outpost (Thar),30,42.9,2,0.27,6.5,3,1,68.1,2.3,0.17,1
PERS_2671,Sub-Inspector,High Altitude (Ladakh/Sikkim),96,62.2,2,0.17,6.5,3,6,41.9,10.2,0.03,1
PERS_2672,ASI,Peace Station (HQ),19,35.5,1,0.52,7.5,5,1,20.8,1.6,0.02,0
PERS_2673,ASI,Peace Station (HQ),44,58.6,3,0.5,5.3,3,7,9.0,11.3,0.09,2
PERS_2674,ASI,Peace Station (HQ),116,50.8,1,0.51,6.7,4,7,38.7,8.2,0.14,1
PERS_2675,Constable,Counter-Insurgency (J&K),33,63.5,2,0.23,4.8,3,4,14.5,11.8,0.65,1
PERS_2676,Constable,Peace Station (HQ),151,68.2,1,0.16,6.3,2,8,24.2,13.0,0.02,2
PERS_2677,Constable,Peace Station (HQ),21,46.4,3,0.13,6.0,4,1,16.2,7.0,0.23,0
PERS_2678,Constable,Counter-Insurgency (J&K),11,45.0,2,0.09,6.2,5,1,16.0,7.9,0.15,0
PERS_2679,Head Constable,Dense Forest (Bastar),18,51.2,2,0.57,6.3,5,4,50.7,6.7,0.12,1
PERS_2680,Constable,High Altitude (Ladakh/Sikkim),47,43.5,0,0.05,8.1,4,1,14.5,4.5,0.11,0
PERS_2681,Inspector,Peace Station (HQ),15,60.7,1,0.4,6.0,4,2,59.6,7.4,0.08,0
PERS_2682,Head Constable,High Altitude (Ladakh/Sikkim),100,61.1,2,0.17,5.3,1,5,20.5,10.5,0.01,1
PERS_2683,ASI,Border Outpost (Thar),34,61.0,1,0.2,5.8,3,3,40.9,8.6,0.2,1
PERS_2684,Constable,High Altitude (Ladakh/Sikkim),43,27.8,3,0.28,7.3,5,2,12.8,6.7,0.02,0
PERS_2685,ASI,Counter-Insurgency (J&K),3,48.5,3,0.0,5.9,5,3,72.7,7.8,0.1,0
PERS_2686,Sub-Inspector,High Altitude (Ladakh/Sikkim),38,54.3,2,0.13,5.9,3,3,51.3,11.3,0.05,0
PERS_2687,Head Constable,High Altitude (Ladakh/Sikkim),42,52.2,1,0.08,6.2,5,5,31.5,10.2,0.04,0
PERS_2688,Head Constable,High Altitude (Ladakh/Sikkim),13,49.5,3,0.49,5.8,4,4,62.8,7.1,0.04,1
PERS_2689,ASI,Dense Forest (Bastar),54,50.2,1,0.37,5.6,4,3,23.7,4.2,0.03,0
PERS_2690,Constable,Dense Forest (Bastar),50,75.6,0,0.66,6.1,3,7,24.6,9.5,0.01,2
PERS_2691,Head Constable,Border Outpost (Thar),28,53.2,0,0.76,6.8,4,4,49.6,3.0,0.01,0
PERS_2692,Constable,Counter-Insurgency (J&K),15,50.7,0,0.56,6.2,5,3,27.6,3.8,0.18,0
PERS_2693,Constable,High Altitude (Ladakh/Sikkim),113,68.7,2,0.41,4.7,2,10,34.6,15.0,0.04,2
PERS_2694,Constable,High Altitude (Ladakh/Sikkim),43,46.7,1,0.07,7.1,5,2,28.0,5.9,0.04,0
PERS_2695,Constable,High Altitude (Ladakh/Sikkim),40,39.1,2,0.33,7.6,5,1,60.0,3.8,0.25,0
PERS_2696,Constable,High Altitude (Ladakh/Sikkim),50,62.1,2,0.18,5.6,2,3,8.1,12.8,0.09,1
PERS_2697,Constable,Dense Forest (Bastar),32,47.9,2,0.16,6.5,4,2,23.6,7.5,0.06,1
PERS_2698,Inspector,Border Outpost (Thar),56,67.2,1,0.4,5.2,2,5,32.6,11.6,0.11,1
PERS_2699,Head Constable,Peace Station (HQ),40,65.0,3,0.17,5.8,3,5,38.4,9.2,0.11,1
PERS_2700,Inspector,Counter-Insurgency (J&K),23,27.1,2,0.42,7.3,5,1,22.2,3.0,0.06,0
PERS_2701,Constable,High Altitude (Ladakh/Sikkim),180,66.7,1,0.59,5.5,1,10,39.3,12.0,0.14,2
PERS_2702,Constable,Border Outpost (Thar),30,61.8,2,0.11,5.4,4,4,23.8,10.4,0.73,1
PERS_2703,Head Constable,Peace Station (HQ),20,32.4,1,0.49,8.5,5,1,17.9,2.3,0.0,0
PERS_2704,Constable,Border Outpost (Thar),24,54.1,1,0.49,6.4,3,2,15.7,5.6,0.01,1
PERS_2705,Constable,Dense Forest (Bastar),30,57.6,5,0.34,4.7,3,6,54.3,11.3,0.12,2
PERS_2706,Head Constable,Peace Station (HQ),27,50.2,1,0.64,6.1,3,4,42.0,4.6,0.02,1
PERS_2707,Constable,Border Outpost (Thar),49,52.4,2,0.21,6.1,3,3,45.5,8.3,0.03,0
PERS_2708,Head Constable,Dense Forest (Bastar),45,64.5,1,0.65,5.3,3,6,12.6,12.4,0.01,1
PERS_2709,Head Constable,Border Outpost (Thar),105,43.6,3,0.26,5.6,2,8,21.9,8.0,0.08,2
PERS_2710,Constable,Border Outpost (Thar),41,60.4,1,0.34,6.2,3,5,15.7,8.3,0.11,1
PERS_2711,Constable,Peace Station (HQ),23,54.9,1,0.06,6.0,4,2,21.6,5.4,0.06,0
PERS_2712,ASI,Dense Forest (Bastar),85,69.5,2,0.28,4.5,1,9,49.8,11.3,0.04,2
PERS_2713,Head Constable,High Altitude (Ladakh/Sikkim),16,40.1,2,0.26,7.3,5,2,26.5,5.2,0.04,0
PERS_2714,Constable,Counter-Insurgency (J&K),17,64.5,2,0.23,4.7,4,5,49.9,9.6,0.06,1
PERS_2715,Inspector,Peace Station (HQ),35,37.6,2,0.17,7.9,5,1,19.6,5.6,0.02,0
PERS_2716,Constable,Dense Forest (Bastar),31,47.8,1,0.42,7.2,5,2,18.3,2.8,0.07,0
PERS_2717,Head Constable,Border Outpost (Thar),6,37.0,2,0.21,7.8,5,1,23.8,5.3,0.02,0
PERS_2718,Inspector,Dense Forest (Bastar),89,64.1,2,0.28,4.7,2,8,41.2,13.6,0.03,2
PERS_2719,Constable,Counter-Insurgency (J&K),8,41.2,2,0.3,6.9,5,1,51.0,3.4,0.22,0
PERS_2720,Constable,Counter-Insurgency (J&K),8,60.1,1,0.49,6.0,4,4,14.1,8.6,0.01,1
PERS_2721,Constable,High Altitude (Ladakh/Sikkim),14,32.5,2,0.19,7.6,5,1,10.4,3.3,0.11,0
PERS_2722,Constable,High Altitude (Ladakh/Sikkim),14,44.9,3,0.4,5.5,4,4,41.0,10.1,0.07,1
PERS_2723,Constable,Counter-Insurgency (J&K),55,71.4,2,0.51,5.4,3,8,13.0,10.2,0.04,2
PERS_2724,Head Constable,Peace Station (HQ),31,43.5,0,0.16,7.7,4,1,88.0,1.6,0.02,0
PERS_2725,Constable,Peace Station (HQ),14,60.0,2,0.5,5.3,4,5,53.8,7.7,0.14,1
PERS_2726,Head Constable,Border Outpost (Thar),79,62.9,2,0.05,4.3,2,7,16.9,11.7,0.02,2
PERS_2727,Inspector,High Altitude (Ladakh/Sikkim),89,43.8,1,0.45,7.4,3,4,26.8,3.3,0.08,2
PERS_2728,ASI,Border Outpost (Thar),26,52.7,2,0.34,5.8,4,3,35.9,5.5,0.04,0
PERS_2729,Head Constable,High Altitude (Ladakh/Sikkim),56,68.9,2,0.52,4.4,3,8,52.1,12.7,0.16,2
PERS_2730,Constable,Counter-Insurgency (J&K),4,44.3,0,0.12,7.0,5,1,21.0,0.8,0.05,0
PERS_2731,Head Constable,Peace Station (HQ),86,49.7,1,0.04,6.9,3,3,90.7,6.7,0.13,1
PERS_2732,Head Constable,Peace Station (HQ),69,58.2,1,0.32,5.9,3,6,19.9,8.5,0.16,1
PERS_2733,Constable,Counter-Insurgency (J&K),11,47.0,1,0.65,6.7,4,3,31.4,3.0,0.25,1
PERS_2734,Constable,Border Outpost (Thar),100,43.0,1,0.27,7.0,4,4,10.5,7.6,0.15,1
PERS_2735,Sub-Inspector,Border Outpost (Thar),60,51.8,0,0.48,6.2,2,2,7.3,4.2,0.1,0
PERS_2736,Constable,Dense Forest (Bastar),7,43.8,1,0.13,7.2,5,1,35.4,4.2,0.05,0
PERS_2737,Constable,High Altitude (Ladakh/Sikkim),21,48.8,3,0.34,6.0,5,1,20.1,6.4,0.06,0
PERS_2738,Constable,Border Outpost (Thar),41,28.1,3,0.09,8.1,5,1,9.4,3.1,0.05,0
PERS_2739,Constable,Counter-Insurgency (J&K),24,54.0,2,0.34,6.2,3,3,29.1,7.6,0.13,1
PERS_2740,ASI,Border Outpost (Thar),43,36.0,3,0.22,6.6,5,2,41.0,4.8,0.1,0
PERS_2741,Head Constable,Peace Station (HQ),69,62.4,1,0.12,4.7,2,6,23.0,11.5,0.06,1
PERS_2742,ASI,High Altitude (Ladakh/Sikkim),58,64.5,2,0.29,5.5,3,5,36.1,12.4,0.12,1
PERS_2743,Constable,Dense Forest (Bastar),59,34.0,1,0.13,8.5,5,1,46.0,1.9,0.06,0
PERS_2744,Constable,High Altitude (Ladakh/Sikkim),105,71.5,3,0.37,3.9,1,10,44.4,18.0,0.11,2
PERS_2745,Head Constable,Peace Station (HQ),26,49.4,1,0.51,5.6,5,3,45.5,5.4,0.05,1
PERS_2746,Constable,Peace Station (HQ),7,59.5,0,0.09,5.9,3,2,17.3,6.4,0.13,0
PERS_2747,Constable,Peace Station (HQ),54,62.7,1,0.51,6.1,3,6,72.2,8.2,0.25,1
PERS_2748,ASI,Peace Station (HQ),101,43.6,3,0.1,5.7,3,5,44.6,10.8,0.07,1
PERS_2749,Constable,Counter-Insurgency (J&K),53,44.8,1,0.65,6.3,4,4,47.1,5.9,0.03,1
PERS_2750,Head Constable,Dense Forest (Bastar),16,65.7,1,0.41,5.7,3,5,67.5,10.2,0.12,1
PERS_2751,Constable,Peace Station (HQ),51,40.7,1,0.36,7.1,4,2,51.7,3.8,0.08,1
PERS_2752,Constable,Peace Station (HQ),40,55.6,3,0.1,6.1,4,4,5.0,8.1,0.01,0
PERS_2753,Constable,Border Outpost (Thar),48,45.2,1,0.52,6.5,4,3,29.1,4.4,0.2,1
PERS_2754,Inspector,Dense Forest (Bastar),19,40.9,2,0.29,6.6,4,5,37.2,5.8,0.02,0
PERS_2755,ASI,High Altitude (Ladakh/Sikkim),27,50.5,1,0.38,5.2,4,3,39.0,5.2,0.61,0
PERS_2756,Inspector,Dense Forest (Bastar),43,74.2,2,0.04,4.2,2,6,34.7,15.6,0.08,2
PERS_2757,Head Constable,Dense Forest (Bastar),78,63.5,0,0.16,6.3,3,4,19.4,9.1,0.05,1
PERS_2758,Constable,Dense Forest (Bastar),34,40.9,1,0.04,6.8,5,1,21.0,2.1,0.09,0
PERS_2759,Head Constable,Peace Station (HQ),73,57.3,3,0.31,3.8,2,8,24.3,13.2,0.09,2
PERS_2760,Head Constable,Peace Station (HQ),23,31.7,2,0.09,7.5,5,1,37.1,1.4,0.03,0
PERS_2761,ASI,Counter-Insurgency (J&K),161,41.6,4,0.26,5.9,3,9,11.2,9.4,0.09,2
PERS_2762,Constable,High Altitude (Ladakh/Sikkim),23,52.0,3,0.28,4.9,4,4,42.4,10.0,0.63,1
PERS_2763,Head Constable,Border Outpost (Thar),26,57.7,2,0.23,6.0,3,2,18.7,8.7,0.0,1
PERS_2764,Constable,Dense Forest (Bastar),54,69.0,2,0.35,4.1,2,8,15.4,14.3,0.06,2
PERS_2765,Constable,High Altitude (Ladakh/Sikkim),51,56.8,3,0.09,4.7,2,7,31.0,11.7,0.25,2
PERS_2766,Head Constable,High Altitude (Ladakh/Sikkim),78,55.9,1,0.06,6.9,3,4,39.1,6.8,0.15,1
PERS_2767,Head Constable,Counter-Insurgency (J&K),54,50.0,0,0.11,7.7,5,1,54.0,5.9,0.01,0
PERS_2768,Constable,Border Outpost (Thar),28,56.1,1,0.12,6.5,3,1,36.9,5.6,0.22,0
PERS_2769,Constable,Dense Forest (Bastar),76,43.4,1,0.05,6.5,3,3,13.5,4.7,0.14,0
PERS_2770,Head Constable,Border Outpost (Thar),22,43.4,1,0.2,7.1,5,1,55.2,3.5,0.01,0
PERS_2771,ASI,Counter-Insurgency (J&K),50,41.2,4,0.48,5.9,4,4,65.5,6.2,0.12,1
PERS_2772,Sub-Inspector,Peace Station (HQ),10,43.8,3,0.42,4.9,4,6,73.5,8.9,0.05,1
PERS_2773,Inspector,High Altitude (Ladakh/Sikkim),121,52.9,2,0.28,5.2,3,6,65.8,10.7,0.01,1
PERS_2774,ASI,Dense Forest (Bastar),69,47.0,1,0.19,7.3,4,4,27.3,5.5,0.02,0
PERS_2775,Constable,Peace Station (HQ),54,47.0,1,0.52,5.1,2,4,10.2,10.1,0.65,2
PERS_2776,Head Constable,Counter-Insurgency (J&K),30,53.1,2,0.23,5.9,5,3,51.9,8.6,0.1,1
PERS_2777,Constable,Border Outpost (Thar),34,64.1,2,0.32,5.1,3,6,20.5,8.9,0.02,1
PERS_2778,Constable,High Altitude (Ladakh/Sikkim),9,51.8,3,0.09,5.0,4,5,12.8,10.8,0.0,0
PERS_2779,ASI,Dense Forest (Bastar),66,48.9,3,0.24,5.6,3,5,33.0,9.7,0.04,1
PERS_2780,Constable,Peace Station (HQ),20,54.4,1,0.33,6.2,4,2,9.0,4.7,0.13,0
PERS_2781,Sub-Inspector,Peace Station (HQ),125,61.6,1,0.3,5.8,2,9,89.7,11.3,0.08,2
PERS_2782,Head Constable,High Altitude (Ladakh/Sikkim),14,51.1,1,0.02,6.3,4,1,28.6,5.5,0.0,0
PERS_2783,Head Constable,Border Outpost (Thar),26,50.4,2,0.12,6.3,4,3,16.3,5.0,0.1,0
PERS_2784,Head Constable,Counter-Insurgency (J&K),32,68.5,0,0.22,6.2,4,5,9.7,8.6,0.01,1
PERS_2785,Sub-Inspector,Border Outpost (Thar),46,53.6,3,0.5,4.8,3,7,35.9,11.1,0.01,1
PERS_2786,Head Constable,Border Outpost (Thar),42,46.6,5,0.57,5.5,3,8,19.1,7.3,0.1,2
PERS_2787,Head Constable,Border Outpost (Thar),63,46.5,3,0.36,5.7,3,6,23.6,8.7,0.0,1
PERS_2788,Constable,High Altitude (Ladakh/Sikkim),91,66.1,3,0.37,3.4,2,10,39.5,16.9,0.14,2
PERS_2789,Head Constable,High Altitude (Ladakh/Sikkim),19,38.0,4,0.01,5.5,5,2,25.9,6.6,0.0,0
PERS_2790,Constable,Counter-Insurgency (J&K),8,62.4,3,0.26,4.8,4,4,8.4,11.4,0.6,1
PERS_2791,Head Constable,Border Outpost (Thar),102,39.0,2,0.37,5.8,4,6,24.3,8.0,0.2,1
PERS_2792,Head Constable,High Altitude (Ladakh/Sikkim),62,66.5,1,0.06,5.4,4,5,41.5,6.9,0.19,1
PERS_2793,Head Constable,Counter-Insurgency (J&K),22,58.2,1,0.2,5.8,4,3,53.3,6.7,0.01,0
PERS_2794,Constable,Counter-Insurgency (J&K),8,44.4,0,0.6,7.4,5,1,68.0,3.6,0.15,0
PERS_2795,Constable,Border Outpost (Thar),40,44.5,1,0.18,6.5,5,1,56.6,5.7,0.03,0
PERS_2796,Head Constable,Dense Forest (Bastar),68,67.1,3,0.04,4.4,2,6,55.7,15.2,0.02,1
PERS_2797,Constable,Border Outpost (Thar),16,67.6,2,0.33,5.5,3,5,37.9,10.2,0.0,2
PERS_2798,Constable,Dense Forest (Bastar),49,46.8,1,0.48,6.8,4,2,54.7,7.2,0.04,1
PERS_2799,Constable,Counter-Insurgency (J&K),31,56.9,0,0.6,6.7,3,4,26.3,7.3,0.04,0
PERS_2800,Inspector,High Altitude (Ladakh/Sikkim),27,60.5,0,0.26,6.1,4,4,73.4,9.5,0.01,1
PERS_2801,Head Constable,Peace Station (HQ),75,61.5,1,0.21,5.2,2,7,64.3,12.4,0.03,1
PERS_2802,Constable,Counter-Insurgency (J&K),10,49.5,0,0.19,7.3,5,1,46.9,3.3,0.05,0
PERS_2803,Constable,High Altitude (Ladakh/Sikkim),59,50.0,0,0.13,6.3,4,2,46.0,2.8,0.08,0
PERS_2804,Constable,Counter-Insurgency (J&K),46,55.4,1,0.33,7.1,3,2,26.1,5.7,0.2,0
PERS_2805,ASI,Border Outpost (Thar),48,31.9,2,0.4,6.4,5,3,32.1,3.3,0.03,0
PERS_2806,Head Constable,Dense Forest (Bastar),35,64.9,1,0.41,5.4,3,7,29.4,8.7,0.09,2
PERS_2807,Constable,Counter-Insurgency (J&K),28,33.7,2,0.12,7.6,5,1,29.0,1.8,0.15,0
PERS_2808,Constable,High Altitude (Ladakh/Sikkim),24,42.0,1,0.33,6.9,4,1,25.9,5.6,0.05,0
PERS_2809,Constable,Border Outpost (Thar),85,53.1,0,0.35,6.9,2,3,14.4,6.4,0.05,0
PERS_2810,Head Constable,Peace Station (HQ),35,41.5,2,0.58,6.6,4,4,39.2,5.6,0.08,0
PERS_2811,ASI,Border Outpost (Thar),29,39.6,1,0.04,6.2,5,1,12.5,3.6,0.19,0
PERS_2812,Constable,Dense Forest (Bastar),53,67.4,0,0.16,5.3,2,6,45.6,8.1,0.06,1
PERS_2813,Constable,Border Outpost (Thar),101,76.1,4,0.12,3.4,1,10,19.4,18.0,0.02,2
PERS_2814,Constable,Peace Station (HQ),52,68.7,2,0.63,4.8,3,9,14.4,12.3,0.03,2
PERS_2815,Inspector,High Altitude (Ladakh/Sikkim),44,60.8,2,0.32,5.8,3,6,19.2,11.4,0.07,1
PERS_2816,Constable,Counter-Insurgency (J&K),39,76.5,3,0.39,4.0,2,9,96.2,16.8,0.23,2
PERS_2817,ASI,Dense Forest (Bastar),67,52.0,3,0.47,5.3,4,6,35.4,10.6,0.04,2
PERS_2818,Head Constable,Peace Station (HQ),31,47.5,1,0.3,6.4,4,2,21.3,5.6,0.01,0
PERS_2819,Constable,Dense Forest (Bastar),71,55.2,3,0.41,5.7,3,7,60.1,10.0,0.12,2
PERS_2820,Constable,Border Outpost (Thar),77,70.0,3,0.6,3.9,2,10,57.2,16.8,0.01,2
PERS_2821,Constable,Dense Forest (Bastar),7,54.6,0,0.28,5.9,3,1,82.9,6.6,0.25,0
PERS_2822,Head Constable,Peace Station (HQ),71,72.4,2,0.28,4.6,2,9,14.5,14.3,0.05,2
PERS_2823,ASI,Counter-Insurgency (J&K),79,56.6,0,0.39,7.0,3,3,43.5,6.5,0.05,0
PERS_2824,Head Constable,Counter-Insurgency (J&K),33,36.3,2,0.05,6.5,5,1,23.5,5.0,0.07,0
PERS_2825,Head Constable,Dense Forest (Bastar),10,42.3,2,0.27,6.6,5,1,38.6,5.7,0.08,0
PERS_2826,Constable,High Altitude (Ladakh/Sikkim),41,62.3,1,0.43,5.2,4,4,42.5,8.1,0.66,1
PERS_2827,Inspector,Dense Forest (Bastar),43,47.4,3,0.3,5.3,4,6,24.4,8.9,0.27,1
PERS_2828,ASI,Border Outpost (Thar),29,51.9,3,0.19,6.3,4,4,50.9,7.0,0.03,1
PERS_2829,Constable,Counter-Insurgency (J&K),17,52.2,3,0.27,4.2,3,7,47.7,9.2,0.1,1
PERS_2830,Inspector,Counter-Insurgency (J&K),25,68.6,1,0.26,4.9,2,5,6.7,10.9,0.04,1
PERS_2831,Head Constable,Counter-Insurgency (J&K),68,63.6,0,0.29,5.0,2,6,12.9,11.0,0.06,1
PERS_2832,Head Constable,High Altitude (Ladakh/Sikkim),37,58.5,3,0.2,4.6,3,8,27.6,10.5,0.16,2
PERS_2833,Head Constable,High Altitude (Ladakh/Sikkim),18,51.4,1,0.2,6.9,4,1,38.3,3.3,0.04,0
PERS_2834,ASI,Peace Station (HQ),87,48.4,2,0.11,7.0,4,3,22.4,7.7,0.0,0
PERS_2835,Head Constable,Dense Forest (Bastar),70,57.4,3,0.16,4.4,2,7,46.6,12.2,0.0,2
PERS_2836,Constable,Dense Forest (Bastar),44,74.2,1,0.08,5.4,2,4,54.9,10.1,0.62,1
PERS_2837,Constable,Border Outpost (Thar),12,54.3,1,0.27,5.4,4,2,39.6,6.0,0.78,0
PERS_2838,Sub-Inspector,Counter-Insurgency (J&K),90,51.5,2,0.34,5.5,3,5,82.8,9.4,0.01,2
PERS_2839,Constable,High Altitude (Ladakh/Sikkim),121,55.9,1,0.39,6.3,3,7,31.2,10.9,0.06,1
PERS_2840,Constable,Border Outpost (Thar),67,68.9,2,0.24,3.8,2,7,9.4,11.5,0.09,1
PERS_2841,Constable,Border Outpost (Thar),59,48.6,0,0.01,6.6,4,1,18.3,4.8,0.03,0
PERS_2842,Constable,High Altitude (Ladakh/Sikkim),67,52.7,1,0.33,6.2,3,5,28.4,9.5,0.11,1
PERS_2843,Head Constable,Dense Forest (Bastar),124,49.0,3,0.51,4.4,1,10,32.1,11.1,0.01,2
PERS_2844,Sub-Inspector,Counter-Insurgency (J&K),68,52.0,1,0.04,5.8,2,4,6.7,8.4,0.25,2
PERS_2845,Constable,Dense Forest (Bastar),26,55.3,2,0.19,5.4,2,3,19.5,8.5,0.66,1
PERS_2846,Constable,Border Outpost (Thar),34,48.4,1,0.14,6.1,3,2,30.7,6.7,0.0,0
PERS_2847,Constable,Counter-Insurgency (J&K),38,52.0,2,0.17,5.6,3,3,12.7,8.1,0.01,1
PERS_2848,Sub-Inspector,Peace Station (HQ),46,41.1,5,0.29,5.4,4,6,45.9,10.3,0.1,1
PERS_2849,Head Constable,Border Outpost (Thar),79,50.3,2,0.09,6.1,2,5,45.8,9.9,0.01,1
PERS_2850,Constable,Dense Forest (Bastar),29,72.2,2,0.05,5.4,2,5,39.3,12.6,0.01,2
PERS_2851,ASI,Dense Forest (Bastar),21,48.8,0,0.25,6.8,4,1,23.6,4.9,0.11,0
PERS_2852,ASI,Dense Forest (Bastar),84,60.0,1,0.17,4.9,2,5,46.2,11.5,0.04,1
PERS_2853,ASI,High Altitude (Ladakh/Sikkim),39,43.9,3,0.23,4.6,3,4,31.1,8.1,0.61,2
PERS_2854,Sub-Inspector,Border Outpost (Thar),6,49.1,3,0.55,6.4,4,3,20.0,5.5,0.12,0
PERS_2855,Constable,Counter-Insurgency (J&K),58,51.1,2,0.18,5.9,3,5,20.8,11.0,0.04,1
PERS_2856,ASI,Dense Forest (Bastar),15,60.5,3,0.29,5.1,3,6,12.5,11.0,0.06,1
PERS_2857,Head Constable,Dense Forest (Bastar),54,63.9,1,0.42,6.1,4,6,30.6,10.9,0.07,1
PERS_2858,ASI,High Altitude (Ladakh/Sikkim),28,62.4,2,0.12,5.4,4,2,49.9,6.7,0.77,0
PERS_2859,Head Constable,Counter-Insurgency (J&K),11,49.9,1,0.02,7.2,4,1,30.9,7.0,0.02,0
PERS_2860,ASI,Border Outpost (Thar),37,72.1,2,0.34,5.1,2,5,26.6,11.2,0.02,1
PERS_2861,Head Constable,Peace Station (HQ),63,62.3,0,0.33,6.8,4,2,38.6,7.8,0.15,1
PERS_2862,Constable,High Altitude (Ladakh/Sikkim),73,41.0,3,0.07,5.6,3,6,27.6,7.5,0.01,1
PERS_2863,Head Constable,Border Outpost (Thar),11,64.5,3,0.44,5.1,3,5,30.8,8.6,0.11,1
PERS_2864,Inspector,Peace Station (HQ),22,50.1,1,0.45,6.7,5,2,30.2,5.6,0.11,1
PERS_2865,Sub-Inspector,Dense Forest (Bastar),65,65.9,2,0.06,4.5,2,6,14.5,14.6,0.11,2
PERS_2866,Constable,Dense Forest (Bastar),28,40.3,2,0.12,7.5,4,1,25.1,3.5,0.01,0
PERS_2867,Constable,Counter-Insurgency (J&K),20,49.3,1,0.02,6.4,4,1,19.9,4.6,0.09,0
PERS_2868,Constable,Peace Station (HQ),59,61.4,0,0.08,5.2,3,2,16.6,10.5,0.68,1
PERS_2869,Head Constable,Dense Forest (Bastar),22,52.6,1,0.31,6.7,4,1,8.2,6.1,0.03,0
PERS_2870,ASI,Dense Forest (Bastar),11,47.6,1,0.12,6.9,5,1,24.8,3.2,0.0,0
PERS_2871,Constable,Counter-Insurgency (J&K),32,26.6,2,0.02,7.2,5,1,16.5,1.1,0.01,0
PERS_2872,Head Constable,Border Outpost (Thar),39,44.5,1,0.21,7.1,3,1,13.6,3.9,0.12,1
PERS_2873,ASI,Dense Forest (Bastar),22,40.4,2,0.15,6.1,5,1,36.6,6.3,0.03,0
PERS_2874,Head Constable,High Altitude (Ladakh/Sikkim),7,30.1,2,0.14,7.5,5,1,30.7,-0.9,0.24,0
PERS_2875,Head Constable,High Altitude (Ladakh/Sikkim),40,44.9,4,0.1,5.9,5,6,30.5,8.7,0.19,1
PERS_2876,Head Constable,Border Outpost (Thar),73,73.9,3,0.5,4.3,2,9,43.5,15.3,0.16,2
PERS_2877,Head Constable,Peace Station (HQ),34,63.0,2,0.38,5.2,4,6,13.2,11.1,0.1,1
PERS_2878,Constable,Counter-Insurgency (J&K),13,40.9,1,0.2,6.9,5,1,30.1,3.8,0.04,0
PERS_2879,Head Constable,High Altitude (Ladakh/Sikkim),30,45.1,0,0.05,8.0,5,1,24.9,2.0,0.04,0
PERS_2880,Head Constable,High Altitude (Ladakh/Sikkim),64,48.5,1,0.28,6.2,3,5,15.0,4.9,0.14,1
PERS_2881,Sub-Inspector,Border Outpost (Thar),16,57.2,2,0.43,5.6,4,4,79.6,9.1,0.1,0
PERS_2882,Head Constable,Peace Station (HQ),38,55.8,1,0.34,6.0,4,3,24.4,8.9,0.1,1
PERS_2883,ASI,Peace Station (HQ),46,45.5,1,0.08,6.9,4,1,5.1,4.1,0.14,0
PERS_2884,Constable,Border Outpost (Thar),33,45.3,3,0.27,6.6,4,2,31.8,5.8,0.19,1
PERS_2885,Head Constable,High Altitude (Ladakh/Sikkim),17,60.5,2,0.42,6.1,4,4,12.5,8.4,0.03,1
PERS_2886,Constable,Counter-Insurgency (J&K),17,64.9,3,0.15,5.1,3,5,74.2,12.1,0.16,1
PERS_2887,Constable,High Altitude (Ladakh/Sikkim),47,43.7,3,0.59,6.1,5,5,31.6,7.4,0.0,1
PERS_2888,Head Constable,Peace Station (HQ),14,48.2,0,0.01,7.3,4,1,25.7,4.7,0.01,0
PERS_2889,Inspector,High Altitude (Ladakh/Sikkim),11,50.4,3,0.1,6.4,4,2,14.9,8.2,0.15,1
PERS_2890,Constable,Counter-Insurgency (J&K),58,51.9,0,0.3,6.1,4,3,56.8,6.3,0.1,1
PERS_2891,Constable,Dense Forest (Bastar),67,66.0,4,0.28,4.0,2,9,12.9,12.2,0.08,2
PERS_2892,ASI,High Altitude (Ladakh/Sikkim),30,49.5,2,0.28,5.6,4,4,29.6,9.0,0.04,1
PERS_2893,Constable,Border Outpost (Thar),99,77.0,2,0.31,4.8,1,8,38.9,11.4,0.01,2
PERS_2894,Head Constable,Dense Forest (Bastar),25,62.5,2,0.43,5.1,3,5,35.5,6.9,0.07,1
PERS_2895,Head Constable,Border Outpost (Thar),43,45.4,2,0.46,5.3,3,5,30.8,6.4,0.13,1
PERS_2896,Head Constable,Border Outpost (Thar),75,56.2,2,0.46,5.3,4,7,13.3,11.7,0.07,1
PERS_2897,Constable,Border Outpost (Thar),29,41.1,4,0.02,5.7,5,4,45.8,8.1,0.02,1
PERS_2898,Constable,High Altitude (Ladakh/Sikkim),86,52.7,3,0.16,5.7,2,6,31.0,10.2,0.15,1
PERS_2899,ASI,Peace Station (HQ),76,64.3,2,0.19,5.0,2,5,45.3,11.9,0.09,1
PERS_2900,Head Constable,Dense Forest (Bastar),67,57.2,2,0.26,5.0,2,7,25.3,12.1,0.02,2
PERS_2901,Constable,Counter-Insurgency (J&K),17,70.8,1,0.66,6.1,2,5,29.9,6.2,0.03,1
PERS_2902,ASI,Peace Station (HQ),77,43.5,3,0.16,6.2,3,5,13.3,8.3,0.1,1
PERS_2903,Constable,High Altitude (Ladakh/Sikkim),65,54.2,2,0.2,6.0,3,6,21.7,7.7,0.03,1
PERS_2904,Head Constable,Border Outpost (Thar),35,46.4,3,0.47,5.9,4,5,15.3,7.0,0.18,0
PERS_2905,Constable,Counter-Insurgency (J&K),19,46.7,2,0.27,5.5,5,4,47.1,8.2,0.02,1
PERS_2906,Inspector,Dense Forest (Bastar),67,55.1,1,0.53,6.2,3,3,33.0,6.4,0.07,2
PERS_2907,Constable,Peace Station (HQ),77,48.9,1,0.11,5.1,4,4,23.4,6.8,0.65,1
PERS_2908,Constable,Peace Station (HQ),33,60.9,0,0.31,6.5,4,3,19.3,6.9,0.07,0
PERS_2909,Constable,Counter-Insurgency (J&K),56,71.1,2,0.28,3.0,1,8,26.6,13.0,0.03,2
PERS_2910,Constable,High Altitude (Ladakh/Sikkim),62,30.8,1,0.25,7.1,4,1,77.6,4.5,0.03,0
PERS_2911,Sub-Inspector,Dense Forest (Bastar),14,63.3,2,0.05,5.2,3,4,26.5,10.6,0.6,0
PERS_2912,Inspector,Counter-Insurgency (J&K),76,80.8,0,0.1,5.2,2,7,32.3,11.7,0.01,1
PERS_2913,Constable,Border Outpost (Thar),85,58.4,1,0.54,5.2,3,6,8.7,11.8,0.01,2
PERS_2914,Constable,Dense Forest (Bastar),17,43.6,1,0.03,6.4,5,1,26.7,5.5,0.03,0
PERS_2915,Head Constable,Peace Station (HQ),21,44.4,1,0.24,6.0,5,1,41.6,6.4,0.03,0
PERS_2916,Sub-Inspector,Counter-Insurgency (J&K),45,49.4,0,0.32,7.6,5,1,23.5,2.7,0.14,0
PERS_2917,Head Constable,Peace Station (HQ),83,60.6,2,0.6,4.9,2,8,41.4,12.9,0.12,2
PERS_2918,Constable,Peace Station (HQ),90,52.7,1,0.55,6.2,3,6,33.9,6.4,0.0,1
PERS_2919,Constable,Peace Station (HQ),15,48.7,0,0.33,7.1,5,1,66.0,4.3,0.07,0
PERS_2920,Head Constable,High Altitude (Ladakh/Sikkim),50,43.4,4,0.08,5.9,3,3,30.3,7.0,0.07,1
PERS_2921,Constable,Peace Station (HQ),21,45.5,1,0.18,7.0,5,1,62.0,2.4,0.26,0
PERS_2922,Head Constable,Border Outpost (Thar),12,45.1,3,0.45,6.2,5,4,50.8,6.5,0.14,1
PERS_2923,Constable,Border Outpost (Thar),53,52.9,4,0.16,4.2,3,7,25.1,11.8,0.0,1
PERS_2924,ASI,Dense Forest (Bastar),47,38.1,2,0.8,7.0,5,4,27.2,4.7,0.05,1
PERS_2925,Constable,Peace Station (HQ),62,50.9,2,0.18,5.1,4,6,33.0,9.5,0.07,1
PERS_2926,Head Constable,Peace Station (HQ),81,54.0,1,0.24,6.4,4,6,34.8,8.1,0.14,1
PERS_2927,Head Constable,Counter-Insurgency (J&K),107,60.5,1,0.14,6.6,3,4,54.2,11.5,0.02,1
PERS_2928,Head Constable,High Altitude (Ladakh/Sikkim),77,69.7,2,0.27,4.2,3,7,37.1,13.1,0.15,2
PERS_2929,Constable,Dense Forest (Bastar),43,51.3,1,0.21,5.5,3,4,61.5,6.8,0.13,1
PERS_2930,Head Constable,Peace Station (HQ),52,41.0,1,0.77,8.0,5,2,11.8,1.7,0.02,0
PERS_2931,Head Constable,Counter-Insurgency (J&K),27,52.0,3,0.24,5.1,3,5,35.6,9.0,0.17,1
PERS_2932,Head Constable,High Altitude (Ladakh/Sikkim),124,53.3,1,0.3,6.6,2,5,43.5,7.0,0.0,2
PERS_2933,Head Constable,Dense Forest (Bastar),50,45.7,2,0.15,5.3,5,4,15.0,6.4,0.67,0
PERS_2934,Head Constable,Dense Forest (Bastar),67,51.7,2,0.11,6.4,4,5,39.2,7.2,0.1,0
PERS_2935,ASI,Peace Station (HQ),30,45.8,0,0.41,7.8,5,1,9.1,2.8,0.06,0
PERS_2936,Constable,Dense Forest (Bastar),82,45.5,0,0.41,8.1,5,2,83.2,5.2,0.0,0
PERS_2937,ASI,Counter-Insurgency (J&K),65,49.6,1,0.54,7.5,4,4,33.0,4.4,0.09,1
PERS_2938,Head Constable,Dense Forest (Bastar),60,58.6,2,0.38,4.9,2,7,36.4,12.9,0.06,2
PERS_2939,Constable,Border Outpost (Thar),41,52.5,1,0.3,7.0,3,1,41.4,6.8,0.21,0
PERS_2940,Constable,Counter-Insurgency (J&K),24,40.5,2,0.2,6.9,5,1,24.6,3.3,0.05,0
PERS_2941,Constable,High Altitude (Ladakh/Sikkim),84,47.8,2,0.21,6.1,3,5,19.7,10.0,0.03,0
PERS_2942,ASI,High Altitude (Ladakh/Sikkim),62,55.4,3,0.44,5.4,3,8,63.8,10.3,0.06,2
PERS_2943,Head Constable,Peace Station (HQ),11,39.2,0,0.35,8.8,5,1,66.5,-0.1,0.07,0
PERS_2944,ASI,Peace Station (HQ),108,49.8,2,0.52,5.5,2,8,34.2,8.7,0.08,2
PERS_2945,Head Constable,Border Outpost (Thar),57,48.0,0,0.63,7.1,4,2,71.3,5.2,0.01,1
PERS_2946,Constable,High Altitude (Ladakh/Sikkim),51,43.4,1,0.09,7.5,5,1,74.2,3.0,0.02,0
PERS_2947,Constable,High Altitude (Ladakh/Sikkim),35,52.5,1,0.48,6.5,4,3,31.6,4.9,0.0,0
PERS_2948,Constable,High Altitude (Ladakh/Sikkim),18,46.7,2,0.12,5.4,4,2,64.0,4.0,0.08,1
PERS_2949,Constable,High Altitude (Ladakh/Sikkim),59,67.9,4,0.13,4.1,2,9,23.7,16.4,0.15,2
PERS_2950,Constable,Dense Forest (Bastar),114,47.8,1,0.45,5.5,3,8,33.8,7.8,0.03,1
PERS_2951,Constable,Counter-Insurgency (J&K),41,63.6,2,0.3,4.9,3,7,14.7,13.4,0.08,1
PERS_2952,Head Constable,Counter-Insurgency (J&K),71,57.5,1,0.28,5.3,1,4,41.5,9.9,0.65,1
PERS_2953,Head Constable,Border Outpost (Thar),19,64.8,2,0.16,4.7,3,5,54.5,11.9,0.13,1
PERS_2954,Inspector,Dense Forest (Bastar),86,70.2,1,0.27,5.8,1,5,43.0,13.0,0.0,2
PERS_2955,Sub-Inspector,High Altitude (Ladakh/Sikkim),25,46.2,2,0.08,5.9,4,1,33.7,6.7,0.14,0
PERS_2956,Head Constable,High Altitude (Ladakh/Sikkim),57,39.6,2,0.31,6.6,4,2,16.0,6.3,0.03,1
PERS_2957,Constable,Peace Station (HQ),111,57.6,2,0.2,6.5,3,6,5.0,12.1,0.01,1
PERS_2958,Head Constable,Peace Station (HQ),25,30.7,0,0.18,8.2,5,1,25.8,0.4,0.03,0
PERS_2959,ASI,Border Outpost (Thar),9,55.5,2,0.15,5.6,5,2,9.4,6.8,0.1,0
PERS_2960,Constable,High Altitude (Ladakh/Sikkim),7,50.2,2,0.05,5.8,4,3,33.4,5.8,0.01,1
PERS_2961,Constable,Border Outpost (Thar),36,45.6,1,0.29,6.9,4,2,29.9,5.0,0.18,0
PERS_2962,ASI,Dense Forest (Bastar),20,45.5,1,0.42,7.5,5,1,30.5,2.0,0.08,0
PERS_2963,Constable,Counter-Insurgency (J&K),59,43.7,3,0.42,5.4,4,6,44.5,7.8,0.03,2
PERS_2964,Head Constable,High Altitude (Ladakh/Sikkim),58,53.5,3,0.57,5.6,4,8,36.4,9.4,0.17,1
PERS_2965,Head Constable,Dense Forest (Bastar),86,46.7,0,0.03,6.3,4,1,36.7,3.8,0.0,0
PERS_2966,Constable,High Altitude (Ladakh/Sikkim),55,53.1,2,0.23,4.7,3,5,17.2,9.9,0.02,1
PERS_2967,Constable,Peace Station (HQ),77,59.2,2,0.28,5.6,2,6,19.4,11.8,0.03,1
PERS_2968,Constable,Border Outpost (Thar),143,68.8,3,0.48,4.5,1,10,18.1,16.7,0.08,2
PERS_2969,Constable,Peace Station (HQ),35,56.0,3,0.05,4.0,3,4,42.3,8.2,0.84,1
PERS_2970,Constable,Counter-Insurgency (J&K),95,54.5,2,0.45,5.2,2,7,16.7,9.2,0.03,2
PERS_2971,ASI,Peace Station (HQ),156,68.0,1,0.16,5.0,2,9,50.0,15.2,0.15,2
PERS_2972,Constable,High Altitude (Ladakh/Sikkim),19,51.3,2,0.38,6.2,4,4,16.6,7.8,0.11,0
PERS_2973,Head Constable,Peace Station (HQ),78,57.1,2,0.06,6.4,4,3,44.4,10.9,0.03,1
PERS_2974,Constable,High Altitude (Ladakh/Sikkim),24,40.1,4,0.29,4.9,4,5,59.7,7.4,0.07,1
PERS_2975,Sub-Inspector,Counter-Insurgency (J&K),36,39.1,1,0.53,7.0,5,1,61.4,3.3,0.03,0
PERS_2976,Constable,Peace Station (HQ),10,51.6,3,0.04,6.5,5,2,46.9,9.9,0.01,1
PERS_2977,Constable,Border Outpost (Thar),11,54.0,2,0.46,6.5,4,4,18.2,5.5,0.11,0
PERS_2978,Sub-Inspector,Border Outpost (Thar),44,46.2,0,0.26,5.7,4,1,21.8,4.8,0.03,0
PERS_2979,ASI,Border Outpost (Thar),72,66.9,2,0.56,4.8,2,9,59.7,12.7,0.22,2
PERS_2980,Constable,Peace Station (HQ),45,74.6,1,0.18,5.2,2,6,73.0,11.0,0.12,2
PERS_2981,ASI,Peace Station (HQ),74,72.9,2,0.58,5.1,2,8,47.8,12.8,0.07,2
PERS_2982,Head Constable,Peace Station (HQ),18,47.1,2,0.11,6.8,4,2,45.1,9.6,0.01,0
PERS_2983,Head Constable,High Altitude (Ladakh/Sikkim),21,45.8,4,0.19,4.3,4,6,21.9,10.0,0.21,2
PERS_2984,Constable,Counter-Insurgency (J&K),117,67.6,3,0.07,4.6,1,9,31.5,15.9,0.08,2
PERS_2985,Constable,Border Outpost (Thar),23,57.1,0,0.2,6.6,4,1,35.9,7.9,0.05,0
PERS_2986,Head Constable,High Altitude (Ladakh/Sikkim),36,40.5,0,0.27,8.1,5,1,45.3,0.4,0.1,0
PERS_2987,Head Constable,Border Outpost (Thar),28,48.4,3,0.09,5.9,5,3,36.9,7.1,0.08,0
PERS_2988,Constable,High Altitude (Ladakh/Sikkim),44,59.0,2,0.2,5.7,3,4,28.2,7.1,0.07,1
PERS_2989,Head Constable,Peace Station (HQ),51,44.1,3,0.19,6.1,3,4,34.2,7.0,0.27,1
PERS_2990,ASI,Border Outpost (Thar),41,44.7,1,0.05,6.8,4,1,10.9,4.7,0.16,0
PERS_2991,Constable,Peace Station (HQ),32,45.3,3,0.24,6.5,4,3,12.6,7.2,0.06,0
PERS_2992,Head Constable,Border Outpost (Thar),44,48.4,2,0.6,5.5,3,6,34.6,8.1,0.07,1
PERS_2993,Constable,Dense Forest (Bastar),52,37.5,1,0.23,7.9,4,1,71.2,2.8,0.1,0
PERS_2994,ASI,High Altitude (Ladakh/Sikkim),30,57.9,0,0.37,6.3,4,3,41.8,6.9,0.02,0
PERS_2995,Head Constable,Dense Forest (Bastar),50,45.7,3,0.11,5.5,4,5,12.1,9.1,0.14,1
PERS_2996,Inspector,High Altitude (Ladakh/Sikkim),16,51.6,2,0.28,5.8,4,3,21.8,5.9,0.04,1
PERS_2997,Constable,Counter-Insurgency (J&K),39,52.9,4,0.31,4.8,5,5,48.5,12.1,0.06,1
PERS_2998,Constable,Border Outpost (Thar),43,42.2,2,0.04,7.6,5,1,33.5,6.7,0.22,0
PERS_2999,Constable,Counter-Insurgency (J&K),51,35.4,0,0.1,7.0,5,1,55.0,4.1,0.11,0
PERS_3000,Constable,Counter-Insurgency (J&K),17,50.6,2,0.13,5.2,5,2,16.7,7.8,0.73,0
PERS_3001,Constable,High Altitude (Ladakh/Sikkim),33,46.9,0,0.17,6.4,4,2,20.4,5.6,0.04,0
PERS_3002,Sub-Inspector,Dense Forest (Bastar),47,57.3,2,0.31,5.4,2,6,16.9,11.7,0.22,2
PERS_3003,Constable,Peace Station (HQ),32,59.3,1,0.59,5.4,3,4,35.6,9.4,0.83,1
PERS_3004,Constable,High Altitude (Ladakh/Sikkim),45,32.1,2,0.3,5.6,4,3,37.5,4.1,0.03,0
PERS_3005,ASI,Peace Station (HQ),56,51.3,2,0.41,5.5,4,5,33.3,9.5,0.11,1
PERS_3006,Constable,Counter-Insurgency (J&K),32,61.6,1,0.26,5.1,3,4,21.0,9.4,0.65,1
PERS_3007,ASI,Peace Station (HQ),62,68.6,1,0.06,5.9,2,6,72.6,12.3,0.05,1
PERS_3008,Constable,Dense Forest (Bastar),54,35.1,1,0.48,7.7,4,2,60.6,3.4,0.03,0
PERS_3009,Head Constable,High Altitude (Ladakh/Sikkim),47,64.2,4,0.48,4.5,3,8,22.2,13.8,0.15,1
PERS_3010,Constable,Dense Forest (Bastar),102,48.1,2,0.2,5.1,3,7,40.8,11.1,0.06,2
PERS_3011,Constable,Dense Forest (Bastar),88,63.9,2,0.26,6.0,3,8,55.6,12.2,0.1,2
PERS_3012,Sub-Inspector,High Altitude (Ladakh/Sikkim),96,52.1,0,0.01,6.3,3,3,48.3,9.5,0.04,0
PERS_3013,Constable,Dense Forest (Bastar),55,61.0,1,0.4,6.3,4,5,18.5,8.8,0.08,1
PERS_3014,Head Constable,Border Outpost (Thar),22,46.6,2,0.56,6.6,5,2,120.0,8.5,0.07,1
PERS_3015,Constable,Border Outpost (Thar),20,35.6,2,0.13,6.4,5,1,20.2,4.8,0.15,0
PERS_3016,Constable,Border Outpost (Thar),63,48.5,2,0.12,6.3,3,4,40.7,8.4,0.14,0
PERS_3017,Sub-Inspector,Peace Station (HQ),93,62.7,2,0.13,5.3,2,7,15.6,10.9,0.13,2
PERS_3018,Constable,Dense Forest (Bastar),73,51.1,2,0.35,6.6,4,5,9.2,6.6,0.07,1
PERS_3019,Head Constable,High Altitude (Ladakh/Sikkim),102,47.5,1,0.15,6.2,3,5,24.3,10.1,0.11,1
PERS_3020,Inspector,High Altitude (Ladakh/Sikkim),14,36.7,0,0.15,7.8,5,1,41.4,0.4,0.08,0
PERS_3021,Head Constable,Peace Station (HQ),15,41.4,1,0.52,6.4,5,2,43.5,5.3,0.02,0
PERS_3022,Sub-Inspector,High Altitude (Ladakh/Sikkim),8,40.6,1,0.33,7.8,5,1,52.1,0.3,0.06,0
PERS_3023,Constable,Border Outpost (Thar),47,58.4,4,0.29,4.5,3,7,42.7,12.3,0.09,2
PERS_3024,Constable,Dense Forest (Bastar),23,46.3,2,0.42,5.7,4,3,55.5,8.2,0.1,1
PERS_3025,Constable,High Altitude (Ladakh/Sikkim),43,49.3,2,0.12,6.4,4,3,39.5,8.5,0.0,1
PERS_3026,Head Constable,High Altitude (Ladakh/Sikkim),26,48.8,3,0.37,6.3,4,3,81.1,8.3,0.19,0
PERS_3027,Inspector,Counter-Insurgency (J&K),54,58.8,3,0.19,4.7,3,6,30.8,10.8,0.05,2
PERS_3028,Constable,Counter-Insurgency (J&K),48,59.2,1,0.36,7.1,4,2,54.4,7.8,0.18,0
PERS_3029,Head Constable,Counter-Insurgency (J&K),60,48.7,3,0.1,6.5,3,4,38.0,8.0,0.1,1
PERS_3030,Constable,Dense Forest (Bastar),30,48.4,0,0.14,7.0,5,1,57.5,4.0,0.08,0
PERS_3031,Head Constable,Border Outpost (Thar),84,62.8,3,0.19,4.5,1,7,26.4,12.7,0.11,2
PERS_3032,Head Constable,Border Outpost (Thar),42,45.2,1,0.27,6.0,3,2,16.7,1.0,0.01,0
PERS_3033,Inspector,Border Outpost (Thar),27,45.2,2,0.08,5.6,4,3,33.0,4.6,0.18,0
PERS_3034,Head Constable,Dense Forest (Bastar),31,57.5,1,0.13,4.9,4,3,37.4,9.4,0.6,1
PERS_3035,Constable,Dense Forest (Bastar),71,49.4,4,0.08,5.5,3,7,35.6,10.8,0.13,2
PERS_3036,Constable,Counter-Insurgency (J&K),45,55.0,0,0.13,6.6,3,2,33.2,7.5,0.17,0
PERS_3037,Constable,High Altitude (Ladakh/Sikkim),26,34.8,2,0.1,6.6,5,3,16.7,2.2,0.07,0
PERS_3038,Constable,Peace Station (HQ),42,58.0,2,0.24,3.8,3,6,9.4,12.7,0.01,1
PERS_3039,Constable,Peace Station (HQ),29,48.9,2,0.06,6.4,5,4,11.8,7.5,0.07,0
PERS_3040,ASI,High Altitude (Ladakh/Sikkim),40,56.1,2,0.24,5.6,3,4,18.2,6.5,0.22,1
PERS_3041,Head Constable,Counter-Insurgency (J&K),136,72.8,2,0.27,4.6,1,10,40.2,15.9,0.14,2
PERS_3042,Head Constable,High Altitude (Ladakh/Sikkim),83,53.0,3,0.6,5.4,3,8,11.8,11.6,0.09,2
PERS_3043,Constable,High Altitude (Ladakh/Sikkim),60,38.7,1,0.11,7.7,5,1,103.6,3.4,0.17,0
PERS_3044,ASI,Peace Station (HQ),16,46.0,1,0.13,5.7,5,1,36.6,8.1,0.02,0
PERS_3045,Head Constable,Counter-Insurgency (J&K),3,60.4,1,0.23,7.2,5,1,13.8,6.0,0.16,0
PERS_3046,Constable,Dense Forest (Bastar),35,53.2,4,0.05,4.1,2,5,15.4,9.2,0.05,1
PERS_3047,Head Constable,Peace Station (HQ),38,41.2,1,0.23,6.8,4,1,34.7,4.8,0.16,0
PERS_3048,Head Constable,Dense Forest (Bastar),59,52.0,1,0.43,4.7,3,5,41.5,7.5,0.18,1
PERS_3049,Constable,Counter-Insurgency (J&K),10,53.9,2,0.29,5.9,5,2,24.8,7.5,0.25,0
PERS_3050,Head Constable,High Altitude (Ladakh/Sikkim),21,48.8,1,0.21,6.3,4,2,49.8,5.0,0.06,0
PERS_3051,Head Constable,Border Outpost (Thar),91,55.6,1,0.09,6.1,2,5,31.8,9.9,0.06,1
PERS_3052,Constable,Border Outpost (Thar),25,43.4,2,0.38,6.6,5,1,25.5,3.5,0.13,0
PERS_3053,Sub-Inspector,Counter-Insurgency (J&K),26,44.3,1,0.44,6.5,5,3,17.2,6.0,0.12,0
PERS_3054,ASI,Border Outpost (Thar),172,67.4,2,0.11,5.9,1,10,12.3,15.0,0.14,2
PERS_3055,Head Constable,Dense Forest (Bastar),87,61.6,2,0.16,5.0,2,8,18.0,12.8,0.03,2
PERS_3056,Head Constable,Border Outpost (Thar),66,52.9,1,0.16,6.6,4,3,49.6,3.5,0.02,1
PERS_3057,Constable,Counter-Insurgency (J&K),64,49.5,4,0.07,4.6,2,5,27.2,13.7,0.08,1
PERS_3058,Head Constable,Counter-Insurgency (J&K),18,57.4,1,0.47,6.6,3,4,61.8,4.8,0.1,0
PERS_3059,Head Constable,Dense Forest (Bastar),47,48.5,1,0.28,5.9,4,4,25.7,7.9,0.2,1
PERS_3060,Constable,Border Outpost (Thar),37,54.6,3,0.4,5.1,3,6,35.4,7.9,0.14,1
PERS_3061,Head Constable,Border Outpost (Thar),72,60.5,1,0.09,5.4,3,4,20.5,8.8,0.65,1
PERS_3062,ASI,High Altitude (Ladakh/Sikkim),7,36.1,0,0.43,7.9,5,1,33.1,0.8,0.1,0
PERS_3063,Head Constable,Peace Station (HQ),48,54.2,1,0.4,5.7,3,4,65.5,7.0,0.0,1
PERS_3064,Constable,Counter-Insurgency (J&K),77,28.7,2,0.48,6.9,4,2,34.6,3.8,0.13,1
PERS_3065,ASI,High Altitude (Ladakh/Sikkim),37,50.7,1,0.12,6.3,5,2,36.5,3.8,0.1,1
PERS_3066,Constable,Counter-Insurgency (J&K),39,57.7,2,0.06,5.3,3,2,70.7,11.0,0.69,1
PERS_3067,Constable,High Altitude (Ladakh/Sikkim),39,55.3,1,0.19,6.1,3,1,16.0,7.3,0.01,0
PERS_3068,Constable,Peace Station (HQ),26,58.6,1,0.12,5.5,3,2,32.6,10.2,0.01,0
PERS_3069,Constable,High Altitude (Ladakh/Sikkim),74,58.9,2,0.67,5.0,2,8,60.1,12.9,0.05,2
PERS_3070,ASI,Counter-Insurgency (J&K),113,53.9,1,0.33,6.2,3,5,30.2,7.7,0.01,2
PERS_3071,Head Constable,Border Outpost (Thar),9,33.5,1,0.2,8.3,4,1,14.4,0.8,0.15,0
PERS_3072,Constable,Counter-Insurgency (J&K),61,55.2,2,0.14,5.5,3,4,42.8,10.1,0.11,2
PERS_3073,Sub-Inspector,Dense Forest (Bastar),38,56.6,4,0.22,5.1,4,6,66.7,11.7,0.05,1
PERS_3074,Sub-Inspector,Dense Forest (Bastar),16,32.0,0,0.08,8.2,5,1,20.2,-1.2,0.05,0
PERS_3075,Sub-Inspector,Dense Forest (Bastar),16,53.6,2,0.16,5.3,4,3,14.4,8.0,0.72,1
PERS_3076,Constable,Dense Forest (Bastar),42,53.1,1,0.06,6.7,4,2,7.5,4.9,0.13,0
PERS_3077,Head Constable,Peace Station (HQ),36,48.0,3,0.43,5.6,4,6,11.6,9.3,0.18,2
PERS_3078,Inspector,Border Outpost (Thar),15,53.9,3,0.06,5.9,4,5,52.9,9.4,0.0,1
PERS_3079,ASI,Border Outpost (Thar),30,48.2,3,0.16,7.2,4,3,12.9,5.0,0.02,0
PERS_3080,Constable,Counter-Insurgency (J&K),61,50.7,1,0.36,6.4,4,4,27.5,10.4,0.14,0
PERS_3081,Constable,High Altitude (Ladakh/Sikkim),19,37.2,1,0.31,7.9,5,1,38.1,2.3,0.09,0
PERS_3082,Head Constable,Counter-Insurgency (J&K),41,56.1,2,0.17,6.3,3,2,19.0,7.4,0.05,1
PERS_3083,Sub-Inspector,Counter-Insurgency (J&K),63,41.2,1,0.39,6.7,4,5,27.9,3.9,0.11,1
PERS_3084,Head Constable,Counter-Insurgency (J&K),33,44.5,2,0.15,6.1,5,2,29.7,8.3,0.14,0
PERS_3085,Head Constable,Counter-Insurgency (J&K),17,54.3,1,0.56,5.4,4,4,15.5,4.5,0.74,1
PERS_3086,Constable,Border Outpost (Thar),51,51.4,2,0.21,6.6,4,2,49.3,7.9,0.03,0
PERS_3087,Head Constable,High Altitude (Ladakh/Sikkim),19,67.0,3,0.32,4.0,2,6,23.0,14.7,0.1,2
PERS_3088,ASI,Counter-Insurgency (J&K),51,59.0,1,0.23,5.6,3,4,28.0,6.1,0.2,0
PERS_3089,Constable,Border Outpost (Thar),43,59.8,2,0.26,6.6,2,4,43.4,7.6,0.08,1
PERS_3090,ASI,Counter-Insurgency (J&K),76,64.1,1,0.36,5.3,2,6,8.8,10.5,0.12,2
PERS_3091,Inspector,Dense Forest (Bastar),35,49.1,1,0.17,7.5,3,1,24.4,5.2,0.24,0
PERS_3092,Constable,Counter-Insurgency (J&K),108,53.5,0,0.24,7.9,3,3,60.7,7.4,0.18,1
PERS_3093,Head Constable,Counter-Insurgency (J&K),63,42.2,1,0.06,6.4,5,2,45.0,4.4,0.0,0
PERS_3094,Constable,Peace Station (HQ),86,42.1,1,0.05,7.4,5,1,21.0,5.1,0.06,0
PERS_3095,ASI,Dense Forest (Bastar),38,63.3,2,0.27,5.5,4,6,28.2,13.6,0.21,1
PERS_3096,Head Constable,High Altitude (Ladakh/Sikkim),30,44.8,3,0.73,6.3,4,4,34.0,7.8,0.01,0
PERS_3097,Head Constable,Counter-Insurgency (J&K),18,58.7,1,0.32,6.6,4,2,26.2,4.3,0.08,0
PERS_3098,ASI,High Altitude (Ladakh/Sikkim),27,36.0,3,0.13,5.3,5,2,25.0,5.3,0.75,1
PERS_3099,Constable,Dense Forest (Bastar),38,50.0,3,0.31,5.9,3,4,59.3,5.3,0.05,1
PERS_3100,Sub-Inspector,Counter-Insurgency (J&K),70,67.7,2,0.24,5.4,3,7,72.3,12.4,0.07,1
PERS_3101,Head Constable,Peace Station (HQ),41,54.8,1,0.62,5.9,3,8,29.4,6.0,0.01,2
PERS_3102,Constable,Border Outpost (Thar),20,52.9,0,0.17,7.3,5,1,15.9,2.2,0.21,0
PERS_3103,Head Constable,Peace Station (HQ),14,43.5,2,0.2,7.1,5,1,81.7,2.6,0.01,0
PERS_3104,ASI,Peace Station (HQ),23,41.3,3,0.27,5.8,4,2,73.0,9.3,0.04,0
PERS_3105,Constable,Border Outpost (Thar),21,49.7,1,0.22,5.7,4,2,14.4,6.7,0.11,1
PERS_3106,ASI,Border Outpost (Thar),83,45.0,2,0.14,7.4,4,4,32.2,4.9,0.0,0
PERS_3107,Sub-Inspector,Border Outpost (Thar),31,50.0,0,0.19,6.4,4,2,81.4,4.0,0.01,0
PERS_3108,Constable,Counter-Insurgency (J&K),14,59.2,2,0.12,4.6,5,4,18.2,10.1,0.75,1
PERS_3109,Inspector,High Altitude (Ladakh/Sikkim),52,40.5,0,0.24,7.6,4,1,30.9,1.9,0.1,0
PERS_3110,Constable,High Altitude (Ladakh/Sikkim),40,58.4,2,0.26,4.1,2,7,48.3,11.2,0.18,2
PERS_3111,Constable,Border Outpost (Thar),48,62.8,2,0.05,5.3,3,5,9.3,10.4,0.03,1
PERS_3112,Constable,Peace Station (HQ),41,49.5,1,0.28,7.0,5,1,11.1,6.4,0.07,0
PERS_3113,Sub-Inspector,Dense Forest (Bastar),28,51.1,0,0.36,6.5,4,1,21.8,4.9,0.03,0
PERS_3114,Head Constable,Border Outpost (Thar),25,45.7,4,0.32,5.7,4,4,32.5,8.0,0.11,0
PERS_3115,Constable,Peace Station (HQ),8,45.7,2,0.1,6.5,4,1,48.7,5.8,0.0,0
PERS_3116,Constable,Peace Station (HQ),36,59.8,2,0.34,5.7,3,4,51.2,8.2,0.15,1
PERS_3117,Head Constable,Counter-Insurgency (J&K),67,61.9,2,0.24,5.0,3,7,21.1,10.7,0.06,1
PERS_3118,Constable,Counter-Insurgency (J&K),69,58.8,3,0.6,5.0,3,7,73.9,11.9,0.06,2
PERS_3119,Sub-Inspector,High Altitude (Ladakh/Sikkim),25,56.6,0,0.37,6.6,5,2,36.2,5.1,0.13,0
PERS_3120,ASI,High Altitude (Ladakh/Sikkim),97,59.7,3,0.66,5.0,1,10,27.6,14.1,0.06,2
PERS_3121,Head Constable,Dense Forest (Bastar),13,37.0,1,0.17,7.1,5,1,34.0,4.1,0.04,0
PERS_3122,Inspector,Dense Forest (Bastar),40,62.6,0,0.03,7.2,2,1,12.5,4.6,0.08,0
PERS_3123,Constable,Dense Forest (Bastar),23,41.4,2,0.19,6.7,5,1,21.6,5.6,0.19,0
PERS_3124,Inspector,Dense Forest (Bastar),40,51.0,4,0.38,5.3,4,7,36.0,11.3,0.03,1
PERS_3125,Head Constable,Peace Station (HQ),86,65.1,0,0.05,5.3,3,7,19.2,12.7,0.03,1
PERS_3126,Head Constable,Peace Station (HQ),18,35.8,1,0.07,8.7,5,1,17.8,4.3,0.03,0
PERS_3127,Constable,High Altitude (Ladakh/Sikkim),34,57.6,2,0.03,6.1,4,2,56.7,8.8,0.04,0
PERS_3128,Sub-Inspector,Counter-Insurgency (J&K),32,39.3,1,0.64,7.3,5,1,27.3,3.2,0.06,0
PERS_3129,Constable,Counter-Insurgency (J&K),37,57.6,4,0.32,5.7,3,6,9.5,11.1,0.04,2
PERS_3130,Constable,Border Outpost (Thar),24,62.4,2,0.22,4.5,2,4,26.6,9.6,0.7,1
PERS_3131,Constable,Peace Station (HQ),56,46.2,3,0.22,5.1,4,6,74.7,9.8,0.15,1
PERS_3132,Head Constable,Dense Forest (Bastar),28,42.1,1,0.13,7.6,5,1,45.3,1.3,0.06,0
PERS_3133,Head Constable,Dense Forest (Bastar),26,51.4,1,0.52,7.1,4,1,17.7,6.3,0.05,0
PERS_3134,Head Constable,Border Outpost (Thar),87,47.7,2,0.38,5.0,3,6,35.5,9.4,0.21,1
PERS_3135,Sub-Inspector,Counter-Insurgency (J&K),40,30.2,2,0.25,6.6,5,2,35.7,5.2,0.12,0
PERS_3136,Constable,Dense Forest (Bastar),26,50.3,2,0.29,5.1,5,5,16.6,6.8,0.09,1
PERS_3137,Head Constable,Counter-Insurgency (J&K),60,57.4,1,0.2,6.6,2,3,90.8,7.1,0.0,1
PERS_3138,Constable,Border Outpost (Thar),36,48.3,2,0.05,6.2,5,3,30.2,9.4,0.02,0
PERS_3139,ASI,Counter-Insurgency (J&K),32,52.3,3,0.71,5.7,4,7,29.5,5.2,0.04,1
PERS_3140,ASI,Counter-Insurgency (J&K),49,63.4,2,0.53,4.6,2,7,16.5,13.9,0.08,2
PERS_3141,Head Constable,Counter-Insurgency (J&K),126,57.0,1,0.28,6.2,3,7,65.3,7.3,0.06,1
PERS_3142,Head Constable,Dense Forest (Bastar),32,48.9,3,0.34,4.7,3,6,41.7,11.2,0.06,1
PERS_3143,Constable,High Altitude (Ladakh/Sikkim),51,52.9,2,0.09,6.3,4,3,28.9,7.7,0.09,0
PERS_3144,Head Constable,Peace Station (HQ),39,48.8,2,0.26,7.2,4,2,35.1,5.7,0.05,0
PERS_3145,ASI,Counter-Insurgency (J&K),15,46.4,1,0.31,5.3,4,3,52.1,7.7,0.61,0
PERS_3146,Head Constable,Counter-Insurgency (J&K),22,67.3,2,0.68,5.8,4,6,5.0,11.2,0.15,2
PERS_3147,Constable,Counter-Insurgency (J&K),52,54.5,3,0.3,5.2,3,7,25.5,13.5,0.03,2
PERS_3148,Head Constable,High Altitude (Ladakh/Sikkim),37,48.7,1,0.04,6.7,5,2,10.1,10.2,0.1,0
PERS_3149,ASI,Border Outpost (Thar),30,64.8,1,0.19,5.3,2,5,24.7,7.8,0.05,1
PERS_3150,Constable,Dense Forest (Bastar),55,64.4,1,0.13,4.9,3,4,19.2,10.8,0.65,1
PERS_3151,Constable,High Altitude (Ladakh/Sikkim),47,58.9,0,0.09,7.4,3,1,15.8,5.9,0.03,0
PERS_3152,Head Constable,Counter-Insurgency (J&K),12,43.1,2,0.6,6.0,4,3,8.8,5.4,0.12,1
PERS_3153,ASI,High Altitude (Ladakh/Sikkim),21,77.4,1,0.08,5.7,2,2,24.1,9.8,0.04,1
PERS_3154,Constable,High Altitude (Ladakh/Sikkim),40,36.3,1,0.45,7.8,5,1,7.4,-0.8,0.05,0
PERS_3155,Constable,High Altitude (Ladakh/Sikkim),19,32.1,3,0.12,6.5,5,2,75.4,4.1,0.02,0
PERS_3156,Constable,Border Outpost (Thar),81,59.9,2,0.22,6.4,3,6,21.1,10.8,0.0,2
PERS_3157,Constable,Peace Station (HQ),40,48.4,1,0.0,6.5,4,2,21.0,4.7,0.1,0
PERS_3158,Head Constable,Dense Forest (Bastar),36,26.8,2,0.16,8.2,5,1,30.0,3.4,0.08,0
PERS_3159,Head Constable,Border Outpost (Thar),99,56.5,1,0.05,6.8,3,4,52.0,10.5,0.02,1
PERS_3160,Head Constable,Border Outpost (Thar),43,53.1,0,0.28,6.0,4,3,46.2,5.6,0.06,1
PERS_3161,Head Constable,Peace Station (HQ),31,49.4,2,0.32,5.6,4,3,26.2,6.6,0.0,0
PERS_3162,Constable,Border Outpost (Thar),22,53.2,2,0.18,5.7,3,3,22.1,10.2,0.15,1
PERS_3163,ASI,High Altitude (Ladakh/Sikkim),52,48.5,3,0.43,5.5,4,4,32.2,9.7,0.23,1
PERS_3164,Head Constable,High Altitude (Ladakh/Sikkim),36,50.2,3,0.37,5.8,4,5,23.6,7.3,0.01,1
PERS_3165,Inspector,Counter-Insurgency (J&K),15,62.6,3,0.12,3.8,4,5,47.8,11.9,0.03,1
PERS_3166,Head Constable,Border Outpost (Thar),57,63.3,4,0.23,4.3,3,9,50.3,15.4,0.19,2
PERS_3167,Constable,Counter-Insurgency (J&K),30,48.9,2,0.27,6.4,5,4,61.0,8.4,0.26,1
PERS_3168,Head Constable,Dense Forest (Bastar),65,60.0,3,0.26,5.5,1,7,59.2,11.8,0.2,2
PERS_3169,Constable,High Altitude (Ladakh/Sikkim),87,65.4,2,0.01,4.7,1,7,29.0,12.7,0.08,2
PERS_3170,Head Constable,Dense Forest (Bastar),13,39.9,1,0.13,6.4,4,2,12.5,4.4,0.06,0
PERS_3171,Constable,Peace Station (HQ),36,54.9,1,0.22,6.0,4,3,19.4,6.3,0.17,0
PERS_3172,Constable,High Altitude (Ladakh/Sikkim),48,54.4,0,0.02,7.0,3,1,29.4,8.8,0.18,0
PERS_3173,ASI,Dense Forest (Bastar),26,57.2,3,0.56,4.4,4,5,49.9,9.9,0.0,1
PERS_3174,Constable,Peace Station (HQ),46,43.2,2,0.22,6.2,4,4,71.7,6.1,0.03,1
PERS_3175,ASI,Dense Forest (Bastar),20,49.7,3,0.59,5.3,4,6,25.7,8.0,0.0,1
PERS_3176,Constable,Peace Station (HQ),80,48.5,1,0.45,5.6,3,4,32.4,9.0,0.14,1
PERS_3177,Head Constable,Peace Station (HQ),80,59.3,2,0.49,4.5,2,9,15.9,15.7,0.08,2
PERS_3178,Head Constable,High Altitude (Ladakh/Sikkim),25,42.2,0,0.15,8.3,4,1,43.9,3.7,0.01,0
PERS_3179,Head Constable,Counter-Insurgency (J&K),11,43.6,3,0.19,6.4,4,1,43.0,5.6,0.03,0
PERS_3180,Constable,Peace Station (HQ),31,52.3,3,0.18,6.0,3,4,46.9,9.4,0.12,1
PERS_3181,Constable,Peace Station (HQ),31,41.7,3,0.46,5.8,5,4,42.4,7.9,0.05,1
PERS_3182,Constable,High Altitude (Ladakh/Sikkim),61,37.9,0,0.45,7.7,5,1,53.3,2.3,0.16,0
PERS_3183,Constable,Counter-Insurgency (J&K),15,59.9,1,0.29,6.2,4,1,20.7,6.1,0.04,0
PERS_3184,Head Constable,Border Outpost (Thar),100,51.6,1,0.02,7.3,3,6,71.6,9.7,0.19,1
PERS_3185,Sub-Inspector,Border Outpost (Thar),30,37.0,1,0.16,7.5,5,1,24.1,4.3,0.01,0
PERS_3186,Sub-Inspector,Counter-Insurgency (J&K),45,41.4,3,0.25,5.7,5,3,31.2,10.1,0.05,1
PERS_3187,ASI,Dense Forest (Bastar),44,51.4,1,0.26,6.8,4,1,31.1,8.8,0.02,0
PERS_3188,ASI,High Altitude (Ladakh/Sikkim),81,71.9,2,0.23,3.0,1,10,77.0,18.0,0.07,2
PERS_3189,Head Constable,Counter-Insurgency (J&K),66,53.2,2,0.18,5.3,2,4,24.0,10.3,0.62,1
PERS_3190,Constable,Border Outpost (Thar),111,64.9,1,0.43,5.6,1,7,41.3,11.9,0.16,2
PERS_3191,Sub-Inspector,Peace Station (HQ),31,47.3,1,0.02,7.0,4,1,38.4,5.3,0.0,0
PERS_3192,Head Constable,Border Outpost (Thar),34,53.3,4,0.41,5.3,4,4,9.8,10.5,0.77,1
PERS_3193,Head Constable,Peace Station (HQ),11,47.0,1,0.26,6.4,5,1,101.0,7.2,0.14,0
PERS_3194,Constable,High Altitude (Ladakh/Sikkim),46,58.3,2,0.57,5.4,4,5,43.5,8.2,0.04,1
PERS_3195,Constable,Peace Station (HQ),8,37.5,1,0.21,7.0,5,1,21.5,3.8,0.28,0
PERS_3196,Head Constable,Counter-Insurgency (J&K),39,52.7,3,0.07,5.8,3,4,29.2,7.9,0.19,1
PERS_3197,ASI,Peace Station (HQ),42,53.7,1,0.62,6.5,4,4,13.5,4.4,0.04,1
PERS_3198,Head Constable,Dense Forest (Bastar),45,56.5,2,0.28,5.6,3,6,20.6,6.9,0.09,1
PERS_3199,Constable,Counter-Insurgency (J&K),43,38.8,2,0.09,6.3,3,1,16.7,6.9,0.0,0
PERS_3200,Inspector,High Altitude (Ladakh/Sikkim),19,45.1,1,0.3,7.0,5,2,68.8,1.5,0.05,0
PERS_3201,Constable,Counter-Insurgency (J&K),110,65.0,0,0.22,6.1,1,8,36.4,8.8,0.17,1
PERS_3202,Constable,Dense Forest (Bastar),26,52.9,3,0.37,6.3,3,5,13.9,7.5,0.08,1
PERS_3203,Constable,High Altitude (Ladakh/Sikkim),72,72.5,1,0.18,5.1,2,8,65.2,9.5,0.12,1
PERS_3204,Head Constable,Border Outpost (Thar),138,56.5,2,0.13,5.5,3,8,31.8,9.9,0.14,2
PERS_3205,Sub-Inspector,Dense Forest (Bastar),35,31.6,2,0.17,6.6,5,1,39.9,3.9,0.08,0
PERS_3206,Constable,High Altitude (Ladakh/Sikkim),14,44.7,1,0.44,7.7,4,1,15.5,3.6,0.17,0
PERS_3207,ASI,Peace Station (HQ),21,25.0,1,0.48,8.0,5,1,27.2,0.4,0.03,0
PERS_3208,Constable,Counter-Insurgency (J&K),38,58.8,1,0.53,6.1,3,3,22.2,10.1,0.06,1
PERS_3209,Sub-Inspector,High Altitude (Ladakh/Sikkim),108,58.8,2,0.33,6.5,2,8,26.6,8.3,0.23,2
PERS_3210,ASI,Counter-Insurgency (J&K),10,53.0,2,0.15,6.5,4,1,29.7,10.3,0.18,0
PERS_3211,ASI,Peace Station (HQ),38,57.4,3,0.4,4.3,2,7,22.7,10.2,0.06,2
PERS_3212,Constable,High Altitude (Ladakh/Sikkim),31,61.5,2,0.1,6.0,4,4,47.0,9.2,0.07,1
PERS_3213,Inspector,Border Outpost (Thar),51,27.2,3,0.31,7.6,5,2,25.6,2.8,0.05,0
PERS_3214,Head Constable,Dense Forest (Bastar),53,32.9,0,0.49,6.9,4,2,23.5,1.2,0.02,0
PERS_3215,Constable,High Altitude (Ladakh/Sikkim),47,45.1,2,0.41,7.2,5,3,8.0,3.1,0.03,0
PERS_3216,ASI,Peace Station (HQ),20,47.0,1,0.64,6.3,4,3,38.4,4.6,0.01,0
PERS_3217,Constable,High Altitude (Ladakh/Sikkim),20,52.0,1,0.34,6.8,4,1,29.4,6.0,0.17,0
PERS_3218,Sub-Inspector,Counter-Insurgency (J&K),15,50.7,2,0.09,5.6,5,2,18.7,7.1,0.03,1
PERS_3219,Constable,High Altitude (Ladakh/Sikkim),40,53.8,3,0.13,6.7,4,3,12.4,7.9,0.04,0
PERS_3220,Head Constable,Border Outpost (Thar),30,35.4,1,0.39,7.5,4,1,25.9,2.8,0.09,0
PERS_3221,Head Constable,High Altitude (Ladakh/Sikkim),44,44.5,3,0.32,6.4,3,2,34.9,7.0,0.04,1
PERS_3222,Constable,Dense Forest (Bastar),34,48.2,2,0.36,6.2,4,4,28.7,8.8,0.08,0
PERS_3223,Constable,High Altitude (Ladakh/Sikkim),117,58.2,3,0.14,4.4,2,8,53.4,14.1,0.23,2
PERS_3224,Constable,Counter-Insurgency (J&K),6,43.6,0,0.27,7.2,4,1,18.7,3.0,0.01,0
PERS_3225,Head Constable,High Altitude (Ladakh/Sikkim),33,53.8,0,0.1,5.8,3,2,53.1,8.6,0.14,1
PERS_3226,Constable,Border Outpost (Thar),13,37.9,3,0.36,6.5,5,1,22.3,5.4,0.12,0
PERS_3227,Head Constable,Peace Station (HQ),59,49.1,2,0.2,5.9,3,3,45.6,8.0,0.08,2
PERS_3228,Constable,High Altitude (Ladakh/Sikkim),29,55.9,2,0.13,4.8,3,4,68.0,10.2,0.65,1
PERS_3229,Constable,High Altitude (Ladakh/Sikkim),25,52.5,2,0.54,5.6,3,3,19.7,8.1,0.03,1
PERS_3230,Head Constable,Dense Forest (Bastar),73,51.6,3,0.5,4.8,3,8,51.9,9.0,0.06,2
PERS_3231,Constable,Border Outpost (Thar),19,46.4,2,0.34,5.9,3,3,23.8,6.2,0.15,0
PERS_3232,Sub-Inspector,Peace Station (HQ),122,55.4,2,0.38,5.6,2,7,91.0,10.2,0.21,2
PERS_3233,ASI,Counter-Insurgency (J&K),65,51.1,2,0.5,6.4,4,4,27.4,9.0,0.09,1
PERS_3234,Head Constable,High Altitude (Ladakh/Sikkim),19,44.9,3,0.12,5.3,4,3,52.1,5.8,0.61,0
PERS_3235,Head Constable,Peace Station (HQ),45,48.9,1,0.31,6.0,4,3,45.4,6.8,0.02,0
PERS_3236,Sub-Inspector,Counter-Insurgency (J&K),86,59.6,2,0.14,5.6,2,5,29.9,7.1,0.03,1
PERS_3237,Constable,Border Outpost (Thar),172,67.9,2,0.16,5.0,1,9,39.4,15.1,0.01,2
PERS_3238,Constable,Border Outpost (Thar),6,35.5,1,0.1,7.8,5,1,29.1,2.8,0.26,0
PERS_3239,Constable,Peace Station (HQ),12,67.1,2,0.28,4.9,2,5,51.1,10.0,0.1,1
PERS_3240,ASI,Counter-Insurgency (J&K),28,45.4,0,0.18,7.5,4,1,25.6,4.3,0.21,0
PERS_3241,Constable,Border Outpost (Thar),18,54.5,1,0.11,4.4,5,3,28.5,7.8,0.62,0
PERS_3242,Head Constable,Peace Station (HQ),68,44.1,3,0.81,5.5,4,8,35.3,10.9,0.03,2
PERS_3243,Inspector,Border Outpost (Thar),12,63.8,1,0.39,5.6,4,3,46.4,12.2,0.13,0
PERS_3244,ASI,Border Outpost (Thar),2,53.6,2,0.19,5.7,3,2,29.7,10.0,0.05,0
PERS_3245,Head Constable,Border Outpost (Thar),27,54.5,1,0.24,6.3,5,1,29.0,6.4,0.03,0
PERS_3246,Constable,Dense Forest (Bastar),37,49.9,2,0.18,6.5,3,3,24.4,7.0,0.08,1
PERS_3247,ASI,Counter-Insurgency (J&K),21,31.7,1,0.04,7.2,5,1,24.6,0.2,0.03,0
PERS_3248,Head Constable,Peace Station (HQ),35,68.1,2,0.16,5.1,3,5,34.2,13.0,0.02,2
PERS_3249,Constable,Peace Station (HQ),17,58.2,3,0.21,4.9,3,3,26.9,12.4,0.7,1
PERS_3250,Constable,Counter-Insurgency (J&K),11,45.9,1,0.23,7.0,5,1,11.1,3.1,0.13,0
PERS_3251,Sub-Inspector,Counter-Insurgency (J&K),33,56.1,1,0.06,6.4,3,2,22.3,7.5,0.06,0
PERS_3252,Head Constable,Counter-Insurgency (J&K),7,35.6,2,0.22,6.2,5,1,72.0,2.3,0.01,0
PERS_3253,ASI,Counter-Insurgency (J&K),43,33.2,0,0.53,8.1,5,1,29.6,-2.2,0.06,0
PERS_3254,Sub-Inspector,High Altitude (Ladakh/Sikkim),31,51.3,1,0.39,6.7,4,1,59.9,8.2,0.34,0
PERS_3255,Head Constable,Peace Station (HQ),20,42.0,0,0.54,7.5,5,1,55.7,-0.2,0.04,0
PERS_3256,Head Constable,High Altitude (Ladakh/Sikkim),51,48.3,2,0.48,6.3,4,5,45.9,9.2,0.01,1
PERS_3257,Constable,Border Outpost (Thar),101,57.6,3,0.07,5.2,2,7,20.7,11.7,0.03,1
PERS_3258,Constable,Border Outpost (Thar),151,51.2,2,0.03,5.5,2,5,29.3,10.9,0.02,2
PERS_3259,Constable,Peace Station (HQ),56,52.8,2,0.46,5.6,3,5,45.4,9.5,0.02,1
PERS_3260,ASI,Border Outpost (Thar),63,43.3,0,0.2,7.4,4,1,74.9,3.7,0.0,0
PERS_3261,Head Constable,Counter-Insurgency (J&K),37,61.8,3,0.17,4.8,2,6,42.0,12.5,0.15,2
PERS_3262,Sub-Inspector,High Altitude (Ladakh/Sikkim),45,51.5,1,0.1,6.0,4,1,23.3,5.0,0.03,1
PERS_3263,Constable,Counter-Insurgency (J&K),30,56.3,4,0.16,4.3,3,6,27.8,11.8,0.03,2
PERS_3264,Head Constable,Border Outpost (Thar),53,35.6,1,0.26,7.3,5,2,22.3,3.3,0.04,0
PERS_3265,Head Constable,High Altitude (Ladakh/Sikkim),70,60.9,3,0.37,4.1,2,8,22.2,12.7,0.1,2
PERS_3266,Head Constable,Counter-Insurgency (J&K),17,64.7,2,0.21,4.8,3,4,11.6,9.8,0.7,1
PERS_3267,Head Constable,Peace Station (HQ),97,58.9,0,0.52,7.1,3,4,31.8,9.4,0.07,1
PERS_3268,Constable,Counter-Insurgency (J&K),51,58.3,4,0.28,4.8,4,9,91.1,12.8,0.05,2
PERS_3269,Head Constable,Border Outpost (Thar),34,49.0,0,0.51,6.7,5,3,58.7,3.5,0.05,0
PERS_3270,Constable,High Altitude (Ladakh/Sikkim),27,54.5,2,0.27,5.5,3,5,46.3,7.1,0.07,0
PERS_3271,Constable,Peace Station (HQ),30,67.0,3,0.4,6.0,3,7,14.1,8.1,0.04,1
PERS_3272,Head Constable,High Altitude (Ladakh/Sikkim),46,75.1,1,0.27,4.9,3,7,28.6,11.5,0.03,1
PERS_3273,Head Constable,Peace Station (HQ),40,55.2,1,0.27,6.5,3,2,19.6,6.9,0.05,0
PERS_3274,Inspector,High Altitude (Ladakh/Sikkim),63,44.1,2,0.13,5.9,3,4,25.5,4.5,0.05,1
PERS_3275,Head Constable,Border Outpost (Thar),59,60.1,2,0.3,5.7,2,6,93.1,10.6,0.26,2
PERS_3276,Head Constable,Peace Station (HQ),38,39.4,3,0.65,5.4,4,5,66.2,6.0,0.06,1
PERS_3277,Head Constable,Dense Forest (Bastar),16,43.4,2,0.26,6.2,4,1,11.2,3.9,0.17,0
PERS_3278,Head Constable,High Altitude (Ladakh/Sikkim),45,47.4,1,0.69,6.4,4,4,49.9,4.6,0.0,0
PERS_3279,Constable,High Altitude (Ladakh/Sikkim),23,70.7,3,0.5,3.0,2,9,57.1,13.6,0.18,2
PERS_3280,Constable,Counter-Insurgency (J&K),11,63.4,4,0.63,4.6,3,8,20.7,9.5,0.15,2
PERS_3281,Constable,Peace Station (HQ),45,64.7,1,0.01,5.3,3,4,46.4,10.2,0.79,1
PERS_3282,Head Constable,Dense Forest (Bastar),13,57.5,0,0.12,6.9,3,1,16.0,6.1,0.08,0
PERS_3283,Constable,Border Outpost (Thar),21,41.0,1,0.11,6.8,5,1,50.7,4.3,0.04,0
PERS_3284,Constable,Counter-Insurgency (J&K),16,52.0,3,0.34,4.8,4,3,47.4,7.7,0.63,1
PERS_3285,Constable,Dense Forest (Bastar),41,70.5,1,0.18,5.5,3,5,28.3,9.8,0.03,1
PERS_3286,Inspector,Peace Station (HQ),43,56.8,3,0.23,5.1,3,7,21.8,9.3,0.13,1
PERS_3287,Constable,Dense Forest (Bastar),77,66.0,4,0.04,4.2,2,10,17.9,18.0,0.2,2
PERS_3288,Head Constable,High Altitude (Ladakh/Sikkim),46,36.5,0,0.52,8.0,5,1,5.0,0.5,0.04,0
PERS_3289,Constable,High Altitude (Ladakh/Sikkim),71,62.3,2,0.17,5.4,2,5,13.9,14.7,0.06,2
PERS_3290,Head Constable,Counter-Insurgency (J&K),17,39.2,1,0.06,6.7,5,1,30.7,1.9,0.06,0
PERS_3291,Constable,Peace Station (HQ),79,53.7,1,0.28,5.2,3,6,64.0,9.0,0.01,1
PERS_3292,Constable,Peace Station (HQ),16,63.8,2,0.07,4.6,3,5,11.4,10.5,0.02,1
PERS_3293,Head Constable,Dense Forest (Bastar),13,52.8,2,0.42,5.7,5,2,22.1,7.4,0.04,1
PERS_3294,Constable,Counter-Insurgency (J&K),45,60.7,2,0.26,5.3,3,5,9.5,11.4,0.08,2
PERS_3295,Constable,Peace Station (HQ),33,49.5,4,0.07,6.0,4,4,34.0,8.7,0.02,1
PERS_3296,Constable,High Altitude (Ladakh/Sikkim),31,31.8,1,0.14,8.8,5,1,50.3,3.0,0.21,0
PERS_3297,Constable,Dense Forest (Bastar),53,43.9,2,0.04,6.3,4,3,70.0,5.5,0.01,0
PERS_3298,Constable,Border Outpost (Thar),18,56.6,3,0.41,5.4,3,5,13.0,8.4,0.01,0
PERS_3299,Constable,High Altitude (Ladakh/Sikkim),54,56.7,1,0.05,5.8,3,5,12.2,6.6,0.03,1
PERS_3300,ASI,Counter-Insurgency (J&K),34,68.0,2,0.27,4.5,2,4,35.9,10.3,0.61,1
PERS_3301,Head Constable,Peace Station (HQ),69,56.2,2,0.51,5.5,3,6,22.1,11.1,0.04,1
PERS_3302,Head Constable,High Altitude (Ladakh/Sikkim),17,40.8,3,0.28,5.7,5,3,46.0,6.8,0.04,0
PERS_3303,Constable,Border Outpost (Thar),17,49.4,1,0.55,6.0,4,1,15.6,6.7,0.15,0
PERS_3304,Sub-Inspector,Border Outpost (Thar),107,68.7,2,0.1,4.5,2,9,19.7,11.4,0.08,2
PERS_3305,Constable,Counter-Insurgency (J&K),48,35.2,4,0.39,5.6,4,6,29.5,8.7,0.0,1
PERS_3306,Constable,High Altitude (Ladakh/Sikkim),28,54.3,0,0.47,6.6,4,1,5.9,8.1,0.06,0
PERS_3307,Head Constable,Dense Forest (Bastar),73,42.7,2,0.03,6.5,3,4,23.5,6.6,0.03,1
PERS_3308,Constable,High Altitude (Ladakh/Sikkim),86,58.2,2,0.01,4.8,3,5,13.3,9.8,0.05,2
PERS_3309,Constable,Border Outpost (Thar),25,57.8,0,0.32,6.6,5,2,68.3,4.8,0.05,0
PERS_3310,Head Constable,Counter-Insurgency (J&K),40,57.5,2,0.3,5.5,3,5,35.8,7.8,0.03,1
PERS_3311,Sub-Inspector,Counter-Insurgency (J&K),117,73.1,0,0.41,5.4,2,8,28.2,10.6,0.04,2
PERS_3312,Head Constable,Dense Forest (Bastar),21,52.6,3,0.13,5.6,5,2,11.8,11.1,0.02,0
PERS_3313,Head Constable,Counter-Insurgency (J&K),22,55.3,3,0.26,6.1,3,2,36.8,12.7,0.03,1
PERS_3314,Inspector,Counter-Insurgency (J&K),44,57.9,0,0.19,6.3,4,2,27.7,6.1,0.19,0
PERS_3315,Constable,Counter-Insurgency (J&K),16,39.9,0,0.11,6.9,5,1,10.9,1.9,0.11,0
PERS_3316,Constable,Counter-Insurgency (J&K),40,50.7,2,0.49,6.3,4,3,5.0,6.9,0.09,1
PERS_3317,Constable,Counter-Insurgency (J&K),38,27.2,1,0.66,8.1,5,2,60.5,-1.9,0.17,0
PERS_3318,Constable,Border Outpost (Thar),15,53.3,2,0.4,6.0,4,3,63.9,6.6,0.13,1
PERS_3319,Constable,High Altitude (Ladakh/Sikkim),28,25.0,1,0.09,7.9,5,1,15.9,-0.2,0.04,0
PERS_3320,Sub-Inspector,Peace Station (HQ),113,67.8,1,0.25,4.7,1,8,31.3,9.1,0.01,2
PERS_3321,Head Constable,Counter-Insurgency (J&K),48,69.3,1,0.03,4.6,4,5,18.6,8.7,0.15,1
PERS_3322,Head Constable,Peace Station (HQ),17,54.7,1,0.12,5.9,3,2,51.0,7.6,0.09,0
PERS_3323,Constable,Peace Station (HQ),34,57.9,2,0.18,4.9,3,4,26.2,10.7,0.63,1
PERS_3324,ASI,Border Outpost (Thar),71,67.1,2,0.05,5.5,2,6,5.0,12.4,0.1,1
PERS_3325,Inspector,Counter-Insurgency (J&K),38,47.5,2,0.3,5.2,4,4,34.3,7.0,0.65,0
PERS_3326,ASI,Peace Station (HQ),48,40.1,2,0.22,6.6,4,3,10.3,4.3,0.03,0
PERS_3327,Constable,Counter-Insurgency (J&K),61,53.2,2,0.28,5.7,2,5,40.6,7.7,0.22,1
PERS_3328,Head Constable,Dense Forest (Bastar),107,51.1,1,0.41,6.7,3,5,32.7,7.5,0.1,1
PERS_3329,Constable,Dense Forest (Bastar),44,53.2,1,0.42,6.7,3,4,16.5,4.5,0.0,1
PERS_3330,Constable,Dense Forest (Bastar),43,54.8,1,0.11,5.7,3,3,54.9,8.3,0.11,1
PERS_3331,Constable,Peace Station (HQ),48,48.0,2,0.21,6.9,4,3,10.7,7.9,0.06,0
PERS_3332,Head Constable,Dense Forest (Bastar),73,48.2,2,0.22,5.5,4,5,36.7,10.4,0.2,1
PERS_3333,Head Constable,Border Outpost (Thar),29,29.4,2,0.28,7.8,5,1,53.8,4.2,0.02,0
PERS_3334,Constable,Border Outpost (Thar),28,49.1,2,0.35,6.4,4,4,43.4,2.3,0.15,0
PERS_3335,Constable,Peace Station (HQ),67,50.3,1,0.44,5.3,3,5,52.9,9.7,0.11,1
PERS_3336,Head Constable,Counter-Insurgency (J&K),81,52.4,3,0.56,4.8,3,9,47.3,11.6,0.04,2
PERS_3337,Constable,High Altitude (Ladakh/Sikkim),65,61.8,3,0.3,5.4,2,8,53.4,10.4,0.07,2
PERS_3338,Constable,Counter-Insurgency (J&K),55,73.2,1,0.27,5.2,3,5,12.8,10.6,0.05,1
PERS_3339,Constable,Counter-Insurgency (J&K),57,50.1,2,0.18,6.0,5,4,16.7,7.3,0.08,1
PERS_3340,ASI,Counter-Insurgency (J&K),70,58.9,2,0.48,3.9,2,8,36.0,9.9,0.11,2
PERS_3341,Constable,Counter-Insurgency (J&K),38,54.3,2,0.08,5.6,2,5,41.5,8.0,0.05,1
PERS_3342,Constable,High Altitude (Ladakh/Sikkim),57,65.0,3,0.19,4.2,2,6,54.2,12.6,0.04,2
PERS_3343,Constable,Dense Forest (Bastar),67,45.6,2,0.18,5.5,3,4,28.7,5.5,0.07,1
PERS_3344,Sub-Inspector,Counter-Insurgency (J&K),25,41.1,2,0.25,6.9,5,3,26.9,5.1,0.01,0
PERS_3345,Head Constable,Border Outpost (Thar),100,49.8,2,0.3,6.0,2,6,32.4,11.0,0.19,1
PERS_3346,Head Constable,Peace Station (HQ),60,31.3,0,0.02,7.5,4,1,43.7,0.9,0.25,0
PERS_3347,Constable,Peace Station (HQ),58,53.3,0,0.05,6.2,3,2,46.8,6.4,0.02,0
PERS_3348,Head Constable,Border Outpost (Thar),24,39.9,1,0.12,7.1,5,1,35.5,2.5,0.02,0
PERS_3349,Constable,Counter-Insurgency (J&K),64,56.9,1,0.31,6.3,3,4,32.4,8.9,0.02,1
PERS_3350,Head Constable,High Altitude (Ladakh/Sikkim),50,29.1,4,0.22,6.8,4,2,87.7,6.9,0.01,0
PERS_3351,Sub-Inspector,Dense Forest (Bastar),78,55.2,1,0.35,6.5,2,6,34.9,7.5,0.01,1
PERS_3352,Head Constable,Peace Station (HQ),26,48.0,3,0.06,5.7,4,3,32.3,7.5,0.05,0
PERS_3353,Sub-Inspector,Dense Forest (Bastar),22,44.8,3,0.13,5.4,4,3,34.0,8.8,0.73,1
PERS_3354,Head Constable,High Altitude (Ladakh/Sikkim),55,63.5,3,0.48,4.9,3,7,57.5,12.0,0.2,1
PERS_3355,Constable,Peace Station (HQ),35,43.5,1,0.21,6.2,4,3,31.8,1.9,0.08,0
PERS_3356,Sub-Inspector,Dense Forest (Bastar),51,56.1,2,0.13,5.7,3,5,32.9,8.8,0.15,1
PERS_3357,Constable,High Altitude (Ladakh/Sikkim),28,44.5,1,0.18,6.7,4,1,22.9,4.4,0.12,0
PERS_3358,Head Constable,Dense Forest (Bastar),33,67.9,4,0.41,4.5,2,8,39.5,12.8,0.01,2
PERS_3359,Constable,Counter-Insurgency (J&K),92,55.8,3,0.21,5.6,3,6,51.0,11.3,0.27,2
PERS_3360,Constable,High Altitude (Ladakh/Sikkim),58,60.6,1,0.47,6.2,3,5,28.6,10.2,0.05,1
PERS_3361,Constable,Dense Forest (Bastar),118,65.9,1,0.06,5.8,2,6,5.0,10.6,0.01,2
PERS_3362,Constable,Counter-Insurgency (J&K),61,65.6,2,0.4,5.0,3,6,76.0,10.7,0.05,2
PERS_3363,Head Constable,Counter-Insurgency (J&K),43,53.8,1,0.23,7.2,4,2,34.6,6.5,0.08,0
PERS_3364,Head Constable,High Altitude (Ladakh/Sikkim),66,41.4,3,0.46,6.4,5,5,28.6,7.6,0.04,1
PERS_3365,Constable,Border Outpost (Thar),61,58.5,3,0.24,5.9,2,7,28.7,10.4,0.03,1
PERS_3366,Constable,Peace Station (HQ),44,55.2,2,0.15,6.3,5,2,24.2,6.9,0.13,1
PERS_3367,Head Constable,High Altitude (Ladakh/Sikkim),40,25.0,2,0.46,7.2,5,1,19.5,1.0,0.05,0
PERS_3368,Constable,Counter-Insurgency (J&K),57,37.0,2,0.25,6.4,4,3,32.7,8.9,0.01,0
PERS_3369,Head Constable,Counter-Insurgency (J&K),31,58.2,1,0.41,6.3,3,4,35.6,5.5,0.05,1
PERS_3370,Head Constable,High Altitude (Ladakh/Sikkim),28,65.0,3,0.71,3.9,2,8,30.0,11.6,0.04,2
PERS_3371,ASI,Border Outpost (Thar),9,48.1,3,0.3,5.5,4,5,21.5,8.4,0.21,0
PERS_3372,Head Constable,Peace Station (HQ),20,58.1,0,0.04,6.0,5,1,36.2,10.6,0.01,0
PERS_3373,Constable,Dense Forest (Bastar),103,59.4,1,0.07,5.9,2,4,62.9,9.9,0.03,1
PERS_3374,Head Constable,High Altitude (Ladakh/Sikkim),16,50.0,0,0.2,5.6,3,1,27.9,5.2,0.24,0
PERS_3375,Constable,Peace Station (HQ),125,59.1,3,0.29,6.3,3,10,44.6,10.5,0.19,2
PERS_3376,Constable,Peace Station (HQ),67,55.5,1,0.25,6.5,3,5,17.5,6.1,0.07,1
PERS_3377,ASI,Counter-Insurgency (J&K),122,64.1,2,0.28,5.8,1,10,58.8,12.7,0.07,2
PERS_3378,Constable,Dense Forest (Bastar),136,57.6,1,0.12,6.1,3,8,47.1,11.3,0.12,2
PERS_3379,ASI,High Altitude (Ladakh/Sikkim),35,64.0,3,0.13,5.4,3,7,24.4,10.5,0.05,2
PERS_3380,ASI,Counter-Insurgency (J&K),33,41.3,2,0.28,6.9,4,2,61.9,3.8,0.02,0
PERS_3381,ASI,Counter-Insurgency (J&K),5,65.5,1,0.37,6.0,4,5,19.6,5.9,0.13,1
PERS_3382,Sub-Inspector,Border Outpost (Thar),25,48.3,1,0.33,6.8,5,2,62.8,6.4,0.11,0
PERS_3383,Constable,Peace Station (HQ),6,48.1,1,0.09,7.4,5,1,15.7,4.5,0.24,0
PERS_3384,Constable,High Altitude (Ladakh/Sikkim),6,42.3,3,0.22,5.6,4,4,13.8,8.0,0.12,0
PERS_3385,Head Constable,High Altitude (Ladakh/Sikkim),19,54.0,2,0.32,6.7,4,5,41.6,7.1,0.04,1
PERS_3386,Constable,High Altitude (Ladakh/Sikkim),31,47.3,1,0.22,6.5,3,3,18.8,6.4,0.08,0
PERS_3387,Head Constable,Counter-Insurgency (J&K),53,48.5,2,0.14,5.6,3,3,53.2,7.3,0.03,1
PERS_3388,Head Constable,Border Outpost (Thar),32,57.3,0,0.36,6.7,3,2,29.6,4.9,0.09,0
PERS_3389,Head Constable,Dense Forest (Bastar),33,62.9,3,0.69,4.1,3,8,33.0,11.6,0.01,2
PERS_3390,Constable,Counter-Insurgency (J&K),45,42.1,1,0.44,6.6,5,1,74.0,3.8,0.03,0
PERS_3391,Constable,Dense Forest (Bastar),33,59.6,3,0.32,4.8,3,5,68.2,11.9,0.17,1
PERS_3392,Constable,Border Outpost (Thar),101,70.6,2,0.45,4.6,1,9,6.4,11.7,0.11,2
PERS_3393,Constable,Peace Station (HQ),26,33.0,2,0.29,7.6,5,1,43.9,2.6,0.04,0
PERS_3394,Sub-Inspector,High Altitude (Ladakh/Sikkim),34,42.9,1,0.31,7.4,5,2,29.0,1.2,0.23,0
PERS_3395,Constable,Dense Forest (Bastar),49,65.1,0,0.29,5.8,3,3,30.6,10.2,0.08,1
PERS_3396,Constable,Counter-Insurgency (J&K),47,56.4,2,0.17,5.9,3,2,33.8,9.8,0.04,1
PERS_3397,Constable,Dense Forest (Bastar),30,68.1,2,0.53,6.2,3,6,36.4,9.0,0.08,1
PERS_3398,Head Constable,Peace Station (HQ),42,50.4,1,0.32,5.7,3,5,19.7,7.2,0.01,1
PERS_3399,Head Constable,High Altitude (Ladakh/Sikkim),27,45.4,3,0.24,5.2,3,3,31.3,8.6,0.61,0
PERS_3400,Constable,Dense Forest (Bastar),45,66.1,1,0.78,5.5,4,8,106.4,7.5,0.08,2
PERS_3401,Constable,Peace Station (HQ),70,46.6,1,0.18,8.3,5,1,9.1,5.0,0.1,0
PERS_3402,Constable,Counter-Insurgency (J&K),33,48.9,3,0.14,5.1,3,5,47.8,9.7,0.04,1
PERS_3403,Constable,Border Outpost (Thar),42,57.8,3,0.04,4.7,4,6,26.9,11.6,0.09,1
PERS_3404,Head Constable,Counter-Insurgency (J&K),30,57.6,1,0.3,6.3,4,2,20.6,8.4,0.2,0
PERS_3405,Head Constable,High Altitude (Ladakh/Sikkim),25,42.5,3,0.28,6.6,4,3,10.4,5.1,0.05,0
PERS_3406,Constable,Counter-Insurgency (J&K),47,55.3,2,0.32,5.7,3,5,25.7,9.9,0.06,1
PERS_3407,Constable,Counter-Insurgency (J&K),14,46.5,4,0.2,5.4,5,4,54.1,10.9,0.74,1
PERS_3408,Inspector,Counter-Insurgency (J&K),23,33.5,1,0.05,7.4,5,1,12.9,1.7,0.08,0
PERS_3409,Head Constable,Counter-Insurgency (J&K),78,51.2,4,0.46,5.1,4,8,55.4,11.4,0.15,2
PERS_3410,Head Constable,High Altitude (Ladakh/Sikkim),15,33.2,1,0.44,6.6,5,1,32.8,2.2,0.07,0
PERS_3411,Constable,Peace Station (HQ),65,47.9,1,0.17,6.7,4,2,49.8,4.6,0.03,0
PERS_3412,Head Constable,Dense Forest (Bastar),65,42.5,1,0.71,6.9,5,3,34.7,5.8,0.1,1
PERS_3413,Constable,Border Outpost (Thar),36,59.3,1,0.24,6.1,4,5,100.8,7.3,0.06,0
PERS_3414,Head Constable,Dense Forest (Bastar),34,54.4,2,0.19,5.4,3,4,42.8,9.2,0.69,1
PERS_3415,Inspector,Dense Forest (Bastar),30,66.4,2,0.12,5.3,4,6,33.8,12.3,0.17,1
PERS_3416,Constable,Border Outpost (Thar),49,43.7,1,0.18,7.3,5,1,72.5,4.4,0.01,0
PERS_3417,Constable,High Altitude (Ladakh/Sikkim),29,52.1,1,0.04,7.8,5,1,51.7,6.0,0.13,0
PERS_3418,Constable,Border Outpost (Thar),53,42.3,1,0.04,6.6,4,2,67.8,3.1,0.02,0
PERS_3419,Constable,High Altitude (Ladakh/Sikkim),19,43.6,1,0.02,6.2,5,1,15.8,4.2,0.14,0
PERS_3420,Constable,Dense Forest (Bastar),76,51.6,1,0.06,6.5,4,3,22.7,8.0,0.04,1
PERS_3421,Constable,High Altitude (Ladakh/Sikkim),55,73.2,1,0.14,5.4,3,6,76.3,9.6,0.1,1
PERS_3422,ASI,Peace Station (HQ),2,51.8,0,0.05,6.9,5,1,107.0,5.9,0.12,0
PERS_3423,Head Constable,Border Outpost (Thar),74,54.1,2,0.13,5.8,3,4,18.1,10.5,0.07,1
PERS_3424,Constable,Peace Station (HQ),71,65.9,3,0.29,4.3,2,9,51.5,12.8,0.33,2
PERS_3425,Sub-Inspector,Dense Forest (Bastar),82,62.9,1,0.37,4.7,2,6,43.1,10.9,0.19,1
PERS_3426,Constable,Border Outpost (Thar),58,53.2,1,0.67,7.0,3,4,14.2,6.6,0.01,1
PERS_3427,Inspector,Dense Forest (Bastar),59,60.7,2,0.32,6.3,4,6,43.1,9.1,0.11,1
PERS_3428,Constable,Peace Station (HQ),14,46.3,1,0.22,6.2,4,1,46.4,2.2,0.01,0
PERS_3429,Sub-Inspector,Dense Forest (Bastar),13,79.2,2,0.17,3.9,3,7,6.1,12.7,0.02,1
PERS_3430,Head Constable,Border Outpost (Thar),67,66.9,4,0.33,3.1,1,10,38.6,16.8,0.12,2
PERS_3431,ASI,Border Outpost (Thar),48,48.7,2,0.24,5.8,3,4,72.6,7.8,0.12,0
PERS_3432,Inspector,Dense Forest (Bastar),5,56.1,2,0.04,5.8,3,3,34.9,9.0,0.15,1
PERS_3433,Constable,Border Outpost (Thar),46,58.1,1,0.24,5.6,3,4,7.2,6.8,0.2,1
PERS_3434,Inspector,Border Outpost (Thar),14,52.2,1,0.1,6.8,4,1,17.8,6.6,0.01,0
PERS_3435,Constable,Dense Forest (Bastar),9,54.0,2,0.34,5.2,4,3,25.2,8.9,0.67,1
PERS_3436,Constable,Peace Station (HQ),121,52.0,3,0.27,5.8,2,8,6.4,10.4,0.15,2
PERS_3437,Constable,Border Outpost (Thar),18,45.4,3,0.13,6.0,4,4,27.5,7.3,0.02,0
PERS_3438,Head Constable,Border Outpost (Thar),4,65.0,2,0.49,4.9,3,4,35.8,9.0,0.61,1
PERS_3439,Constable,Border Outpost (Thar),9,50.9,1,0.27,6.2,5,1,24.8,6.3,0.08,1
PERS_3440,Head Constable,Border Outpost (Thar),76,48.6,1,0.62,7.0,4,4,7.6,8.8,0.01,1
PERS_3441,Head Constable,Dense Forest (Bastar),15,48.1,0,0.01,8.6,5,1,60.2,2.4,0.02,0
PERS_3442,ASI,Peace Station (HQ),66,49.3,3,0.19,5.5,3,6,8.4,8.3,0.01,1
PERS_3443,ASI,Peace Station (HQ),51,62.1,1,0.26,6.3,3,3,82.5,8.1,0.08,1
PERS_3444,Constable,High Altitude (Ladakh/Sikkim),47,47.1,1,0.33,7.6,4,2,29.3,8.4,0.03,0
PERS_3445,Constable,Border Outpost (Thar),16,50.0,3,0.01,5.2,4,3,32.5,6.5,0.63,0
PERS_3446,Constable,Border Outpost (Thar),33,44.7,1,0.24,6.2,4,1,115.4,4.0,0.08,0
PERS_3447,Constable,High Altitude (Ladakh/Sikkim),34,73.5,2,0.13,4.6,3,6,48.7,12.8,0.11,2
PERS_3448,Constable,Peace Station (HQ),33,57.6,1,0.37,6.1,3,3,24.0,9.6,0.08,1
PERS_3449,Constable,Counter-Insurgency (J&K),75,61.4,2,0.38,5.6,2,7,18.8,8.7,0.21,1
PERS_3450,Constable,Counter-Insurgency (J&K),33,58.3,0,0.57,5.9,2,4,64.3,5.3,0.07,1
PERS_3451,Inspector,Peace Station (HQ),60,50.1,2,0.11,6.4,4,3,39.1,4.8,0.13,0
PERS_3452,Head Constable,Border Outpost (Thar),43,67.5,3,0.33,3.8,2,7,84.5,12.9,0.07,2
PERS_3453,Constable,Counter-Insurgency (J&K),15,48.8,2,0.35,6.1,3,3,26.5,4.8,0.04,0
PERS_3454,Head Constable,Dense Forest (Bastar),58,71.5,2,0.11,4.9,2,8,39.4,14.3,0.06,2
PERS_3455,Constable,Dense Forest (Bastar),63,51.1,3,0.64,4.7,3,8,16.0,8.2,0.02,2
PERS_3456,Constable,High Altitude (Ladakh/Sikkim),28,58.0,1,0.35,6.2,3,3,55.0,9.4,0.01,1
PERS_3457,Head Constable,Peace Station (HQ),49,54.6,3,0.18,5.1,4,5,26.9,12.4,0.06,1
PERS_3458,Head Constable,Peace Station (HQ),61,56.8,1,0.56,5.8,2,5,31.3,7.7,0.04,1
PERS_3459,Constable,Counter-Insurgency (J&K),155,46.8,1,0.36,6.8,3,6,34.1,4.6,0.22,1
PERS_3460,Inspector,Border Outpost (Thar),28,41.0,1,0.09,6.1,4,1,33.5,5.0,0.12,0
PERS_3461,Sub-Inspector,Peace Station (HQ),55,68.6,0,0.22,6.0,2,4,40.8,10.8,0.03,0
PERS_3462,Head Constable,Counter-Insurgency (J&K),31,38.2,3,0.14,5.5,4,1,22.9,4.6,0.09,0
PERS_3463,Head Constable,Counter-Insurgency (J&K),58,62.7,1,0.11,5.9,3,4,18.9,8.2,0.19,1
PERS_3464,Head Constable,Peace Station (HQ),34,77.4,1,0.22,4.9,2,6,13.7,12.3,0.14,2
PERS_3465,Constable,Counter-Insurgency (J&K),16,55.1,2,0.06,6.6,4,3,41.4,6.4,0.07,0
PERS_3466,Constable,High Altitude (Ladakh/Sikkim),13,70.6,1,0.55,6.1,3,5,31.3,12.1,0.24,2
PERS_3467,Constable,High Altitude (Ladakh/Sikkim),75,62.4,3,0.0,5.3,2,6,26.5,12.3,0.04,2
PERS_3468,Head Constable,Peace Station (HQ),8,51.4,3,0.33,5.4,5,3,19.2,9.0,0.64,1
PERS_3469,Head Constable,Border Outpost (Thar),61,57.8,1,0.35,6.0,3,4,7.3,9.7,0.05,1
PERS_3470,Constable,High Altitude (Ladakh/Sikkim),29,49.1,0,0.44,6.3,4,2,32.8,1.9,0.01,0
PERS_3471,Inspector,High Altitude (Ladakh/Sikkim),64,52.3,1,0.47,5.2,4,5,17.1,8.5,0.11,1
PERS_3472,Sub-Inspector,Peace Station (HQ),67,49.4,2,0.59,6.7,5,6,31.4,6.7,0.19,1
PERS_3473,Head Constable,Dense Forest (Bastar),31,55.3,1,0.23,5.9,3,4,57.7,6.1,0.09,0
PERS_3474,Head Constable,Counter-Insurgency (J&K),134,83.4,2,0.25,3.5,1,10,36.3,17.5,0.04,2
PERS_3475,ASI,High Altitude (Ladakh/Sikkim),35,65.7,2,0.17,4.0,2,6,32.8,11.5,0.06,1
PERS_3476,Constable,Dense Forest (Bastar),62,56.2,1,0.08,6.2,4,3,31.9,7.0,0.17,1
PERS_3477,ASI,Border Outpost (Thar),31,57.2,1,0.23,5.9,5,3,73.6,7.5,0.05,0
PERS_3478,Constable,Dense Forest (Bastar),39,51.0,1,0.33,6.0,4,4,11.0,4.9,0.27,1
PERS_3479,ASI,Peace Station (HQ),28,65.0,2,0.22,4.7,3,5,55.3,12.4,0.03,1
PERS_3480,Constable,Border Outpost (Thar),36,35.3,1,0.1,7.5,4,1,34.1,2.0,0.09,0
PERS_3481,Sub-Inspector,Border Outpost (Thar),8,68.1,1,0.31,5.4,3,3,41.2,10.5,0.64,1
PERS_3482,Sub-Inspector,Dense Forest (Bastar),30,45.5,1,0.33,5.7,4,2,22.1,7.5,0.03,0
PERS_3483,Constable,Peace Station (HQ),50,49.2,2,0.39,5.5,3,5,11.7,10.6,0.15,1
PERS_3484,Head Constable,High Altitude (Ladakh/Sikkim),23,38.1,1,0.04,7.7,5,1,19.1,2.2,0.09,0
PERS_3485,Inspector,Dense Forest (Bastar),44,53.9,5,0.16,4.0,3,6,21.5,10.2,0.09,2
PERS_3486,Head Constable,High Altitude (Ladakh/Sikkim),92,50.4,3,0.15,6.1,2,6,84.7,10.6,0.0,1
PERS_3487,ASI,Dense Forest (Bastar),47,64.3,2,0.42,5.1,2,6,28.8,11.0,0.06,2
PERS_3488,Head Constable,High Altitude (Ladakh/Sikkim),41,58.9,3,0.23,4.7,4,5,16.1,11.0,0.21,1
PERS_3489,Constable,Dense Forest (Bastar),33,44.4,2,0.04,6.1,4,3,88.2,6.8,0.17,1
PERS_3490,Constable,Border Outpost (Thar),34,42.6,3,0.28,6.3,4,2,70.7,7.8,0.13,0
PERS_3491,Constable,Counter-Insurgency (J&K),51,46.7,1,0.39,6.1,4,3,40.0,6.1,0.03,0
PERS_3492,ASI,Border Outpost (Thar),30,41.5,2,0.15,5.7,5,1,66.0,5.5,0.14,0
PERS_3493,Constable,High Altitude (Ladakh/Sikkim),16,46.8,0,0.09,6.7,4,1,24.1,4.7,0.06,0
PERS_3494,Head Constable,Peace Station (HQ),12,40.8,1,0.12,6.2,4,1,19.1,5.6,0.05,0
PERS_3495,Head Constable,Border Outpost (Thar),62,65.9,1,0.12,4.8,2,7,42.4,13.3,0.03,2
PERS_3496,Head Constable,Counter-Insurgency (J&K),111,54.1,2,0.19,5.1,3,7,21.2,12.0,0.21,2
PERS_3497,ASI,High Altitude (Ladakh/Sikkim),98,63.6,2,0.46,5.3,3,9,13.0,11.0,0.07,2
PERS_3498,Inspector,Border Outpost (Thar),17,55.5,2,0.08,4.5,3,4,61.3,12.9,0.69,1
PERS_3499,Constable,Dense Forest (Bastar),97,39.2,2,0.12,6.7,4,4,94.8,5.4,0.0,1
PERS_3500,ASI,Peace Station (HQ),81,63.2,0,0.71,6.0,2,6,75.2,8.9,0.1,2
PERS_3501,ASI,High Altitude (Ladakh/Sikkim),56,36.5,1,0.27,7.7,5,1,24.2,5.8,0.2,0
PERS_3502,Head Constable,Border Outpost (Thar),38,43.5,1,0.14,7.0,5,1,19.0,4.7,0.03,0
PERS_3503,Inspector,High Altitude (Ladakh/Sikkim),46,59.3,1,0.53,6.0,3,5,27.9,12.6,0.06,1
PERS_3504,Constable,Dense Forest (Bastar),28,52.0,2,0.21,5.3,4,3,27.2,7.5,0.73,1
PERS_3505,Constable,Counter-Insurgency (J&K),84,53.0,2,0.19,5.6,3,5,5.0,8.7,0.03,1
PERS_3506,ASI,Border Outpost (Thar),87,38.9,1,0.04,6.2,4,2,50.9,6.1,0.11,1
PERS_3507,Constable,High Altitude (Ladakh/Sikkim),10,58.6,3,0.59,5.7,3,5,42.2,8.4,0.12,1
PERS_3508,ASI,High Altitude (Ladakh/Sikkim),144,66.7,3,0.43,5.4,1,10,35.4,17.0,0.06,2
PERS_3509,Sub-Inspector,High Altitude (Ladakh/Sikkim),94,48.8,1,0.28,6.8,3,5,30.2,6.0,0.03,1
PERS_3510,Constable,Counter-Insurgency (J&K),15,39.9,2,0.13,5.9,5,1,12.6,6.0,0.1,0
PERS_3511,Sub-Inspector,High Altitude (Ladakh/Sikkim),45,62.8,1,0.13,6.1,3,3,16.3,9.6,0.02,1
PERS_3512,Constable,Peace Station (HQ),12,52.2,2,0.41,5.6,5,1,25.3,8.3,0.08,1
PERS_3513,Head Constable,Peace Station (HQ),41,38.5,1,0.3,6.1,5,2,29.5,5.8,0.27,0
PERS_3514,Head Constable,High Altitude (Ladakh/Sikkim),81,48.8,2,0.01,5.8,4,4,14.9,7.6,0.02,1
PERS_3515,Sub-Inspector,Peace Station (HQ),13,68.9,1,0.47,5.9,4,2,17.5,9.4,0.24,1
PERS_3516,Constable,Border Outpost (Thar),47,62.7,3,0.14,4.7,2,5,55.8,11.7,0.03,1
PERS_3517,Head Constable,Peace Station (HQ),77,55.7,2,0.11,5.7,3,5,38.0,11.8,0.09,1
PERS_3518,Head Constable,High Altitude (Ladakh/Sikkim),29,51.1,0,0.23,6.1,4,1,49.5,5.7,0.02,0
PERS_3519,Head Constable,Dense Forest (Bastar),61,32.3,2,0.17,6.9,5,2,31.5,7.1,0.06,0
PERS_3520,Head Constable,Border Outpost (Thar),54,66.5,3,0.61,4.4,3,9,67.2,15.6,0.18,2
PERS_3521,Constable,Counter-Insurgency (J&K),59,49.4,2,0.04,5.4,4,4,44.9,6.7,0.69,0
PERS_3522,Constable,High Altitude (Ladakh/Sikkim),34,43.3,4,0.33,5.6,4,5,17.7,8.5,0.08,1
PERS_3523,Constable,Counter-Insurgency (J&K),41,59.6,3,0.4,4.8,3,6,33.5,11.6,0.11,2
PERS_3524,ASI,Dense Forest (Bastar),39,45.6,2,0.03,6.6,5,2,57.0,6.0,0.02,0
PERS_3525,Constable,Counter-Insurgency (J&K),51,34.9,1,0.19,7.0,4,1,26.2,2.3,0.09,0
PERS_3526,Constable,High Altitude (Ladakh/Sikkim),10,53.1,0,0.35,6.8,4,1,16.1,4.1,0.04,0
PERS_3527,Inspector,High Altitude (Ladakh/Sikkim),36,36.4,4,0.08,5.5,4,3,62.2,8.5,0.07,1
PERS_3528,Constable,Dense Forest (Bastar),20,49.4,3,0.24,4.6,4,5,32.7,10.3,0.04,1
PERS_3529,Inspector,High Altitude (Ladakh/Sikkim),82,59.4,1,0.05,6.5,3,3,15.4,7.4,0.2,1
PERS_3530,Head Constable,Dense Forest (Bastar),65,51.7,2,0.59,5.6,3,7,23.3,6.6,0.0,2
PERS_3531,ASI,Dense Forest (Bastar),41,49.4,2,0.4,5.5,3,6,31.9,6.0,0.16,1
PERS_3532,Constable,High Altitude (Ladakh/Sikkim),48,68.3,2,0.35,5.2,3,6,9.3,11.6,0.22,1
PERS_3533,Constable,Peace Station (HQ),56,69.3,3,0.11,4.4,2,7,85.4,14.1,0.05,2
PERS_3534,Head Constable,Dense Forest (Bastar),35,42.3,0,0.36,6.6,4,2,5.0,3.6,0.05,0
PERS_3535,ASI,High Altitude (Ladakh/Sikkim),7,42.8,3,0.88,5.8,5,4,14.2,6.0,0.11,1
PERS_3536,Head Constable,Peace Station (HQ),49,47.5,1,0.77,5.6,3,4,20.7,6.2,0.15,1
PERS_3537,Constable,Dense Forest (Bastar),14,49.1,2,0.41,5.6,5,4,26.8,4.7,0.13,0
PERS_3538,ASI,Peace Station (HQ),29,50.1,2,0.39,6.8,4,2,27.3,6.1,0.14,1
PERS_3539,ASI,Border Outpost (Thar),37,68.9,2,0.01,4.2,3,5,38.1,13.3,0.04,1
PERS_3540,Head Constable,Border Outpost (Thar),48,50.9,2,0.16,5.5,3,4,36.4,7.9,0.14,1
PERS_3541,ASI,Peace Station (HQ),52,42.9,2,0.27,6.5,5,3,19.3,3.7,0.03,0
PERS_3542,ASI,Dense Forest (Bastar),15,43.6,2,0.18,5.7,5,1,28.0,8.5,0.08,0
PERS_3543,Head Constable,High Altitude (Ladakh/Sikkim),18,53.5,2,0.22,5.4,4,3,65.5,6.6,0.65,1
PERS_3544,Constable,Counter-Insurgency (J&K),47,50.1,1,0.07,7.1,4,1,49.1,6.0,0.01,0
PERS_3545,Head Constable,High Altitude (Ladakh/Sikkim),64,57.5,3,0.1,4.5,2,6,19.9,12.4,0.17,2
PERS_3546,Constable,Counter-Insurgency (J&K),33,48.9,0,0.16,6.8,4,2,5.6,6.5,0.25,0
PERS_3547,Constable,Counter-Insurgency (J&K),38,59.0,2,0.02,5.0,3,6,33.7,9.7,0.1,2
PERS_3548,Constable,Dense Forest (Bastar),11,48.2,0,0.31,6.7,5,1,32.8,4.1,0.0,0
PERS_3549,Constable,Peace Station (HQ),55,41.3,2,0.45,6.6,4,4,76.0,5.1,0.03,1
PERS_3550,Constable,High Altitude (Ladakh/Sikkim),53,49.8,1,0.27,6.5,4,2,45.5,5.6,0.12,0
PERS_3551,Constable,Peace Station (HQ),71,77.2,3,0.47,3.6,1,10,28.5,16.1,0.17,2
PERS_3552,ASI,Border Outpost (Thar),37,64.1,0,0.11,6.0,3,1,44.4,9.4,0.17,1
PERS_3553,Sub-Inspector,Dense Forest (Bastar),117,48.1,1,0.61,7.1,3,5,25.8,8.7,0.14,1
PERS_3554,Constable,Dense Forest (Bastar),25,68.3,3,0.37,4.4,3,7,47.6,11.7,0.08,2
PERS_3555,Inspector,Border Outpost (Thar),42,53.6,1,0.17,6.2,4,1,26.3,7.5,0.05,0
PERS_3556,Head Constable,High Altitude (Ladakh/Sikkim),111,54.2,3,0.37,4.9,3,9,35.2,12.6,0.18,2
PERS_3557,Constable,Border Outpost (Thar),70,52.2,3,0.11,5.7,4,4,62.0,9.8,0.12,1
PERS_3558,Constable,High Altitude (Ladakh/Sikkim),43,52.9,2,0.64,5.2,4,7,36.5,6.8,0.1,1
PERS_3559,Head Constable,Counter-Insurgency (J&K),25,61.3,1,0.4,6.6,4,2,46.6,7.9,0.25,0
PERS_3560,ASI,Dense Forest (Bastar),12,51.1,1,0.44,6.3,5,2,8.5,6.2,0.11,0
PERS_3561,Head Constable,High Altitude (Ladakh/Sikkim),17,53.0,1,0.15,6.1,5,2,38.6,5.8,0.05,0
PERS_3562,Constable,Peace Station (HQ),23,62.4,1,0.29,6.4,3,3,21.5,7.3,0.07,1
PERS_3563,Constable,Peace Station (HQ),71,51.1,0,0.22,7.3,5,2,73.9,8.2,0.04,0
PERS_3564,Constable,Dense Forest (Bastar),74,58.4,3,0.07,5.9,4,7,29.3,10.6,0.11,1
PERS_3565,Constable,Border Outpost (Thar),132,65.6,2,0.23,5.6,1,10,20.0,14.8,0.04,2
PERS_3566,Constable,Border Outpost (Thar),39,53.2,1,0.13,5.9,4,1,31.1,6.6,0.05,0
PERS_3567,Constable,High Altitude (Ladakh/Sikkim),30,56.0,1,0.22,5.8,3,2,15.4,7.4,0.02,1
PERS_3568,ASI,Border Outpost (Thar),51,46.2,2,0.23,6.4,4,3,20.1,6.4,0.03,0
PERS_3569,Sub-Inspector,Dense Forest (Bastar),27,60.5,1,0.12,5.6,4,2,35.8,8.1,0.0,0
PERS_3570,Constable,High Altitude (Ladakh/Sikkim),21,44.6,3,0.48,6.4,4,4,37.9,5.0,0.02,0
PERS_3571,Sub-Inspector,Counter-Insurgency (J&K),20,54.5,1,0.44,5.6,3,4,20.1,8.1,0.03,1
PERS_3572,Constable,Border Outpost (Thar),77,57.8,3,0.22,5.0,3,7,6.7,11.0,0.0,2
PERS_3573,Head Constable,Border Outpost (Thar),9,42.0,2,0.09,6.3,5,1,16.7,3.0,0.02,0
PERS_3574,Constable,High Altitude (Ladakh/Sikkim),43,68.5,4,0.14,3.8,2,7,8.0,16.3,0.09,2
PERS_3575,Head Constable,Peace Station (HQ),54,70.6,0,0.25,5.6,3,5,16.0,12.1,0.0,1
PERS_3576,Inspector,Border Outpost (Thar),27,41.5,0,0.14,7.2,4,1,21.4,2.4,0.02,0
PERS_3577,Head Constable,Dense Forest (Bastar),58,61.8,2,0.35,5.1,3,6,39.6,11.3,0.04,2
PERS_3578,Constable,Border Outpost (Thar),95,56.3,3,0.04,4.5,3,7,25.5,13.9,0.02,1
PERS_3579,Head Constable,Counter-Insurgency (J&K),20,43.3,2,0.51,6.4,5,4,48.7,4.1,0.08,0
PERS_3580,Constable,Border Outpost (Thar),38,55.5,2,0.45,5.2,4,6,28.2,9.4,0.04,1
PERS_3581,Sub-Inspector,Peace Station (HQ),24,58.7,0,0.3,5.9,4,3,18.2,8.5,0.06,0
PERS_3582,Head Constable,Border Outpost (Thar),19,51.5,1,0.35,6.3,3,2,11.3,5.9,0.16,0
PERS_3583,Constable,High Altitude (Ladakh/Sikkim),70,51.4,1,0.41,6.5,3,4,6.6,6.6,0.06,1
PERS_3584,Head Constable,Border Outpost (Thar),37,65.0,2,0.53,6.1,3,5,74.2,10.2,0.05,1
PERS_3585,Head Constable,Peace Station (HQ),91,70.8,1,0.16,4.8,2,7,30.8,11.3,0.06,2
PERS_3586,Constable,High Altitude (Ladakh/Sikkim),8,42.0,1,0.01,7.4,5,1,55.1,5.3,0.09,0
PERS_3587,Head Constable,Dense Forest (Bastar),33,52.2,2,0.54,5.7,4,4,12.5,9.3,0.1,1
PERS_3588,Constable,High Altitude (Ladakh/Sikkim),25,34.7,3,0.29,7.4,5,1,22.4,5.1,0.27,0
PERS_3589,Head Constable,Counter-Insurgency (J&K),8,57.2,2,0.11,6.7,4,3,26.5,7.5,0.04,0
PERS_3590,ASI,High Altitude (Ladakh/Sikkim),49,66.2,2,0.05,4.4,3,6,30.2,11.7,0.11,1
PERS_3591,ASI,Dense Forest (Bastar),35,55.4,4,0.21,4.9,3,6,34.4,10.4,0.07,1
PERS_3592,Head Constable,Border Outpost (Thar),46,42.2,1,0.4,7.1,4,1,29.4,2.9,0.14,0
PERS_3593,Head Constable,High Altitude (Ladakh/Sikkim),23,66.5,0,0.3,6.7,4,1,27.4,8.9,0.0,0
PERS_3594,Constable,High Altitude (Ladakh/Sikkim),63,74.6,2,0.32,4.0,1,7,36.0,15.5,0.06,2
PERS_3595,ASI,High Altitude (Ladakh/Sikkim),122,55.9,2,0.36,6.3,2,9,10.0,9.2,0.02,2
PERS_3596,Constable,High Altitude (Ladakh/Sikkim),41,56.6,2,0.14,5.6,4,4,26.9,8.7,0.13,1
PERS_3597,Head Constable,Dense Forest (Bastar),31,59.3,1,0.49,4.8,1,4,54.4,8.4,0.76,1
PERS_3598,Constable,Peace Station (HQ),40,59.9,2,0.2,5.4,5,5,22.2,10.7,0.02,1
PERS_3599,Constable,Peace Station (HQ),45,53.0,2,0.35,6.2,4,5,6.7,9.5,0.15,1
PERS_3600,Head Constable,High Altitude (Ladakh/Sikkim),9,66.9,1,0.12,6.3,4,1,23.2,7.0,0.09,1
PERS_3601,Constable,Dense Forest (Bastar),59,38.2,2,0.16,6.8,4,3,47.1,4.2,0.1,0
PERS_3602,Head Constable,Dense Forest (Bastar),34,35.9,1,0.15,7.3,5,1,85.7,1.8,0.0,0
PERS_3603,Constable,High Altitude (Ladakh/Sikkim),54,53.2,3,0.24,4.3,3,6,92.2,10.5,0.2,2
PERS_3604,Constable,Counter-Insurgency (J&K),68,72.2,4,0.32,4.0,2,10,45.5,13.1,0.05,2
PERS_3605,Head Constable,High Altitude (Ladakh/Sikkim),138,73.4,3,0.06,3.8,1,10,48.7,14.1,0.03,2
PERS_3606,Constable,Counter-Insurgency (J&K),44,37.5,4,0.43,5.7,4,7,17.6,7.9,0.17,1
PERS_3607,Constable,High Altitude (Ladakh/Sikkim),37,80.1,1,0.11,5.2,2,6,58.0,12.7,0.05,1
PERS_3608,Head Constable,Counter-Insurgency (J&K),26,56.1,3,0.02,5.5,3,2,44.2,9.6,0.08,1
PERS_3609,Constable,Counter-Insurgency (J&K),30,39.5,1,0.34,7.4,5,1,22.9,4.8,0.01,0
PERS_3610,ASI,High Altitude (Ladakh/Sikkim),65,53.6,2,0.13,5.2,3,5,22.2,7.0,0.0,1
PERS_3611,Constable,Counter-Insurgency (J&K),15,59.2,1,0.2,5.1,5,4,18.0,10.6,0.66,1
PERS_3612,Constable,Border Outpost (Thar),63,66.8,3,0.03,4.1,2,8,35.1,13.6,0.02,2
PERS_3613,Head Constable,Peace Station (HQ),43,51.6,0,0.54,6.1,5,3,70.5,5.6,0.04,1
PERS_3614,Constable,Dense Forest (Bastar),57,58.9,1,0.16,6.6,4,3,61.5,8.5,0.11,1
PERS_3615,Constable,Counter-Insurgency (J&K),50,51.8,3,0.2,5.6,4,5,20.7,8.0,0.15,1
PERS_3616,Constable,Counter-Insurgency (J&K),66,53.9,2,0.27,6.9,3,4,19.0,7.5,0.07,1
PERS_3617,Constable,Dense Forest (Bastar),47,59.9,2,0.22,5.7,3,7,21.1,11.9,0.02,1
PERS_3618,ASI,Counter-Insurgency (J&K),52,67.6,2,0.13,5.8,3,5,32.2,11.8,0.02,0
PERS_3619,Constable,Dense Forest (Bastar),47,41.3,1,0.33,7.2,4,1,66.1,3.9,0.03,0
PERS_3620,ASI,High Altitude (Ladakh/Sikkim),65,52.2,2,0.05,6.5,3,4,42.6,6.1,0.01,0
PERS_3621,Sub-Inspector,Border Outpost (Thar),28,44.8,0,0.2,7.2,5,1,29.7,1.0,0.05,0
PERS_3622,Constable,Border Outpost (Thar),19,39.8,3,0.16,6.9,5,1,43.0,4.7,0.02,0
PERS_3623,Sub-Inspector,Peace Station (HQ),60,43.4,2,0.42,6.9,5,2,61.8,6.2,0.12,0
PERS_3624,Constable,Counter-Insurgency (J&K),60,54.2,3,0.59,4.5,4,7,42.5,12.6,0.02,2
PERS_3625,Inspector,Peace Station (HQ),30,40.3,2,0.27,7.1,4,4,16.6,5.9,0.08,0
PERS_3626,Constable,High Altitude (Ladakh/Sikkim),165,53.4,2,0.08,6.2,2,7,21.1,13.2,0.16,2
PERS_3627,Head Constable,Border Outpost (Thar),14,47.6,2,0.27,5.0,4,3,23.5,6.7,0.65,1
PERS_3628,Head Constable,High Altitude (Ladakh/Sikkim),16,39.8,1,0.08,7.0,5,1,30.3,1.2,0.09,0
PERS_3629,Constable,High Altitude (Ladakh/Sikkim),30,56.1,1,0.07,6.7,4,2,64.9,5.6,0.15,0
PERS_3630,Head Constable,Counter-Insurgency (J&K),36,46.8,3,0.13,4.4,4,6,31.4,9.3,0.06,1
PERS_3631,Head Constable,High Altitude (Ladakh/Sikkim),64,42.5,1,0.3,7.3,3,3,27.7,5.3,0.06,1
PERS_3632,Constable,Border Outpost (Thar),65,77.8,2,0.23,4.6,1,7,70.5,12.8,0.05,2
PERS_3633,Constable,Peace Station (HQ),15,28.2,0,0.18,8.2,5,1,48.2,-1.8,0.1,0
PERS_3634,Head Constable,Border Outpost (Thar),35,60.1,0,0.48,8.2,4,2,12.4,3.8,0.04,0
PERS_3635,Head Constable,Counter-Insurgency (J&K),36,55.1,2,0.32,6.1,2,4,16.6,11.2,0.05,1
PERS_3636,Inspector,Border Outpost (Thar),51,48.3,3,0.21,5.3,3,5,22.4,10.3,0.05,1
PERS_3637,ASI,Dense Forest (Bastar),74,46.3,2,0.19,6.0,4,5,44.6,7.4,0.16,0
PERS_3638,Inspector,Peace Station (HQ),16,66.9,1,0.17,6.0,3,2,6.8,8.1,0.02,1
PERS_3639,Head Constable,Dense Forest (Bastar),28,72.0,1,0.46,5.5,2,4,22.7,12.8,0.2,1
PERS_3640,Constable,Dense Forest (Bastar),7,45.8,3,0.06,5.6,5,2,5.5,5.8,0.02,0
PERS_3641,Constable,Counter-Insurgency (J&K),51,48.7,2,0.41,6.7,4,3,16.2,6.8,0.05,0
PERS_3642,ASI,High Altitude (Ladakh/Sikkim),43,63.6,4,0.25,3.7,2,9,69.8,12.8,0.04,2
PERS_3643,Head Constable,Dense Forest (Bastar),36,49.1,0,0.08,7.5,3,1,32.1,2.8,0.06,0
PERS_3644,Constable,Border Outpost (Thar),68,60.6,3,0.08,4.6,2,7,38.1,13.0,0.06,1
PERS_3645,Constable,High Altitude (Ladakh/Sikkim),77,61.3,3,0.39,5.3,3,7,71.7,8.9,0.2,2
PERS_3646,Inspector,Border Outpost (Thar),75,55.9,3,0.19,6.3,3,6,28.8,12.9,0.09,2
PERS_3647,Head Constable,Border Outpost (Thar),16,51.3,0,0.11,5.7,5,1,53.0,6.0,0.07,0
PERS_3648,Constable,High Altitude (Ladakh/Sikkim),28,54.5,2,0.4,5.5,2,5,19.6,8.1,0.09,2
PERS_3649,Head Constable,High Altitude (Ladakh/Sikkim),44,41.5,2,0.04,5.2,4,2,56.8,5.0,0.65,0
PERS_3650,Constable,Border Outpost (Thar),32,44.4,2,0.62,6.7,4,3,44.9,2.4,0.06,0
PERS_3651,Constable,Counter-Insurgency (J&K),96,59.9,2,0.17,6.1,2,6,71.3,10.5,0.02,2
PERS_3652,Constable,Peace Station (HQ),75,51.0,2,0.5,5.5,3,6,101.0,8.2,0.25,1
PERS_3653,Constable,Peace Station (HQ),35,79.3,5,0.48,3.2,2,10,37.2,17.7,0.03,2
PERS_3654,ASI,Counter-Insurgency (J&K),31,52.4,2,0.1,6.1,4,2,63.8,7.6,0.02,0
PERS_3655,Constable,High Altitude (Ladakh/Sikkim),20,32.6,2,0.18,7.3,5,1,25.3,3.9,0.07,0
PERS_3656,ASI,Border Outpost (Thar),58,25.7,2,0.25,7.8,5,2,16.3,3.2,0.05,0
PERS_3657,ASI,Peace Station (HQ),62,62.4,2,0.19,5.6,3,6,56.0,11.1,0.05,1
PERS_3658,Constable,Border Outpost (Thar),12,50.6,1,0.52,6.1,5,2,37.0,7.6,0.21,0
PERS_3659,Head Constable,Counter-Insurgency (J&K),11,63.5,1,0.01,5.4,5,3,13.4,8.2,0.68,1
PERS_3660,Head Constable,Border Outpost (Thar),16,43.2,3,0.56,5.1,5,3,21.4,7.6,0.68,1
PERS_3661,Sub-Inspector,Counter-Insurgency (J&K),86,55.4,0,0.1,5.3,3,4,49.7,10.3,0.78,1
PERS_3662,Constable,High Altitude (Ladakh/Sikkim),74,58.2,2,0.3,5.5,4,6,85.1,13.0,0.13,1
PERS_3663,Head Constable,Counter-Insurgency (J&K),44,50.8,3,0.52,6.5,4,5,56.2,8.6,0.13,1
PERS_3664,Head Constable,Counter-Insurgency (J&K),46,50.2,2,0.56,5.4,3,5,33.6,7.8,0.17,1
PERS_3665,Constable,Peace Station (HQ),12,56.5,3,0.28,4.8,2,4,39.5,11.9,0.7,1
PERS_3666,Constable,Border Outpost (Thar),117,51.4,2,0.32,6.0,3,6,70.3,9.9,0.01,1
PERS_3667,Head Constable,Peace Station (HQ),84,61.8,1,0.19,5.5,2,5,27.2,9.6,0.01,1
PERS_3668,Head Constable,Dense Forest (Bastar),34,69.7,1,0.31,5.2,3,5,46.4,10.2,0.15,1
PERS_3669,Constable,Counter-Insurgency (J&K),50,69.6,3,0.21,4.6,2,8,16.3,15.0,0.02,2
PERS_3670,Head Constable,Dense Forest (Bastar),28,32.7,4,0.31,6.3,5,2,13.0,6.0,0.15,0
PERS_3671,Constable,Peace Station (HQ),37,46.8,1,0.32,6.1,4,1,11.9,5.3,0.01,0
PERS_3672,Head Constable,Border Outpost (Thar),16,52.5,1,0.27,5.7,3,2,67.7,5.1,0.02,0
PERS_3673,Constable,Peace Station (HQ),38,64.6,1,0.31,5.7,2,4,48.4,8.4,0.19,1
PERS_3674,Sub-Inspector,Border Outpost (Thar),21,52.2,2,0.83,5.1,4,5,37.1,8.9,0.06,1
PERS_3675,Constable,Border Outpost (Thar),35,64.3,2,0.27,5.8,2,5,21.2,11.1,0.02,1
PERS_3676,Constable,High Altitude (Ladakh/Sikkim),62,47.5,2,0.32,6.3,4,6,49.6,5.3,0.07,1
PERS_3677,Constable,Counter-Insurgency (J&K),18,53.1,3,0.35,6.0,4,3,20.7,8.8,0.04,1
PERS_3678,Constable,Peace Station (HQ),26,54.1,2,0.52,6.1,4,4,27.4,9.3,0.11,1
PERS_3679,Head Constable,Border Outpost (Thar),6,61.7,1,0.18,5.7,4,2,62.4,4.6,0.11,0
PERS_3680,Constable,Peace Station (HQ),21,59.2,1,0.43,6.5,4,4,54.7,7.8,0.15,1
PERS_3681,ASI,Peace Station (HQ),71,62.0,3,0.3,4.8,3,8,94.5,13.8,0.02,2
PERS_3682,Constable,Border Outpost (Thar),67,63.2,2,0.16,5.0,2,6,18.7,13.0,0.08,2
PERS_3683,Constable,Dense Forest (Bastar),36,39.5,1,0.88,6.1,5,4,38.6,5.5,0.03,0
PERS_3684,Constable,Counter-Insurgency (J&K),48,51.1,1,0.28,6.3,3,1,15.9,5.9,0.1,0
PERS_3685,Constable,Counter-Insurgency (J&K),9,38.9,3,0.2,5.7,4,2,18.6,4.1,0.07,0
PERS_3686,Constable,High Altitude (Ladakh/Sikkim),20,43.5,1,0.25,6.4,4,2,83.7,4.7,0.06,0
PERS_3687,Constable,High Altitude (Ladakh/Sikkim),17,48.0,2,0.11,5.8,4,2,32.0,7.3,0.03,0
PERS_3688,Head Constable,High Altitude (Ladakh/Sikkim),61,31.5,2,0.18,7.4,5,1,61.2,2.6,0.01,0
PERS_3689,Constable,Counter-Insurgency (J&K),23,48.9,1,0.25,5.9,4,2,29.1,6.0,0.08,0
PERS_3690,Head Constable,Dense Forest (Bastar),33,43.5,2,0.14,5.6,4,4,118.2,5.7,0.18,0
PERS_3691,Head Constable,Counter-Insurgency (J&K),88,46.2,1,0.34,5.6,3,7,6.7,7.9,0.22,1
PERS_3692,Constable,Counter-Insurgency (J&K),22,51.2,1,0.17,6.6,4,1,29.2,5.3,0.1,0
PERS_3693,Head Constable,Counter-Insurgency (J&K),11,45.2,1,0.37,7.1,4,1,31.0,1.5,0.06,0
PERS_3694,Inspector,Counter-Insurgency (J&K),6,52.0,2,0.24,5.6,4,2,45.6,7.6,0.01,0
PERS_3695,Head Constable,Dense Forest (Bastar),77,49.2,3,0.53,5.3,3,8,31.2,11.3,0.16,2
PERS_3696,Head Constable,High Altitude (Ladakh/Sikkim),19,48.1,1,0.66,7.1,5,3,36.9,6.1,0.05,0
PERS_3697,Constable,Peace Station (HQ),100,82.6,3,0.17,3.5,1,9,67.8,17.7,0.16,2
PERS_3698,ASI,High Altitude (Ladakh/Sikkim),34,57.6,0,0.31,6.7,4,2,25.8,6.6,0.15,0
PERS_3699,ASI,High Altitude (Ladakh/Sikkim),15,41.0,2,0.07,6.7,5,1,35.1,2.7,0.08,0
PERS_3700,Head Constable,Peace Station (HQ),55,65.9,2,0.27,4.4,2,7,38.5,15.3,0.1,2
PERS_3701,Inspector,Counter-Insurgency (J&K),55,69.0,2,0.02,5.1,2,4,54.3,9.6,0.61,2
PERS_3702,Constable,Dense Forest (Bastar),68,60.8,1,0.18,5.9,3,4,67.4,5.9,0.04,1
PERS_3703,Constable,Dense Forest (Bastar),21,42.3,0,0.13,7.0,5,1,81.8,4.2,0.11,0
PERS_3704,ASI,High Altitude (Ladakh/Sikkim),26,60.9,2,0.42,5.1,4,5,12.6,11.5,0.17,2
PERS_3705,ASI,Peace Station (HQ),21,44.3,0,0.09,6.4,5,1,6.2,3.5,0.11,0
PERS_3706,Constable,Border Outpost (Thar),52,66.7,3,0.35,5.0,4,7,10.1,15.7,0.08,1
PERS_3707,Constable,Counter-Insurgency (J&K),25,48.1,1,0.71,6.7,4,2,46.7,6.2,0.05,0
PERS_3708,Constable,High Altitude (Ladakh/Sikkim),46,49.8,1,0.56,6.5,4,3,46.8,5.2,0.09,0
PERS_3709,Constable,Dense Forest (Bastar),12,54.4,2,0.34,5.8,4,3,17.2,8.6,0.05,1
PERS_3710,ASI,Peace Station (HQ),47,66.8,2,0.29,5.2,2,5,30.5,9.6,0.01,2
PERS_3711,Head Constable,Peace Station (HQ),44,76.1,3,0.51,3.1,1,9,58.3,14.7,0.23,2
PERS_3712,Constable,High Altitude (Ladakh/Sikkim),21,50.4,2,0.12,7.6,3,1,11.2,8.0,0.05,0
PERS_3713,Constable,Border Outpost (Thar),44,48.3,0,0.07,7.4,5,1,50.8,3.8,0.06,0
PERS_3714,Constable,Dense Forest (Bastar),12,41.0,3,0.24,6.3,5,1,20.7,5.6,0.08,0
PERS_3715,Constable,High Altitude (Ladakh/Sikkim),27,35.9,0,0.13,8.9,5,1,23.5,0.9,0.18,0
PERS_3716,Head Constable,Border Outpost (Thar),17,39.6,2,0.48,6.8,5,1,13.4,5.8,0.05,0
PERS_3717,Inspector,Peace Station (HQ),42,54.6,3,0.1,6.4,3,4,66.3,11.9,0.1,1
PERS_3718,ASI,Counter-Insurgency (J&K),30,61.5,1,0.41,7.0,4,4,8.2,7.1,0.04,0
PERS_3719,Constable,Dense Forest (Bastar),58,44.8,2,0.13,7.1,4,3,33.6,4.3,0.09,0
PERS_3720,Sub-Inspector,Dense Forest (Bastar),19,57.8,0,0.07,6.4,4,1,24.7,7.1,0.06,0
PERS_3721,ASI,Border Outpost (Thar),24,41.8,3,0.04,6.0,4,2,17.4,4.5,0.16,0
PERS_3722,ASI,High Altitude (Ladakh/Sikkim),15,42.1,2,0.22,6.3,5,1,36.9,5.0,0.02,0
PERS_3723,Head Constable,Peace Station (HQ),105,47.8,1,0.15,7.1,3,3,42.8,5.5,0.01,0
PERS_3724,Constable,Border Outpost (Thar),4,61.7,1,0.38,5.1,5,4,25.7,8.3,0.68,1
PERS_3725,Constable,Counter-Insurgency (J&K),85,72.6,2,0.53,4.6,1,9,10.5,12.5,0.05,2
PERS_3726,Constable,Counter-Insurgency (J&K),88,49.5,1,0.14,5.2,3,6,27.8,7.4,0.13,1
PERS_3727,Constable,Counter-Insurgency (J&K),29,42.8,1,0.05,6.3,5,1,5.0,3.3,0.08,0
PERS_3728,Constable,Border Outpost (Thar),23,56.5,2,0.31,5.7,3,5,27.3,4.3,0.07,1
PERS_3729,Head Constable,Peace Station (HQ),35,68.8,2,0.13,5.2,2,6,31.6,10.4,0.01,1
PERS_3730,Head Constable,Dense Forest (Bastar),18,65.9,1,0.24,6.1,4,2,39.9,11.5,0.01,1
PERS_3731,Head Constable,High Altitude (Ladakh/Sikkim),29,47.0,1,0.27,6.7,4,1,19.4,6.2,0.05,0
PERS_3732,Constable,Dense Forest (Bastar),70,53.2,3,0.17,5.0,3,7,16.9,11.7,0.2,1
PERS_3733,Inspector,Peace Station (HQ),10,36.7,1,0.54,6.9,5,1,55.8,0.1,0.1,0
PERS_3734,Sub-Inspector,Dense Forest (Bastar),56,49.6,2,0.5,5.6,3,4,96.6,7.3,0.06,1
PERS_3735,ASI,Border Outpost (Thar),34,52.4,2,0.23,7.1,4,4,8.6,7.0,0.0,0
PERS_3736,Inspector,Counter-Insurgency (J&K),129,47.4,1,0.62,6.3,2,7,23.1,10.8,0.04,2
PERS_3737,Head Constable,Peace Station (HQ),38,46.4,2,0.19,6.4,5,2,109.5,3.1,0.08,0
PERS_3738,Inspector,Peace Station (HQ),19,52.1,2,0.02,5.7,4,3,30.1,7.5,0.04,1
PERS_3739,Constable,Dense Forest (Bastar),27,35.5,2,0.24,7.2,5,1,42.1,1.0,0.07,0
PERS_3740,Constable,Border Outpost (Thar),29,55.6,2,0.3,5.1,3,5,40.3,9.1,0.01,1
PERS_3741,Constable,Dense Forest (Bastar),85,66.7,3,0.46,4.2,1,9,15.2,14.7,0.08,2
PERS_3742,Constable,Dense Forest (Bastar),36,57.3,2,0.02,5.8,4,4,29.6,8.7,0.05,1
PERS_3743,Constable,Peace Station (HQ),43,47.3,1,0.19,6.2,4,2,23.1,8.4,0.08,0
PERS_3744,Head Constable,Dense Forest (Bastar),29,62.6,0,0.64,6.5,4,3,20.9,3.2,0.13,0
PERS_3745,ASI,Counter-Insurgency (J&K),18,63.7,0,0.13,6.4,3,2,46.6,5.4,0.07,0
PERS_3746,Head Constable,Dense Forest (Bastar),10,52.2,3,0.45,5.4,4,3,26.9,7.9,0.64,1
PERS_3747,Constable,Counter-Insurgency (J&K),89,58.4,3,0.43,4.9,2,9,79.9,11.1,0.16,2
PERS_3748,ASI,Peace Station (HQ),45,46.3,0,0.56,7.0,4,2,45.6,1.9,0.02,0
PERS_3749,Head Constable,Border Outpost (Thar),29,46.8,2,0.12,6.7,4,2,49.4,3.4,0.01,0
PERS_3750,Constable,Counter-Insurgency (J&K),38,62.5,1,0.09,6.0,4,1,10.8,9.2,0.09,0
PERS_3751,Head Constable,Border Outpost (Thar),41,70.6,4,0.57,4.8,2,9,20.8,15.1,0.0,2
PERS_3752,Constable,Border Outpost (Thar),63,50.2,1,0.22,5.7,4,3,94.8,4.4,0.06,0
PERS_3753,Constable,Counter-Insurgency (J&K),17,48.0,2,0.19,5.3,3,2,29.1,9.0,0.61,1
PERS_3754,Sub-Inspector,Peace Station (HQ),72,48.7,1,0.85,6.3,4,5,5.0,6.4,0.07,1
PERS_3755,Constable,High Altitude (Ladakh/Sikkim),27,46.4,1,0.23,6.5,4,1,52.2,3.7,0.26,0
PERS_3756,Head Constable,Border Outpost (Thar),43,39.7,1,0.38,7.0,5,1,21.3,4.4,0.05,0
PERS_3757,Sub-Inspector,Border Outpost (Thar),14,53.7,2,0.12,6.7,5,1,16.0,5.7,0.01,0
PERS_3758,Head Constable,Peace Station (HQ),14,36.7,1,0.59,7.4,5,1,48.9,3.3,0.17,0
PERS_3759,Constable,Peace Station (HQ),14,43.9,1,0.17,6.9,5,1,43.7,4.3,0.1,0
PERS_3760,Constable,Dense Forest (Bastar),8,48.2,0,0.52,6.7,5,1,64.4,4.3,0.13,0
PERS_3761,Constable,Peace Station (HQ),47,39.6,2,0.77,6.5,5,3,44.0,3.9,0.12,0
PERS_3762,Head Constable,Border Outpost (Thar),36,43.9,3,0.31,6.0,4,3,22.8,9.0,0.11,1
PERS_3763,Constable,Counter-Insurgency (J&K),30,39.7,2,0.55,6.5,4,2,44.0,7.1,0.07,0
PERS_3764,Constable,High Altitude (Ladakh/Sikkim),16,60.6,2,0.36,5.5,4,3,5.0,8.0,0.14,1
PERS_3765,Inspector,Dense Forest (Bastar),91,71.3,1,0.4,5.4,2,7,30.1,11.0,0.07,2
PERS_3766,Head Constable,Counter-Insurgency (J&K),6,40.7,2,0.36,7.1,5,1,35.7,0.8,0.24,0
PERS_3767,Constable,High Altitude (Ladakh/Sikkim),56,81.2,2,0.22,4.7,1,8,12.8,11.9,0.06,2
PERS_3768,Head Constable,High Altitude (Ladakh/Sikkim),15,40.2,1,0.19,7.3,5,1,28.7,3.6,0.05,0
PERS_3769,Head Constable,High Altitude (Ladakh/Sikkim),54,49.2,1,0.21,7.3,4,3,54.8,4.4,0.02,0
PERS_3770,Constable,Counter-Insurgency (J&K),77,60.6,1,0.18,6.0,3,3,47.1,10.7,0.1,1
PERS_3771,Constable,Dense Forest (Bastar),22,56.1,0,0.18,6.1,4,1,54.2,7.3,0.21,1
PERS_3772,ASI,Dense Forest (Bastar),12,46.0,0,0.13,6.2,4,1,69.4,3.0,0.0,0
PERS_3773,Head Constable,High Altitude (Ladakh/Sikkim),14,60.3,1,0.35,6.7,5,1,77.8,8.5,0.01,0
PERS_3774,Head Constable,Counter-Insurgency (J&K),37,63.7,1,0.03,5.3,3,4,17.7,9.9,0.65,0
PERS_3775,Constable,High Altitude (Ladakh/Sikkim),37,51.6,2,0.31,6.5,5,3,33.5,8.8,0.05,0
PERS_3776,Constable,Peace Station (HQ),21,48.6,2,0.31,7.0,5,3,13.8,2.8,0.06,1
PERS_3777,Constable,Dense Forest (Bastar),126,54.5,3,0.19,4.7,2,8,57.5,12.6,0.04,2
PERS_3778,Constable,Border Outpost (Thar),50,42.6,1,0.18,6.4,5,1,36.6,6.5,0.05,0
PERS_3779,Constable,High Altitude (Ladakh/Sikkim),20,42.0,1,0.16,7.5,5,1,38.0,1.1,0.11,0
PERS_3780,Constable,Peace Station (HQ),55,58.9,3,0.01,5.3,2,5,29.2,12.4,0.04,1
PERS_3781,ASI,Dense Forest (Bastar),14,49.4,2,0.26,5.9,5,3,46.3,7.1,0.03,0
PERS_3782,Inspector,Counter-Insurgency (J&K),121,57.7,3,0.53,5.3,3,8,63.4,14.4,0.13,2
PERS_3783,ASI,Dense Forest (Bastar),32,45.5,2,0.71,6.7,5,3,119.4,5.5,0.17,0
PERS_3784,ASI,Counter-Insurgency (J&K),26,45.1,2,0.16,6.8,5,1,15.7,6.0,0.02,0
PERS_3785,Constable,Counter-Insurgency (J&K),62,53.7,1,0.37,7.1,3,4,14.8,4.3,0.09,1
PERS_3786,Inspector,High Altitude (Ladakh/Sikkim),27,49.5,3,0.15,5.2,4,4,32.4,9.9,0.65,1
PERS_3787,Constable,High Altitude (Ladakh/Sikkim),50,53.0,0,0.5,7.4,4,3,32.4,5.4,0.07,1
PERS_3788,Inspector,Dense Forest (Bastar),63,49.9,1,0.43,7.6,4,3,68.9,4.3,0.1,1
PERS_3789,Inspector,Peace Station (HQ),27,44.0,2,0.02,6.7,5,1,66.1,4.1,0.26,0
PERS_3790,Head Constable,Dense Forest (Bastar),62,54.3,2,0.09,6.7,5,3,80.2,5.2,0.07,0
PERS_3791,Inspector,Border Outpost (Thar),35,58.0,3,0.28,5.0,2,5,22.3,10.2,0.01,1
PERS_3792,Head Constable,Counter-Insurgency (J&K),51,48.0,0,0.35,7.1,4,2,12.0,5.3,0.04,0
PERS_3793,Constable,Counter-Insurgency (J&K),45,28.6,2,0.49,7.6,5,2,21.8,1.7,0.02,0
PERS_3794,Constable,High Altitude (Ladakh/Sikkim),91,43.4,2,0.34,6.5,3,5,70.9,8.2,0.13,1
PERS_3795,Head Constable,Peace Station (HQ),12,59.9,1,0.05,5.4,4,1,9.5,6.0,0.66,0
PERS_3796,Constable,High Altitude (Ladakh/Sikkim),43,62.2,2,0.06,4.6,3,3,34.0,10.9,0.73,1
PERS_3797,Head Constable,Border Outpost (Thar),15,56.0,1,0.38,6.7,5,2,30.4,6.2,0.01,0
PERS_3798,Inspector,Dense Forest (Bastar),86,61.7,2,0.15,5.8,2,5,11.6,11.9,0.19,1
PERS_3799,Constable,Dense Forest (Bastar),27,60.9,4,0.15,3.4,2,6,33.2,15.2,0.16,2
PERS_3800,ASI,Peace Station (HQ),38,48.4,2,0.43,6.5,3,4,60.1,6.5,0.07,1
PERS_3801,Sub-Inspector,High Altitude (Ladakh/Sikkim),17,51.1,3,0.37,5.7,4,2,42.0,7.7,0.0,0
PERS_3802,Sub-Inspector,High Altitude (Ladakh/Sikkim),30,43.3,3,0.18,5.6,4,3,53.7,6.5,0.01,1
PERS_3803,Inspector,Border Outpost (Thar),11,47.3,2,0.28,6.4,4,1,32.7,6.9,0.09,1
PERS_3804,Head Constable,Dense Forest (Bastar),5,67.5,3,0.29,3.9,3,6,9.1,14.6,0.01,2
PERS_3805,Inspector,High Altitude (Ladakh/Sikkim),53,45.0,1,0.11,6.5,4,1,20.0,4.8,0.03,0
PERS_3806,ASI,Peace Station (HQ),29,39.2,3,0.27,5.7,4,3,12.9,5.8,0.17,0
PERS_3807,Constable,Dense Forest (Bastar),40,50.1,1,0.43,7.0,4,3,47.5,5.6,0.16,1
PERS_3808,Head Constable,Border Outpost (Thar),36,47.6,3,0.3,5.5,4,4,17.3,8.5,0.03,1
PERS_3809,Head Constable,Peace Station (HQ),27,53.4,2,0.2,5.5,4,5,25.7,6.8,0.06,1
PERS_3810,Constable,Counter-Insurgency (J&K),55,61.4,3,0.26,4.4,3,6,94.0,16.1,0.25,2
PERS_3811,Head Constable,Border Outpost (Thar),81,52.4,3,0.51,5.9,5,9,15.7,8.3,0.05,2
PERS_3812,Head Constable,Peace Station (HQ),16,70.7,2,0.14,5.1,3,5,31.2,9.0,0.01,2
PERS_3813,Constable,High Altitude (Ladakh/Sikkim),50,65.3,2,0.27,4.9,1,7,35.6,9.1,0.14,2
PERS_3814,Head Constable,Counter-Insurgency (J&K),36,44.0,3,0.44,6.2,3,6,21.9,7.1,0.06,2
PERS_3815,ASI,Border Outpost (Thar),66,53.8,1,0.42,4.5,5,6,37.0,9.2,0.16,1
PERS_3816,Head Constable,High Altitude (Ladakh/Sikkim),10,54.3,0,0.36,6.1,4,1,30.0,3.5,0.03,0
PERS_3817,Constable,Counter-Insurgency (J&K),13,41.0,1,0.33,7.7,5,1,22.5,5.5,0.03,0
PERS_3818,Constable,Dense Forest (Bastar),37,31.1,2,0.13,7.0,5,1,29.4,2.4,0.05,0
PERS_3819,Constable,High Altitude (Ladakh/Sikkim),69,74.2,1,0.62,4.3,1,9,37.9,9.2,0.32,2
PERS_3820,Sub-Inspector,Peace Station (HQ),67,43.6,1,0.34,7.9,4,4,11.8,4.2,0.16,0
PERS_3821,Constable,Border Outpost (Thar),54,61.9,1,0.07,4.8,4,5,71.6,11.2,0.0,1
PERS_3822,Head Constable,Counter-Insurgency (J&K),38,58.8,1,0.13,5.2,3,3,35.9,5.8,0.67,0
PERS_3823,Constable,High Altitude (Ladakh/Sikkim),45,44.3,1,0.1,6.3,4,2,34.9,6.5,0.02,0
PERS_3824,Constable,Dense Forest (Bastar),32,70.8,1,0.35,4.8,3,6,31.9,10.0,0.02,1
PERS_3825,ASI,Border Outpost (Thar),49,53.5,1,0.11,7.1,3,2,25.3,7.2,0.02,0
PERS_3826,Head Constable,Border Outpost (Thar),45,53.9,2,0.51,5.7,5,6,33.9,10.3,0.02,0
PERS_3827,Constable,High Altitude (Ladakh/Sikkim),53,37.9,1,0.32,8.6,4,1,25.2,4.6,0.05,0
PERS_3828,Constable,Dense Forest (Bastar),85,35.4,3,0.42,5.3,4,6,5.4,5.3,0.07,1
PERS_3829,Constable,Counter-Insurgency (J&K),10,46.6,2,0.04,6.8,4,1,12.1,7.6,0.11,0
PERS_3830,Head Constable,High Altitude (Ladakh/Sikkim),21,63.1,1,0.33,5.4,4,3,21.7,10.2,0.76,0
PERS_3831,Head Constable,Counter-Insurgency (J&K),42,33.6,1,0.23,7.2,5,1,52.4,0.6,0.07,0
PERS_3832,Constable,Border Outpost (Thar),42,53.7,2,0.64,5.5,4,6,12.6,5.8,0.12,1
PERS_3833,Constable,Counter-Insurgency (J&K),35,52.3,0,0.51,6.6,5,2,10.9,3.9,0.18,0
PERS_3834,Constable,Dense Forest (Bastar),35,63.9,3,0.26,5.3,4,6,17.8,14.8,0.0,1
PERS_3835,Sub-Inspector,Peace Station (HQ),122,70.4,2,0.41,4.4,1,10,46.9,15.2,0.07,2
PERS_3836,Inspector,Dense Forest (Bastar),52,54.6,2,0.24,5.7,3,4,24.4,7.6,0.05,1
PERS_3837,Constable,Counter-Insurgency (J&K),6,47.7,4,0.21,5.9,4,4,13.4,8.6,0.02,1
PERS_3838,ASI,High Altitude (Ladakh/Sikkim),18,42.6,2,0.3,5.2,5,3,54.3,8.4,0.7,1
PERS_3839,Constable,Border Outpost (Thar),87,45.2,4,0.2,6.6,4,6,81.9,9.7,0.01,2
PERS_3840,Constable,Peace Station (HQ),12,42.9,3,0.74,6.7,5,4,49.1,4.9,0.16,0
PERS_3841,ASI,High Altitude (Ladakh/Sikkim),34,40.3,3,0.76,6.4,5,4,23.2,6.0,0.11,1
PERS_3842,Sub-Inspector,High Altitude (Ladakh/Sikkim),69,53.8,3,0.14,5.6,3,5,8.5,8.6,0.14,1
PERS_3843,Inspector,Dense Forest (Bastar),34,51.1,1,0.4,6.5,4,3,43.0,4.9,0.04,0
PERS_3844,Head Constable,Counter-Insurgency (J&K),69,52.2,1,0.36,6.0,3,2,48.1,7.0,0.0,1
PERS_3845,Constable,Dense Forest (Bastar),45,53.6,1,0.08,6.8,4,2,22.0,6.7,0.03,0
PERS_3846,ASI,Counter-Insurgency (J&K),48,48.2,4,0.33,5.1,3,8,38.5,9.5,0.02,2
PERS_3847,Constable,Dense Forest (Bastar),11,57.5,1,0.08,5.4,4,1,57.5,5.6,0.76,0
PERS_3848,Head Constable,High Altitude (Ladakh/Sikkim),31,53.4,0,0.29,7.5,4,2,15.8,4.8,0.04,0
PERS_3849,Constable,Border Outpost (Thar),21,45.3,3,0.4,5.3,4,4,78.3,7.8,0.83,1
PERS_3850,Head Constable,Counter-Insurgency (J&K),47,41.0,1,0.42,7.5,4,1,36.3,1.1,0.01,0
PERS_3851,Constable,Peace Station (HQ),115,58.7,2,0.01,5.4,1,6,73.0,9.6,0.16,2
PERS_3852,Constable,Peace Station (HQ),56,65.0,3,0.21,5.0,3,7,86.7,12.5,0.0,2
PERS_3853,Sub-Inspector,High Altitude (Ladakh/Sikkim),67,60.6,2,0.01,4.8,3,5,14.5,13.5,0.01,1
PERS_3854,Constable,Dense Forest (Bastar),24,58.0,2,0.27,4.9,3,6,16.0,7.4,0.0,2
PERS_3855,Head Constable,Dense Forest (Bastar),60,61.2,2,0.28,5.8,3,5,10.9,6.6,0.05,1
PERS_3856,Constable,High Altitude (Ladakh/Sikkim),12,61.4,2,0.37,6.2,5,2,18.1,8.6,0.11,1
PERS_3857,Constable,Peace Station (HQ),33,59.9,1,0.04,6.6,4,2,39.6,10.4,0.11,0
PERS_3858,Constable,Peace Station (HQ),64,55.9,2,0.06,5.8,4,3,56.1,8.1,0.18,0
PERS_3859,Constable,Dense Forest (Bastar),41,48.0,0,0.22,6.4,4,1,48.6,4.3,0.0,0
PERS_3860,ASI,Counter-Insurgency (J&K),64,63.2,2,0.11,3.9,3,7,21.8,14.0,0.01,2
PERS_3861,Constable,Border Outpost (Thar),99,33.7,2,0.21,8.1,4,2,12.2,7.7,0.22,0
PERS_3862,Inspector,Counter-Insurgency (J&K),54,66.1,1,0.15,5.2,2,5,52.3,7.2,0.07,1
PERS_3863,Head Constable,Peace Station (HQ),35,58.4,2,0.23,6.3,4,3,55.9,8.5,0.1,1
PERS_3864,Constable,Counter-Insurgency (J&K),23,66.7,2,0.09,5.4,4,6,19.3,11.1,0.02,1
PERS_3865,Head Constable,Border Outpost (Thar),26,39.4,1,0.41,5.8,4,2,24.1,2.4,0.15,0
PERS_3866,Head Constable,Counter-Insurgency (J&K),36,63.2,1,0.09,5.6,3,4,16.0,10.0,0.11,1
PERS_3867,ASI,Counter-Insurgency (J&K),59,60.5,2,0.18,5.6,3,5,74.9,13.4,0.16,1
PERS_3868,Constable,Counter-Insurgency (J&K),73,49.2,2,0.06,5.0,3,5,22.7,9.5,0.05,1
PERS_3869,Constable,Counter-Insurgency (J&K),19,48.5,2,0.21,5.9,4,3,19.4,6.8,0.17,0
PERS_3870,Sub-Inspector,High Altitude (Ladakh/Sikkim),37,49.6,2,0.16,5.4,4,4,26.1,5.4,0.6,0
PERS_3871,Sub-Inspector,Peace Station (HQ),18,46.2,2,0.26,7.1,5,1,16.4,3.3,0.06,0
PERS_3872,Sub-Inspector,Border Outpost (Thar),45,39.0,3,0.36,5.7,4,5,39.0,8.3,0.17,1
PERS_3873,Constable,Peace Station (HQ),67,66.4,1,0.07,5.7,2,3,44.0,12.3,0.05,1
PERS_3874,ASI,High Altitude (Ladakh/Sikkim),68,45.3,3,0.26,5.3,4,7,39.6,8.8,0.03,1
PERS_3875,Head Constable,High Altitude (Ladakh/Sikkim),23,39.8,2,0.45,6.2,5,2,16.9,2.7,0.18,0
PERS_3876,Head Constable,High Altitude (Ladakh/Sikkim),24,62.4,2,0.64,5.2,4,5,54.7,10.2,0.02,1
PERS_3877,Constable,High Altitude (Ladakh/Sikkim),38,37.8,2,0.04,6.8,5,1,44.1,5.6,0.09,0
PERS_3878,Head Constable,Counter-Insurgency (J&K),34,48.4,1,0.19,6.6,3,1,14.3,4.0,0.13,0
PERS_3879,Constable,Peace Station (HQ),63,44.4,2,0.18,5.3,3,5,37.9,5.4,0.05,1
PERS_3880,Constable,Dense Forest (Bastar),39,68.3,1,0.29,5.9,4,5,61.0,10.1,0.21,1
PERS_3881,ASI,Border Outpost (Thar),49,64.3,1,0.06,6.5,2,3,21.6,8.0,0.1,1
PERS_3882,Constable,High Altitude (Ladakh/Sikkim),39,43.7,2,0.05,6.5,4,4,55.0,6.4,0.09,1
PERS_3883,Constable,Peace Station (HQ),37,41.7,1,0.36,6.9,4,1,17.7,4.4,0.14,0
PERS_3884,Constable,High Altitude (Ladakh/Sikkim),17,57.4,1,0.11,6.7,4,2,41.6,8.1,0.08,0
PERS_3885,Sub-Inspector,High Altitude (Ladakh/Sikkim),33,55.6,3,0.58,5.5,4,7,32.6,10.4,0.09,1
PERS_3886,Head Constable,High Altitude (Ladakh/Sikkim),27,47.2,3,0.24,5.7,4,5,30.7,6.4,0.01,1
PERS_3887,Constable,High Altitude (Ladakh/Sikkim),123,55.8,2,0.52,5.4,2,8,86.7,11.5,0.2,2
PERS_3888,ASI,High Altitude (Ladakh/Sikkim),110,56.7,3,0.24,5.2,1,7,57.5,11.8,0.09,2
PERS_3889,ASI,Border Outpost (Thar),48,61.8,4,0.19,3.3,2,8,48.8,13.9,0.07,2
PERS_3890,Constable,Peace Station (HQ),47,68.4,2,0.08,5.1,2,5,43.4,14.2,0.05,2
PERS_3891,Head Constable,High Altitude (Ladakh/Sikkim),38,70.0,3,0.18,5.3,3,7,32.4,12.1,0.19,2
PERS_3892,ASI,High Altitude (Ladakh/Sikkim),39,44.6,1,0.41,5.5,4,2,46.6,5.1,0.18,1
PERS_3893,Head Constable,High Altitude (Ladakh/Sikkim),50,53.6,2,0.54,4.4,2,6,58.0,9.2,0.03,2
PERS_3894,Constable,High Altitude (Ladakh/Sikkim),75,68.9,0,0.11,6.3,3,3,6.5,7.8,0.02,1
PERS_3895,Sub-Inspector,Counter-Insurgency (J&K),81,47.4,3,0.49,7.0,4,6,33.5,7.6,0.08,1
PERS_3896,Head Constable,Counter-Insurgency (J&K),38,45.0,3,0.61,7.1,4,5,39.2,5.4,0.12,1
PERS_3897,Constable,Dense Forest (Bastar),77,63.7,1,0.45,5.5,2,9,38.5,9.9,0.17,2
PERS_3898,Constable,High Altitude (Ladakh/Sikkim),11,44.4,2,0.17,6.7,5,1,22.9,4.7,0.06,0
PERS_3899,Constable,Dense Forest (Bastar),12,34.4,3,0.29,7.2,5,2,87.8,0.0,0.01,0
PERS_3900,Constable,Border Outpost (Thar),37,43.4,3,0.53,5.1,4,4,39.4,9.3,0.67,1
PERS_3901,ASI,Dense Forest (Bastar),17,59.6,0,0.34,5.3,5,1,9.2,8.2,0.62,0
PERS_3902,Constable,Peace Station (HQ),51,55.6,3,0.31,5.1,3,7,65.9,9.6,0.11,1
PERS_3903,Constable,Counter-Insurgency (J&K),53,37.7,1,0.09,6.7,5,1,15.2,4.4,0.01,0
PERS_3904,Head Constable,Counter-Insurgency (J&K),18,43.7,2,0.38,6.6,4,2,51.0,4.9,0.06,0
PERS_3905,Constable,High Altitude (Ladakh/Sikkim),139,80.1,1,0.24,4.4,1,10,56.9,17.6,0.01,2
PERS_3906,Inspector,High Altitude (Ladakh/Sikkim),81,55.4,0,0.48,7.7,4,4,39.0,7.9,0.18,1
PERS_3907,Constable,Border Outpost (Thar),23,47.9,1,0.37,7.0,4,1,20.9,8.7,0.0,0
PERS_3908,Constable,Border Outpost (Thar),10,49.1,1,0.16,6.4,4,1,13.9,4.3,0.12,0
PERS_3909,Constable,Peace Station (HQ),28,52.9,2,0.66,4.6,4,5,25.9,7.7,0.01,2
PERS_3910,Constable,High Altitude (Ladakh/Sikkim),52,49.3,0,0.18,7.2,4,1,33.0,5.4,0.1,0
PERS_3911,Constable,High Altitude (Ladakh/Sikkim),31,64.5,3,0.25,4.9,2,6,20.7,9.8,0.05,2
PERS_3912,Head Constable,Border Outpost (Thar),4,43.7,5,0.34,4.9,5,6,43.5,10.7,0.02,1
PERS_3913,Inspector,Border Outpost (Thar),28,60.7,3,0.25,4.6,2,6,22.6,12.8,0.15,2
PERS_3914,Constable,Border Outpost (Thar),105,76.7,2,0.27,4.1,1,10,100.1,17.2,0.06,2
PERS_3915,Head Constable,Counter-Insurgency (J&K),48,56.6,2,0.38,6.5,5,3,20.9,6.4,0.0,1
PERS_3916,Head Constable,Dense Forest (Bastar),17,39.2,0,0.3,8.4,5,1,23.8,0.3,0.1,0
PERS_3917,ASI,Dense Forest (Bastar),11,51.0,1,0.54,6.2,3,2,38.8,6.0,0.08,0
PERS_3918,Constable,High Altitude (Ladakh/Sikkim),9,43.3,3,0.25,6.2,5,3,30.7,7.6,0.06,1
PERS_3919,Constable,Counter-Insurgency (J&K),16,58.6,0,0.46,6.7,4,1,61.0,4.5,0.04,0
PERS_3920,Constable,Border Outpost (Thar),18,51.9,3,0.22,4.7,4,5,38.9,8.5,0.01,1
PERS_3921,Head Constable,High Altitude (Ladakh/Sikkim),50,51.8,0,0.11,6.4,5,2,41.7,4.4,0.06,0
PERS_3922,ASI,Counter-Insurgency (J&K),140,51.9,1,0.23,7.2,2,6,8.9,9.4,0.11,1
PERS_3923,Constable,Peace Station (HQ),20,31.4,1,0.01,7.0,5,1,23.5,1.2,0.01,0
PERS_3924,Constable,Counter-Insurgency (J&K),69,46.8,3,0.34,5.4,4,6,28.2,9.0,0.01,1
PERS_3925,Sub-Inspector,High Altitude (Ladakh/Sikkim),128,67.3,2,0.19,4.9,1,9,26.8,15.0,0.05,2
PERS_3926,ASI,Dense Forest (Bastar),13,61.1,1,0.32,5.7,5,4,119.7,9.8,0.13,1
PERS_3927,Inspector,Border Outpost (Thar),70,51.9,2,0.14,5.4,3,3,7.9,7.3,0.77,0
PERS_3928,ASI,Peace Station (HQ),42,42.8,3,0.17,5.8,5,4,23.4,7.0,0.21,0
PERS_3929,Constable,Counter-Insurgency (J&K),17,51.6,2,0.27,4.8,3,3,28.3,11.1,0.62,1
PERS_3930,Head Constable,High Altitude (Ladakh/Sikkim),28,57.7,0,0.15,6.8,4,1,28.4,6.8,0.04,0
PERS_3931,Head Constable,High Altitude (Ladakh/Sikkim),44,60.2,0,0.05,6.2,2,3,37.5,5.8,0.05,0
PERS_3932,Constable,Border Outpost (Thar),61,56.0,3,0.41,4.3,3,7,72.0,9.9,0.14,2
PERS_3933,Head Constable,High Altitude (Ladakh/Sikkim),37,72.4,2,0.07,4.3,2,4,70.4,11.9,0.63,1
PERS_3934,Head Constable,High Altitude (Ladakh/Sikkim),51,65.8,3,0.19,3.3,2,8,13.5,12.1,0.07,2
PERS_3935,Constable,Border Outpost (Thar),85,44.3,2,0.48,5.7,3,7,12.1,7.8,0.05,2
PERS_3936,ASI,Peace Station (HQ),17,35.0,0,0.05,6.8,5,1,8.5,-1.2,0.09,0
PERS_3937,Head Constable,Dense Forest (Bastar),53,42.0,1,0.02,8.3,4,1,69.0,3.2,0.2,0
PERS_3938,Inspector,Dense Forest (Bastar),18,61.5,2,0.8,5.5,5,6,29.4,9.7,0.05,1
PERS_3939,Constable,Counter-Insurgency (J&K),63,37.2,1,0.27,7.3,4,1,18.1,1.0,0.27,0
PERS_3940,Constable,Peace Station (HQ),28,55.4,5,0.14,3.8,3,9,39.8,11.3,0.01,2
PERS_3941,Head Constable,Counter-Insurgency (J&K),60,52.3,1,0.55,6.5,3,4,17.5,10.6,0.11,1
PERS_3942,Constable,Dense Forest (Bastar),35,39.1,2,0.47,6.8,4,3,14.8,5.4,0.21,0
PERS_3943,Head Constable,Border Outpost (Thar),26,53.1,1,0.85,6.7,4,4,11.8,6.7,0.03,1
PERS_3944,ASI,High Altitude (Ladakh/Sikkim),27,48.9,1,0.34,6.2,4,3,40.2,4.9,0.01,1
PERS_3945,Constable,Dense Forest (Bastar),4,56.5,2,0.2,5.3,4,4,99.7,8.2,0.7,1
PERS_3946,Head Constable,Peace Station (HQ),35,35.2,2,0.27,6.5,4,2,23.7,5.8,0.07,1
PERS_3947,Head Constable,Dense Forest (Bastar),51,44.2,0,0.19,7.1,4,1,47.4,1.9,0.04,0
PERS_3948,Constable,Peace Station (HQ),72,46.5,1,0.04,6.8,2,4,37.8,4.7,0.19,0
PERS_3949,Sub-Inspector,Peace Station (HQ),79,62.5,2,0.4,6.0,3,6,38.4,10.6,0.1,1
PERS_3950,ASI,Peace Station (HQ),32,48.8,3,0.48,6.4,4,5,20.8,6.5,0.02,1
PERS_3951,Head Constable,Counter-Insurgency (J&K),79,67.7,1,0.0,5.3,1,5,46.5,9.9,0.23,2
PERS_3952,Head Constable,Border Outpost (Thar),109,54.9,2,0.47,7.2,3,6,67.1,13.0,0.1,2
PERS_3953,Head Constable,Dense Forest (Bastar),13,51.5,1,0.53,6.7,5,1,28.9,6.8,0.07,0
PERS_3954,Sub-Inspector,Border Outpost (Thar),25,65.3,2,0.27,5.4,3,5,26.3,10.3,0.1,1
PERS_3955,Head Constable,High Altitude (Ladakh/Sikkim),121,42.4,2,0.54,7.0,3,7,23.8,8.5,0.16,1
PERS_3956,Head Constable,Dense Forest (Bastar),64,54.7,1,0.22,6.9,4,2,60.2,4.8,0.05,1
PERS_3957,ASI,Border Outpost (Thar),31,50.8,2,0.27,6.6,4,4,41.3,7.4,0.19,0
PERS_3958,Constable,Border Outpost (Thar),35,43.6,1,0.63,6.5,4,4,22.5,3.1,0.21,1
PERS_3959,ASI,High Altitude (Ladakh/Sikkim),69,53.3,1,0.23,6.0,3,4,6.3,8.3,0.04,0
PERS_3960,Constable,Peace Station (HQ),20,53.1,2,0.47,5.0,4,5,39.3,6.6,0.01,1
PERS_3961,Constable,Dense Forest (Bastar),36,44.1,2,0.29,6.7,5,3,32.9,6.4,0.1,0
PERS_3962,Constable,Dense Forest (Bastar),52,53.8,3,0.01,5.9,4,4,10.8,10.4,0.05,1
PERS_3963,Inspector,High Altitude (Ladakh/Sikkim),46,42.4,0,0.27,8.0,4,1,31.8,2.3,0.0,0
PERS_3964,ASI,Peace Station (HQ),49,50.9,3,0.25,5.7,5,4,20.6,9.1,0.0,1
PERS_3965,Head Constable,Dense Forest (Bastar),11,58.4,0,0.27,6.8,5,1,14.8,6.8,0.11,0
PERS_3966,Head Constable,Dense Forest (Bastar),46,62.4,1,0.13,4.7,2,4,43.2,10.1,0.6,2
PERS_3967,Head Constable,Dense Forest (Bastar),20,61.7,2,0.76,5.1,4,7,55.6,10.1,0.14,1
PERS_3968,Sub-Inspector,Peace Station (HQ),19,48.9,2,0.3,5.8,4,2,22.0,6.7,0.06,0
PERS_3969,Head Constable,High Altitude (Ladakh/Sikkim),79,52.6,4,0.41,5.8,2,8,26.6,9.5,0.07,2
PERS_3970,Constable,Dense Forest (Bastar),55,60.9,2,0.19,5.6,3,5,46.1,12.1,0.04,1
PERS_3971,Constable,Border Outpost (Thar),30,62.7,1,0.46,5.9,3,4,25.5,9.1,0.06,1
PERS_3972,ASI,Peace Station (HQ),44,53.2,3,0.23,4.6,3,6,9.4,9.4,0.02,2
PERS_3973,Head Constable,Counter-Insurgency (J&K),51,68.2,1,0.47,4.6,3,5,49.7,10.9,0.01,1
PERS_3974,Constable,High Altitude (Ladakh/Sikkim),50,60.1,1,0.74,5.7,4,6,38.5,8.8,0.06,1
PERS_3975,Constable,Border Outpost (Thar),62,48.5,2,0.45,6.6,4,4,69.5,4.9,0.04,1
PERS_3976,ASI,Dense Forest (Bastar),78,51.3,3,0.27,4.9,3,8,32.0,11.8,0.07,2
PERS_3977,Constable,Counter-Insurgency (J&K),51,52.7,2,0.38,6.7,5,4,5.0,10.4,0.02,0
PERS_3978,Head Constable,High Altitude (Ladakh/Sikkim),62,38.5,2,0.04,6.2,4,3,16.7,6.8,0.1,0
PERS_3979,Inspector,Peace Station (HQ),8,43.3,2,0.08,6.7,5,1,52.9,2.8,0.21,0
PERS_3980,Constable,Counter-Insurgency (J&K),60,65.4,2,0.29,4.7,1,6,58.4,9.9,0.12,2
PERS_3981,Constable,Counter-Insurgency (J&K),47,66.2,2,0.31,5.8,3,5,60.6,9.6,0.13,1
PERS_3982,Head Constable,Border Outpost (Thar),62,57.1,1,0.06,7.2,3,1,26.2,9.2,0.1,0
PERS_3983,ASI,High Altitude (Ladakh/Sikkim),33,55.8,1,0.37,6.5,4,2,24.0,8.5,0.01,1
PERS_3984,Head Constable,Border Outpost (Thar),89,53.8,1,0.36,5.9,3,4,26.2,6.0,0.04,1
PERS_3985,Inspector,Border Outpost (Thar),14,43.0,3,0.12,5.4,5,2,13.8,6.7,0.63,0
PERS_3986,Constable,Dense Forest (Bastar),53,59.0,2,0.34,5.0,3,7,69.5,9.4,0.0,1
PERS_3987,Head Constable,Peace Station (HQ),53,48.9,2,0.4,5.8,4,4,19.6,7.2,0.09,1
PERS_3988,Head Constable,Counter-Insurgency (J&K),28,67.7,0,0.25,5.5,4,2,36.4,5.4,0.12,0
PERS_3989,ASI,High Altitude (Ladakh/Sikkim),29,55.0,1,0.07,6.9,4,2,11.8,6.2,0.01,0
PERS_3990,Constable,Peace Station (HQ),64,58.9,3,0.04,5.1,3,4,20.8,10.2,0.68,1
PERS_3991,ASI,Peace Station (HQ),16,39.0,1,0.12,7.4,5,1,41.5,2.0,0.01,0
PERS_3992,Head Constable,High Altitude (Ladakh/Sikkim),33,28.1,2,0.25,6.6,5,1,26.0,3.0,0.15,0
PERS_3993,Constable,Peace Station (HQ),5,53.0,1,0.53,6.1,5,3,8.5,6.8,0.03,0
PERS_3994,Constable,Dense Forest (Bastar),34,46.4,2,0.21,6.6,4,2,12.8,3.2,0.09,0
PERS_3995,ASI,Peace Station (HQ),11,58.9,2,0.12,5.2,4,2,54.9,6.8,0.61,0
PERS_3996,Constable,Dense Forest (Bastar),151,54.0,2,0.25,6.0,1,8,45.7,11.8,0.05,2
PERS_3997,Constable,Counter-Insurgency (J&K),87,51.4,2,0.2,5.7,3,7,14.1,8.9,0.17,1
PERS_3998,Constable,Counter-Insurgency (J&K),25,61.7,2,0.07,6.0,3,4,37.9,7.4,0.2,1
PERS_3999,Sub-Inspector,Border Outpost (Thar),11,53.5,2,0.37,5.8,4,3,62.6,6.8,0.09,0
PERS_4000,Head Constable,Dense Forest (Bastar),52,43.2,4,0.08,5.1,4,5,5.0,9.8,0.06,1
PERS_4001,ASI,Counter-Insurgency (J&K),34,51.7,2,0.54,6.1,4,5,19.1,8.2,0.01,1
PERS_4002,Constable,Peace Station (HQ),24,69.4,1,0.25,5.5,3,4,38.5,8.0,0.04,1
PERS_4003,Head Constable,High Altitude (Ladakh/Sikkim),39,53.3,2,0.23,6.4,4,2,12.8,7.4,0.09,0
PERS_4004,Head Constable,High Altitude (Ladakh/Sikkim),35,50.0,2,0.29,5.3,3,4,24.5,7.0,0.66,1
PERS_4005,ASI,Dense Forest (Bastar),74,64.4,3,0.15,4.1,1,9,46.2,16.3,0.0,2
PERS_4006,Sub-Inspector,Border Outpost (Thar),21,53.6,1,0.58,6.4,4,3,21.9,4.5,0.03,0
PERS_4007,Constable,Peace Station (HQ),8,63.2,1,0.2,5.3,4,3,13.2,7.4,0.62,1
PERS_4008,Head Constable,Dense Forest (Bastar),66,62.2,3,0.47,4.9,3,10,22.8,11.9,0.15,2
PERS_4009,Constable,High Altitude (Ladakh/Sikkim),47,61.8,3,0.45,5.0,2,7,15.4,11.4,0.24,1
PERS_4010,Head Constable,Dense Forest (Bastar),17,64.6,2,0.22,4.6,5,5,15.9,8.9,0.16,2
PERS_4011,Constable,Peace Station (HQ),18,46.8,0,0.27,7.3,4,1,26.0,4.0,0.05,0
PERS_4012,Constable,Counter-Insurgency (J&K),17,43.7,1,0.03,6.5,4,1,52.4,4.3,0.12,0
PERS_4013,Constable,Peace Station (HQ),33,37.8,1,0.08,6.2,3,1,16.1,6.5,0.11,0
PERS_4014,Head Constable,Counter-Insurgency (J&K),121,58.0,1,0.22,6.0,2,5,15.9,10.8,0.01,2
PERS_4015,Constable,Counter-Insurgency (J&K),87,43.6,1,0.25,6.6,3,3,16.2,6.4,0.05,1
PERS_4016,Head Constable,Counter-Insurgency (J&K),27,54.4,3,0.51,4.9,4,5,53.4,8.1,0.25,1
PERS_4017,Constable,Dense Forest (Bastar),98,51.7,0,0.56,6.9,4,6,20.3,6.4,0.04,1
PERS_4018,Constable,High Altitude (Ladakh/Sikkim),18,59.4,2,0.35,5.7,4,4,38.5,9.7,0.06,1
PERS_4019,ASI,Dense Forest (Bastar),31,58.9,2,0.18,5.1,4,3,42.8,9.8,0.69,1
PERS_4020,Constable,High Altitude (Ladakh/Sikkim),34,47.5,2,0.11,6.7,5,2,43.0,7.5,0.01,0
PERS_4021,Constable,Peace Station (HQ),139,71.7,2,0.35,4.1,2,10,43.6,16.4,0.04,2
PERS_4022,Head Constable,Border Outpost (Thar),13,50.8,2,0.14,5.6,4,1,32.2,8.3,0.11,1
PERS_4023,Constable,Peace Station (HQ),59,36.2,3,0.44,7.3,4,3,54.3,4.1,0.02,1
PERS_4024,Constable,Dense Forest (Bastar),27,40.8,3,0.42,5.6,5,5,52.0,7.2,0.06,1
PERS_4025,Constable,Dense Forest (Bastar),37,44.5,0,0.2,7.2,4,1,40.6,2.2,0.02,0
PERS_4026,Sub-Inspector,High Altitude (Ladakh/Sikkim),18,49.9,0,0.4,6.4,5,2,16.6,3.7,0.0,0
PERS_4027,Head Constable,Dense Forest (Bastar),35,47.2,3,0.08,6.6,4,3,27.4,4.2,0.19,1
PERS_4028,Head Constable,Counter-Insurgency (J&K),83,51.0,2,0.22,5.4,3,6,40.0,11.8,0.18,1
PERS_4029,Head Constable,Dense Forest (Bastar),4,54.2,4,0.21,5.9,3,4,39.1,6.9,0.22,1
PERS_4030,Constable,High Altitude (Ladakh/Sikkim),37,59.6,2,0.12,6.1,4,4,46.5,8.2,0.0,0
PERS_4031,Constable,High Altitude (Ladakh/Sikkim),7,42.5,1,0.71,7.2,5,1,15.4,2.6,0.19,0
PERS_4032,ASI,Counter-Insurgency (J&K),75,47.0,2,0.24,6.7,4,4,60.9,9.3,0.07,1
PERS_4033,Constable,High Altitude (Ladakh/Sikkim),6,61.2,2,0.38,6.5,4,3,21.2,6.6,0.1,1
PERS_4034,Constable,Border Outpost (Thar),16,76.9,2,0.18,4.1,2,7,32.4,11.8,0.0,2
PERS_4035,Constable,Peace Station (HQ),82,46.8,3,0.1,5.8,3,3,62.7,10.7,0.13,1
PERS_4036,Constable,Dense Forest (Bastar),28,59.7,2,0.01,5.4,3,4,28.6,8.5,0.6,1
PERS_4037,Inspector,Border Outpost (Thar),30,49.6,1,0.33,6.0,4,3,39.8,4.0,0.15,0
PERS_4038,Constable,Dense Forest (Bastar),32,58.0,2,0.1,5.3,3,4,43.1,8.2,0.68,1
PERS_4039,Head Constable,Border Outpost (Thar),33,41.8,2,0.29,6.7,4,2,93.5,6.6,0.02,1
PERS_4040,Constable,Dense Forest (Bastar),25,38.0,2,0.29,8.1,5,1,33.8,4.0,0.02,0
PERS_4041,Inspector,Counter-Insurgency (J&K),102,47.0,2,0.1,5.5,2,6,56.8,9.9,0.14,2
PERS_4042,Constable,High Altitude (Ladakh/Sikkim),94,51.8,2,0.41,5.9,2,7,76.1,10.7,0.06,2
PERS_4043,Constable,High Altitude (Ladakh/Sikkim),31,48.8,2,0.32,5.9,4,3,43.0,8.1,0.05,1
PERS_4044,Head Constable,Counter-Insurgency (J&K),12,58.7,2,0.39,5.8,4,3,79.4,8.3,0.01,0
PERS_4045,Head Constable,Border Outpost (Thar),55,45.2,2,0.09,6.6,4,3,35.7,8.1,0.14,0
PERS_4046,Constable,Peace Station (HQ),36,45.2,1,0.45,5.9,4,4,14.2,4.5,0.09,0
PERS_4047,Constable,Border Outpost (Thar),28,71.6,2,0.22,4.8,2,6,46.2,12.9,0.07,2
PERS_4048,Constable,High Altitude (Ladakh/Sikkim),27,51.2,2,0.38,4.7,2,5,48.5,6.5,0.18,1
PERS_4049,Constable,Peace Station (HQ),34,54.3,0,0.2,7.3,4,1,40.9,5.6,0.01,0
PERS_4050,Constable,Dense Forest (Bastar),14,56.9,3,0.09,4.1,3,3,44.8,11.7,0.78,1
PERS_4051,Head Constable,Peace Station (HQ),23,45.1,1,0.16,6.2,4,1,58.0,4.4,0.01,0
PERS_4052,Constable,Border Outpost (Thar),8,48.6,0,0.06,7.2,5,1,42.9,5.9,0.07,0
PERS_4053,Constable,Counter-Insurgency (J&K),57,50.5,2,0.13,5.6,3,4,20.0,7.9,0.11,1
PERS_4054,Head Constable,Dense Forest (Bastar),137,60.9,1,0.2,6.0,2,7,25.8,12.0,0.16,2
PERS_4055,Inspector,Border Outpost (Thar),145,70.9,2,0.35,5.8,1,9,24.4,16.9,0.32,2
PERS_4056,Head Constable,Dense Forest (Bastar),46,59.3,2,0.02,6.1,3,3,39.9,11.2,0.04,0
PERS_4057,Constable,Peace Station (HQ),21,27.3,1,0.21,7.5,5,1,15.9,1.8,0.1,0
PERS_4058,Constable,High Altitude (Ladakh/Sikkim),45,62.5,4,0.07,4.2,2,7,39.5,12.2,0.04,1
PERS_4059,Inspector,Border Outpost (Thar),106,55.1,1,0.35,5.4,3,8,25.8,9.1,0.08,2
PERS_4060,Constable,Counter-Insurgency (J&K),66,58.5,2,0.46,6.1,3,6,24.9,7.7,0.09,1
PERS_4061,Constable,Peace Station (HQ),28,46.7,3,0.23,6.0,4,3,22.9,7.3,0.01,0
PERS_4062,Head Constable,Border Outpost (Thar),29,50.4,2,0.2,5.5,4,5,21.6,8.9,0.04,1
PERS_4063,Head Constable,Counter-Insurgency (J&K),8,62.0,4,0.24,4.6,3,6,39.9,12.5,0.02,2
PERS_4064,Head Constable,Border Outpost (Thar),50,56.4,3,0.46,4.2,3,8,28.7,9.7,0.06,2
PERS_4065,Constable,Peace Station (HQ),76,68.2,3,0.52,4.7,2,10,25.6,16.6,0.21,2
PERS_4066,Constable,Border Outpost (Thar),33,50.8,1,0.74,7.2,5,3,23.7,5.2,0.14,0
PERS_4067,Inspector,Dense Forest (Bastar),19,48.4,2,0.04,6.5,5,1,55.9,5.7,0.02,0
PERS_4068,Constable,Peace Station (HQ),84,56.5,3,0.43,5.3,2,8,39.2,11.4,0.04,2
PERS_4069,Head Constable,Border Outpost (Thar),82,43.5,3,0.14,6.6,4,4,25.4,9.9,0.18,1
PERS_4070,Head Constable,High Altitude (Ladakh/Sikkim),20,25.0,3,0.12,6.8,5,1,15.5,1.8,0.2,0
PERS_4071,Head Constable,Border Outpost (Thar),20,42.2,3,0.2,4.7,4,3,32.2,8.5,0.66,1
PERS_4072,Constable,Dense Forest (Bastar),73,65.6,2,0.44,5.9,3,6,63.8,12.6,0.08,2
PERS_4073,Constable,Counter-Insurgency (J&K),33,65.5,0,0.18,6.5,4,3,39.3,9.9,0.02,0
PERS_4074,Head Constable,Counter-Insurgency (J&K),36,31.6,1,0.28,7.8,5,1,42.3,-0.7,0.16,0
PERS_4075,ASI,Counter-Insurgency (J&K),48,65.7,1,0.2,5.6,3,4,91.3,9.1,0.01,1
PERS_4076,Sub-Inspector,High Altitude (Ladakh/Sikkim),44,46.5,1,0.05,7.2,5,1,57.0,3.9,0.15,0
PERS_4077,Constable,Dense Forest (Bastar),15,35.2,1,0.15,7.8,5,1,6.2,1.2,0.04,0
PERS_4078,Constable,Peace Station (HQ),16,60.2,0,0.17,6.2,3,1,16.7,6.1,0.01,1
PERS_4079,Sub-Inspector,Counter-Insurgency (J&K),66,49.5,1,0.31,7.3,4,3,69.2,5.8,0.12,0
PERS_4080,Head Constable,Dense Forest (Bastar),25,76.7,4,0.33,4.0,2,6,29.9,16.6,0.19,2
PERS_4081,Sub-Inspector,Border Outpost (Thar),76,48.9,1,0.35,6.2,3,6,120.0,6.5,0.11,1
PERS_4082,Constable,High Altitude (Ladakh/Sikkim),75,52.7,1,0.07,7.7,3,2,17.2,7.1,0.02,0
PERS_4083,Head Constable,Dense Forest (Bastar),27,40.9,2,0.38,6.1,5,1,35.9,6.4,0.03,0
PERS_4084,Head Constable,Dense Forest (Bastar),37,53.2,3,0.21,4.2,2,7,39.3,11.4,0.1,1
PERS_4085,Head Constable,Peace Station (HQ),53,61.3,1,0.07,5.0,2,3,46.6,9.7,0.65,1
PERS_4086,Constable,Dense Forest (Bastar),37,34.4,1,0.46,8.1,5,1,13.6,2.9,0.09,0
PERS_4087,Constable,Peace Station (HQ),41,58.7,1,0.15,6.7,3,1,26.4,6.1,0.05,0
PERS_4088,Head Constable,High Altitude (Ladakh/Sikkim),67,50.6,1,0.39,5.8,4,4,19.0,6.5,0.0,1
PERS_4089,Constable,High Altitude (Ladakh/Sikkim),47,44.1,0,0.07,6.9,4,2,49.9,2.9,0.0,0
PERS_4090,Head Constable,Border Outpost (Thar),16,35.6,2,0.67,6.5,5,1,29.1,4.5,0.13,0
PERS_4091,Inspector,Peace Station (HQ),108,68.6,3,0.46,4.9,2,10,35.6,15.3,0.11,2
PERS_4092,Constable,Peace Station (HQ),22,53.1,2,0.12,5.1,4,3,56.6,9.8,0.61,1
PERS_4093,ASI,Counter-Insurgency (J&K),28,45.0,1,0.08,7.3,5,1,28.7,2.9,0.0,0
PERS_4094,Constable,Counter-Insurgency (J&K),54,61.2,1,0.25,5.9,2,4,36.5,11.7,0.04,1
PERS_4095,Head Constable,Border Outpost (Thar),42,57.5,1,0.19,5.7,3,3,75.2,8.1,0.01,1
PERS_4096,Inspector,High Altitude (Ladakh/Sikkim),6,57.3,1,0.46,5.7,3,3,42.9,6.1,0.15,1
PERS_4097,Constable,Counter-Insurgency (J&K),53,69.7,2,0.2,4.7,2,5,53.0,14.0,0.03,2
PERS_4098,Constable,Dense Forest (Bastar),21,52.3,3,0.15,5.3,5,6,21.7,9.9,0.0,1
PERS_4099,Constable,High Altitude (Ladakh/Sikkim),27,70.0,0,0.39,5.3,3,4,31.3,8.9,0.83,1
PERS_4100,Constable,Dense Forest (Bastar),18,64.1,4,0.44,5.5,3,5,10.7,11.4,0.04,1
PERS_4101,Head Constable,Peace Station (HQ),43,60.1,3,0.21,5.3,3,7,33.7,10.5,0.0,1
PERS_4102,Sub-Inspector,High Altitude (Ladakh/Sikkim),21,33.2,1,0.08,8.0,5,1,19.7,1.5,0.05,0
PERS_4103,Constable,Border Outpost (Thar),112,60.3,1,0.2,5.9,2,6,26.1,10.4,0.0,1
PERS_4104,Constable,Peace Station (HQ),69,57.4,1,0.14,6.2,3,5,17.0,6.3,0.05,1
PERS_4105,Constable,Peace Station (HQ),74,57.6,2,0.32,5.4,3,4,47.7,9.8,0.65,1
PERS_4106,Head Constable,Dense Forest (Bastar),28,49.7,1,0.34,7.1,4,2,22.0,6.1,0.1,0
PERS_4107,Constable,Peace Station (HQ),124,66.9,1,0.05,5.5,1,7,29.3,11.3,0.05,2
PERS_4108,Head Constable,Counter-Insurgency (J&K),36,59.4,3,0.62,4.6,4,7,63.0,9.9,0.11,2
PERS_4109,Head Constable,High Altitude (Ladakh/Sikkim),42,35.5,0,0.28,6.2,5,1,14.0,3.5,0.09,0
PERS_4110,Head Constable,Counter-Insurgency (J&K),34,64.9,1,0.16,5.0,3,3,21.9,12.2,0.69,1
PERS_4111,Constable,Dense Forest (Bastar),45,37.7,2,0.3,6.6,3,2,21.0,5.7,0.18,0
PERS_4112,Head Constable,Dense Forest (Bastar),107,54.6,3,0.3,5.3,2,8,18.0,9.5,0.07,2
PERS_4113,Constable,High Altitude (Ladakh/Sikkim),47,43.8,1,0.52,6.1,4,2,42.4,5.2,0.1,0
PERS_4114,Constable,Peace Station (HQ),13,42.1,1,0.19,5.6,3,1,31.1,6.0,0.08,0
PERS_4115,Sub-Inspector,Border Outpost (Thar),70,65.9,2,0.39,6.4,3,4,17.4,9.3,0.0,1
PERS_4116,Head Constable,Dense Forest (Bastar),48,54.0,3,0.01,5.3,3,4,15.3,12.0,0.62,1
PERS_4117,Constable,High Altitude (Ladakh/Sikkim),23,57.1,4,0.21,4.5,4,5,30.6,12.7,0.01,1
PERS_4118,Constable,Border Outpost (Thar),53,59.6,1,0.11,6.0,3,1,37.3,9.1,0.08,0
PERS_4119,Constable,Peace Station (HQ),36,32.4,2,0.2,6.4,4,2,61.4,0.9,0.07,0
PERS_4120,Constable,Dense Forest (Bastar),32,45.6,1,0.21,7.4,4,1,34.5,6.0,0.13,0
PERS_4121,Constable,High Altitude (Ladakh/Sikkim),38,59.3,3,0.09,4.7,3,7,20.6,11.2,0.14,1
PERS_4122,Constable,High Altitude (Ladakh/Sikkim),54,60.0,1,0.33,5.4,4,5,29.6,7.9,0.11,1
PERS_4123,Head Constable,High Altitude (Ladakh/Sikkim),40,34.4,2,0.49,6.6,5,2,40.3,3.3,0.17,0
PERS_4124,Head Constable,Dense Forest (Bastar),44,62.7,1,0.16,5.3,3,4,14.0,8.1,0.61,1
PERS_4125,Head Constable,Border Outpost (Thar),51,59.3,1,0.23,5.2,3,5,57.7,9.6,0.19,1
PERS_4126,Head Constable,High Altitude (Ladakh/Sikkim),36,42.0,1,0.18,7.2,5,1,31.1,4.0,0.01,0
PERS_4127,Constable,Peace Station (HQ),24,54.5,0,0.04,7.0,5,1,10.4,4.1,0.06,0
PERS_4128,Inspector,High Altitude (Ladakh/Sikkim),13,47.0,2,0.31,5.4,5,4,14.9,7.6,0.62,0
PERS_4129,ASI,Border Outpost (Thar),78,60.7,1,0.08,5.6,2,5,27.6,9.8,0.08,1
PERS_4130,ASI,Dense Forest (Bastar),52,35.2,3,0.11,6.5,5,4,5.0,5.3,0.01,0
PERS_4131,ASI,High Altitude (Ladakh/Sikkim),76,52.1,0,0.32,6.5,4,4,50.8,2.8,0.03,1
PERS_4132,Sub-Inspector,High Altitude (Ladakh/Sikkim),43,64.1,2,0.28,5.6,3,6,12.9,13.3,0.09,2
PERS_4133,Head Constable,Peace Station (HQ),89,62.3,2,0.28,6.2,3,7,45.6,14.6,0.06,2
PERS_4134,Constable,Peace Station (HQ),56,61.5,1,0.26,6.0,3,5,48.2,7.9,0.05,1
PERS_4135,Head Constable,High Altitude (Ladakh/Sikkim),26,48.3,0,0.48,7.0,5,1,26.0,2.0,0.1,0
PERS_4136,Head Constable,High Altitude (Ladakh/Sikkim),22,55.8,3,0.34,4.7,4,5,42.2,9.6,0.02,1
PERS_4137,Head Constable,Peace Station (HQ),25,48.9,1,0.21,5.6,5,2,89.4,5.9,0.01,0
PERS_4138,Head Constable,Border Outpost (Thar),47,43.5,1,0.18,6.4,4,1,18.4,5.0,0.11,0
PERS_4139,Constable,Counter-Insurgency (J&K),45,50.0,1,0.05,6.9,5,2,44.6,6.7,0.11,0
PERS_4140,Constable,Counter-Insurgency (J&K),31,65.6,1,0.1,4.9,3,3,43.7,8.7,0.6,0
PERS_4141,Sub-Inspector,High Altitude (Ladakh/Sikkim),19,61.2,1,0.21,6.5,4,2,44.4,8.1,0.03,0
PERS_4142,Head Constable,Peace Station (HQ),44,42.5,4,0.14,5.3,4,5,38.2,7.6,0.1,1
PERS_4143,Head Constable,Dense Forest (Bastar),46,48.4,3,0.47,5.0,4,6,27.7,8.2,0.07,2
PERS_4144,Constable,Dense Forest (Bastar),71,45.9,3,0.42,5.9,3,6,40.1,11.5,0.05,1
PERS_4145,Constable,Counter-Insurgency (J&K),8,50.6,1,0.28,5.9,4,2,13.6,9.3,0.18,0
PERS_4146,Sub-Inspector,Border Outpost (Thar),43,62.3,4,0.12,4.9,2,8,22.1,12.0,0.09,2
PERS_4147,Head Constable,Counter-Insurgency (J&K),17,70.0,2,0.21,4.3,3,5,42.3,10.9,0.08,1
PERS_4148,ASI,High Altitude (Ladakh/Sikkim),20,35.7,3,0.38,5.2,4,3,11.3,6.7,0.61,0
PERS_4149,Head Constable,Border Outpost (Thar),22,58.8,2,0.18,5.2,3,4,60.0,5.7,0.62,1
PERS_4150,Head Constable,Dense Forest (Bastar),10,48.9,1,0.07,5.6,4,1,7.2,8.3,0.13,0
PERS_4151,Constable,Peace Station (HQ),46,48.9,3,0.04,6.1,3,4,35.3,5.7,0.12,1
PERS_4152,Head Constable,Peace Station (HQ),41,42.7,2,0.21,7.1,4,1,16.7,3.7,0.04,0
PERS_4153,Constable,High Altitude (Ladakh/Sikkim),27,68.5,4,0.03,3.6,2,8,30.7,13.5,0.06,2
PERS_4154,Constable,Counter-Insurgency (J&K),41,35.8,1,0.69,8.2,5,1,34.6,4.1,0.01,0
PERS_4155,Head Constable,High Altitude (Ladakh/Sikkim),44,47.5,4,0.37,4.7,4,6,34.6,12.3,0.01,2
PERS_4156,Sub-Inspector,Peace Station (HQ),32,54.9,1,0.09,6.0,4,3,54.1,6.9,0.08,0
PERS_4157,Constable,Dense Forest (Bastar),14,53.9,1,0.43,5.6,4,2,31.8,6.8,0.02,0
PERS_4158,ASI,Peace Station (HQ),34,63.9,2,0.1,4.2,3,5,29.8,10.0,0.09,1
PERS_4159,Constable,Border Outpost (Thar),9,40.1,2,0.09,6.8,5,1,32.2,6.4,0.2,0
PERS_4160,Constable,Peace Station (HQ),41,58.3,2,0.38,6.4,3,5,87.3,7.3,0.05,1
PERS_4161,Constable,Peace Station (HQ),51,52.5,2,0.11,5.6,2,4,25.5,8.4,0.01,1
PERS_4162,Constable,Border Outpost (Thar),20,50.4,0,0.23,6.9,4,1,47.0,3.2,0.09,0
PERS_4163,Head Constable,Counter-Insurgency (J&K),26,46.0,2,0.02,5.5,3,3,45.3,8.6,0.01,1
PERS_4164,Constable,Peace Station (HQ),76,57.2,1,0.34,5.7,2,6,20.7,8.9,0.05,1
PERS_4165,Head Constable,High Altitude (Ladakh/Sikkim),58,52.4,2,0.01,4.9,3,5,5.0,6.9,0.04,1
PERS_4166,Sub-Inspector,Peace Station (HQ),46,49.0,1,0.51,7.4,4,3,20.6,3.7,0.14,0
PERS_4167,Constable,High Altitude (Ladakh/Sikkim),32,45.9,1,0.12,6.0,3,2,76.0,3.7,0.28,0
PERS_4168,ASI,Border Outpost (Thar),11,52.8,4,0.19,4.9,3,5,33.5,7.1,0.05,1
PERS_4169,Constable,Peace Station (HQ),9,35.6,0,0.55,8.7,5,1,39.4,-0.6,0.0,0
PERS_4170,Head Constable,Border Outpost (Thar),15,47.6,2,0.33,6.2,4,3,11.6,7.6,0.13,0
PERS_4171,Constable,Border Outpost (Thar),15,41.8,0,0.08,7.3,4,1,23.7,1.3,0.09,0
PERS_4172,Constable,Counter-Insurgency (J&K),90,55.8,1,0.69,6.3,3,7,5.5,7.7,0.05,1
PERS_4173,Constable,Peace Station (HQ),72,54.1,2,0.48,5.0,3,6,16.6,8.1,0.06,2
PERS_4174,Constable,High Altitude (Ladakh/Sikkim),8,57.5,2,0.09,4.5,3,5,48.4,10.3,0.11,1
PERS_4175,Constable,High Altitude (Ladakh/Sikkim),14,56.0,2,0.1,5.8,4,3,36.4,9.0,0.11,0
PERS_4176,Head Constable,Peace Station (HQ),41,55.0,3,0.39,5.3,3,6,16.5,9.9,0.12,2
PERS_4177,Sub-Inspector,Counter-Insurgency (J&K),42,53.9,3,0.73,5.5,3,7,23.0,9.8,0.13,2
PERS_4178,ASI,Counter-Insurgency (J&K),35,49.6,3,0.09,4.1,4,6,86.7,7.2,0.03,1
PERS_4179,Head Constable,Counter-Insurgency (J&K),46,50.5,2,0.11,5.2,4,3,28.0,8.0,0.68,1
PERS_4180,Constable,High Altitude (Ladakh/Sikkim),72,37.7,2,0.27,6.8,5,4,31.6,5.7,0.02,0
PERS_4181,Constable,Border Outpost (Thar),40,59.3,2,0.31,5.3,3,6,22.5,9.8,0.13,1
PERS_4182,Constable,Counter-Insurgency (J&K),46,55.3,2,0.65,6.2,3,5,62.0,8.1,0.09,1
PERS_4183,Constable,High Altitude (Ladakh/Sikkim),53,65.3,2,0.02,5.3,3,5,32.4,11.4,0.08,1
PERS_4184,Head Constable,High Altitude (Ladakh/Sikkim),79,50.4,0,0.23,7.6,5,3,23.6,6.3,0.13,1
PERS_4185,Head Constable,Border Outpost (Thar),54,66.0,1,0.37,6.2,2,4,25.5,9.4,0.07,1
PERS_4186,Constable,Peace Station (HQ),22,48.3,1,0.11,6.9,4,1,7.4,4.0,0.03,0
PERS_4187,Constable,Peace Station (HQ),51,47.4,0,0.36,7.0,4,2,15.1,5.5,0.03,0
PERS_4188,ASI,Counter-Insurgency (J&K),22,65.7,1,0.82,5.7,4,5,30.3,11.0,0.05,2
PERS_4189,ASI,Counter-Insurgency (J&K),62,57.8,2,0.19,5.8,3,5,31.3,9.3,0.0,2
PERS_4190,Constable,Border Outpost (Thar),64,71.1,0,0.08,6.4,3,3,30.9,9.9,0.01,1
PERS_4191,Sub-Inspector,Counter-Insurgency (J&K),14,51.1,2,0.09,5.7,5,2,9.6,7.6,0.23,0
PERS_4192,Inspector,Border Outpost (Thar),20,58.1,3,0.28,5.3,5,3,25.3,8.8,0.71,1
PERS_4193,Constable,High Altitude (Ladakh/Sikkim),95,67.8,1,0.29,4.5,1,10,13.9,13.3,0.24,2
PERS_4194,Constable,Counter-Insurgency (J&K),32,48.4,1,0.35,6.3,5,1,50.1,3.6,0.03,0
PERS_4195,Head Constable,High Altitude (Ladakh/Sikkim),50,56.5,0,0.1,6.6,3,2,67.2,5.0,0.01,0
PERS_4196,Sub-Inspector,Dense Forest (Bastar),88,58.3,2,0.21,5.7,4,6,36.5,10.3,0.08,1
PERS_4197,Sub-Inspector,Border Outpost (Thar),32,59.5,2,0.75,5.8,4,6,32.3,10.5,0.16,1
PERS_4198,Constable,Dense Forest (Bastar),40,41.3,2,0.29,6.1,5,2,45.8,6.8,0.07,0
PERS_4199,Constable,Counter-Insurgency (J&K),6,54.6,1,0.1,6.2,4,2,60.3,6.0,0.08,0
PERS_4200,Head Constable,High Altitude (Ladakh/Sikkim),38,61.0,2,0.1,5.0,3,4,14.0,12.1,0.69,1
PERS_4201,Head Constable,Counter-Insurgency (J&K),25,43.7,3,0.21,7.0,5,2,30.3,4.8,0.06,0
PERS_4202,Constable,Dense Forest (Bastar),25,41.7,0,0.13,6.5,4,1,16.5,2.7,0.14,0
PERS_4203,ASI,Counter-Insurgency (J&K),55,36.9,3,0.34,7.6,5,4,40.0,6.6,0.07,0
PERS_4204,Head Constable,Peace Station (HQ),82,77.0,2,0.3,4.8,2,8,40.8,13.3,0.12,2
PERS_4205,ASI,Dense Forest (Bastar),25,43.2,1,0.13,5.2,4,1,33.0,5.8,0.6,0
PERS_4206,ASI,Counter-Insurgency (J&K),53,67.5,2,0.38,4.7,2,7,20.1,13.2,0.0,2
PERS_4207,Head Constable,High Altitude (Ladakh/Sikkim),8,46.7,0,0.55,7.2,5,2,25.1,0.4,0.17,0
PERS_4208,Constable,Counter-Insurgency (J&K),10,60.0,1,0.01,5.8,5,1,32.0,5.6,0.02,0
PERS_4209,Head Constable,High Altitude (Ladakh/Sikkim),65,60.3,1,0.04,4.9,2,6,24.6,9.6,0.03,2
PERS_4210,Constable,Peace Station (HQ),16,70.6,0,0.21,5.0,4,5,20.2,5.7,0.02,1
PERS_4211,Head Constable,Counter-Insurgency (J&K),28,65.3,1,0.55,5.6,4,5,25.3,7.9,0.11,1
PERS_4212,Constable,Peace Station (HQ),20,52.1,2,0.19,5.0,4,1,32.0,8.8,0.62,1
PERS_4213,Head Constable,Dense Forest (Bastar),22,53.3,3,0.34,5.9,5,4,49.9,10.1,0.06,1
PERS_4214,Constable,High Altitude (Ladakh/Sikkim),55,60.3,2,0.42,5.2,2,6,41.5,11.0,0.07,1
PERS_4215,Constable,Dense Forest (Bastar),41,78.9,1,0.22,5.1,1,4,23.1,9.7,0.89,2
PERS_4216,Constable,High Altitude (Ladakh/Sikkim),125,61.2,5,0.36,3.3,1,10,23.4,15.9,0.07,2
PERS_4217,Constable,Peace Station (HQ),55,40.6,1,0.49,6.2,4,4,9.5,4.4,0.02,0
PERS_4218,Head Constable,Border Outpost (Thar),32,53.6,1,0.25,6.9,4,2,41.7,6.3,0.15,0
PERS_4219,Head Constable,Counter-Insurgency (J&K),41,45.7,2,0.16,6.2,5,2,11.7,7.3,0.1,0
PERS_4220,Head Constable,Peace Station (HQ),36,53.7,2,0.08,4.8,4,4,52.0,9.8,0.61,1
PERS_4221,Constable,High Altitude (Ladakh/Sikkim),84,67.9,1,0.19,4.9,2,5,22.3,12.5,0.17,2
PERS_4222,Constable,High Altitude (Ladakh/Sikkim),22,55.2,2,0.19,5.8,4,2,35.9,9.4,0.21,1
PERS_4223,Constable,High Altitude (Ladakh/Sikkim),32,45.3,1,0.21,5.8,5,1,52.2,5.4,0.01,0
PERS_4224,Constable,High Altitude (Ladakh/Sikkim),70,53.0,2,0.41,4.1,3,6,8.0,9.8,0.08,1
PERS_4225,Sub-Inspector,Counter-Insurgency (J&K),16,38.9,2,0.21,5.8,5,1,50.8,4.2,0.0,0
PERS_4226,Constable,Dense Forest (Bastar),11,61.9,3,0.13,5.3,4,4,7.4,9.0,0.61,1
PERS_4227,Constable,Border Outpost (Thar),31,59.3,3,0.09,3.9,3,5,20.1,14.1,0.03,2
PERS_4228,Constable,Counter-Insurgency (J&K),37,40.8,2,0.06,7.1,5,2,54.6,5.4,0.01,0
PERS_4229,Constable,High Altitude (Ladakh/Sikkim),29,76.1,1,0.18,5.0,2,6,20.5,10.5,0.25,1
PERS_4230,Head Constable,Counter-Insurgency (J&K),11,46.9,2,0.22,5.7,5,1,57.6,4.6,0.09,0
PERS_4231,Head Constable,Peace Station (HQ),40,55.0,1,0.07,6.8,4,3,23.6,6.9,0.1,0
PERS_4232,Constable,High Altitude (Ladakh/Sikkim),16,46.2,4,0.31,4.5,4,5,16.5,10.3,0.05,1
PERS_4233,Constable,Border Outpost (Thar),22,54.4,3,0.13,4.9,3,4,10.4,10.5,0.81,1
PERS_4234,Constable,High Altitude (Ladakh/Sikkim),14,50.3,2,0.38,5.9,5,3,44.8,8.1,0.1,0
PERS_4235,Constable,Border Outpost (Thar),14,35.4,3,0.5,6.1,5,3,12.5,5.3,0.02,0
PERS_4236,Constable,Border Outpost (Thar),36,63.3,1,0.03,5.7,2,3,17.1,9.9,0.15,1
PERS_4237,Inspector,Dense Forest (Bastar),53,45.0,0,0.04,7.5,4,1,12.7,3.4,0.01,0
PERS_4238,Head Constable,Dense Forest (Bastar),32,60.4,2,0.64,5.0,4,5,34.5,10.6,0.03,1
PERS_4239,Head Constable,Counter-Insurgency (J&K),14,47.1,1,0.26,7.5,5,2,32.2,3.0,0.02,0
PERS_4240,Constable,Counter-Insurgency (J&K),17,50.3,3,0.32,5.0,3,5,31.5,7.7,0.01,1
PERS_4241,Constable,Border Outpost (Thar),12,54.0,1,0.11,6.0,4,1,51.3,3.8,0.02,0
PERS_4242,Head Constable,High Altitude (Ladakh/Sikkim),21,51.5,3,0.19,5.7,3,3,39.8,8.1,0.17,0
PERS_4243,Head Constable,Peace Station (HQ),21,57.5,2,0.05,5.4,2,1,27.7,8.3,0.64,1
PERS_4244,Head Constable,Peace Station (HQ),17,42.6,3,0.04,5.1,4,1,38.4,5.8,0.64,1
PERS_4245,Constable,High Altitude (Ladakh/Sikkim),41,62.5,1,0.22,5.7,4,4,21.6,9.5,0.2,1
PERS_4246,Head Constable,High Altitude (Ladakh/Sikkim),93,47.0,2,0.15,5.6,2,6,13.5,8.9,0.04,2
PERS_4247,Constable,Dense Forest (Bastar),25,41.4,3,0.23,7.1,5,3,90.9,7.7,0.05,0
PERS_4248,Sub-Inspector,Peace Station (HQ),22,56.0,2,0.12,6.5,4,1,26.0,8.5,0.1,0
PERS_4249,Head Constable,Border Outpost (Thar),34,61.9,1,0.16,5.8,2,5,40.7,7.0,0.06,1
PERS_4250,Head Constable,Counter-Insurgency (J&K),40,54.8,2,0.26,5.5,5,5,23.3,11.0,0.08,1
PERS_4251,Constable,Dense Forest (Bastar),22,65.1,5,0.21,4.4,3,6,62.4,13.3,0.06,2
PERS_4252,Head Constable,Peace Station (HQ),55,45.2,2,0.22,7.0,4,3,51.5,4.9,0.01,0
PERS_4253,Constable,High Altitude (Ladakh/Sikkim),52,41.5,2,0.03,6.8,4,1,22.0,8.5,0.13,0
PERS_4254,Constable,Peace Station (HQ),60,62.4,3,0.78,5.6,2,7,30.8,12.4,0.05,2
PERS_4255,Constable,Border Outpost (Thar),40,53.2,2,0.06,6.0,3,3,34.5,7.3,0.08,1
PERS_4256,Head Constable,Dense Forest (Bastar),23,58.4,4,0.58,4.7,4,7,36.2,13.2,0.03,2
PERS_4257,Constable,High Altitude (Ladakh/Sikkim),17,39.4,2,0.51,6.8,5,1,30.5,5.3,0.08,0
PERS_4258,Constable,Border Outpost (Thar),30,46.6,1,0.15,6.3,4,1,54.0,7.2,0.09,0
PERS_4259,Sub-Inspector,Counter-Insurgency (J&K),64,71.8,0,0.13,6.1,2,5,25.9,8.1,0.16,0
PERS_4260,Constable,Dense Forest (Bastar),14,47.4,1,0.4,6.5,5,2,86.9,3.8,0.14,0
PERS_4261,Head Constable,Border Outpost (Thar),34,65.7,2,0.39,5.2,3,6,30.2,10.1,0.02,1
PERS_4262,Constable,Border Outpost (Thar),92,65.0,2,0.27,4.9,1,7,5.0,14.0,0.08,2
PERS_4263,Constable,High Altitude (Ladakh/Sikkim),10,46.1,3,0.26,6.0,3,3,24.5,5.8,0.11,1
PERS_4264,ASI,Counter-Insurgency (J&K),13,63.4,3,0.05,4.9,3,5,43.4,8.4,0.01,1
PERS_4265,Constable,Border Outpost (Thar),65,57.8,0,0.43,7.0,5,4,14.4,3.2,0.04,0
PERS_4266,Head Constable,Dense Forest (Bastar),51,53.2,2,0.06,5.5,4,4,12.1,7.8,0.24,1
PERS_4267,Head Constable,Border Outpost (Thar),88,56.0,2,0.23,5.3,3,6,11.5,11.2,0.2,1
PERS_4268,Head Constable,Peace Station (HQ),63,58.7,1,0.12,6.3,3,3,31.5,8.3,0.21,1
PERS_4269,Head Constable,Dense Forest (Bastar),153,52.0,2,0.13,6.9,2,7,61.3,10.9,0.25,2
PERS_4270,Constable,Dense Forest (Bastar),22,59.2,1,0.64,5.7,4,4,7.5,8.4,0.19,1
PERS_4271,Constable,Border Outpost (Thar),34,55.8,0,0.43,6.9,3,1,49.4,4.2,0.13,0
PERS_4272,Head Constable,High Altitude (Ladakh/Sikkim),69,49.2,0,0.4,6.4,4,4,5.0,5.5,0.09,1
PERS_4273,Head Constable,Dense Forest (Bastar),44,39.7,2,0.32,6.3,5,3,30.2,6.7,0.16,0
PERS_4274,ASI,Peace Station (HQ),85,54.0,2,0.3,5.8,3,5,67.4,10.0,0.03,1
PERS_4275,ASI,High Altitude (Ladakh/Sikkim),20,52.5,2,0.23,6.0,4,3,43.5,6.2,0.1,0
PERS_4276,ASI,High Altitude (Ladakh/Sikkim),89,58.5,2,0.16,5.6,3,6,58.4,10.5,0.17,1
PERS_4277,Head Constable,High Altitude (Ladakh/Sikkim),22,51.7,1,0.34,6.2,3,3,15.6,4.8,0.01,1
PERS_4278,Constable,Dense Forest (Bastar),54,60.1,1,0.06,5.0,3,4,52.0,10.1,0.67,1
PERS_4279,ASI,High Altitude (Ladakh/Sikkim),42,40.7,1,0.11,6.2,4,1,53.1,5.1,0.14,0
PERS_4280,Head Constable,Border Outpost (Thar),42,51.5,1,0.34,7.1,4,4,17.8,7.1,0.14,0
PERS_4281,Constable,High Altitude (Ladakh/Sikkim),50,56.0,3,0.12,4.9,2,3,27.4,10.8,0.84,1
PERS_4282,ASI,Peace Station (HQ),4,53.0,2,0.25,5.8,4,2,47.9,4.2,0.03,0
PERS_4283,Sub-Inspector,Counter-Insurgency (J&K),35,60.5,1,0.3,5.9,3,4,74.2,9.7,0.18,1
PERS_4284,Head Constable,Peace Station (HQ),22,48.2,0,0.08,8.4,5,1,20.4,2.1,0.02,0
PERS_4285,Constable,Dense Forest (Bastar),37,52.2,2,0.15,5.7,3,2,46.2,8.5,0.03,0
PERS_4286,Constable,High Altitude (Ladakh/Sikkim),42,44.8,2,0.69,6.9,5,3,63.4,5.7,0.11,0
PERS_4287,ASI,High Altitude (Ladakh/Sikkim),62,58.1,2,0.22,4.9,3,6,35.9,10.5,0.1,2
PERS_4288,Sub-Inspector,Border Outpost (Thar),12,40.5,1,0.21,6.7,5,1,58.6,3.5,0.01,0
PERS_4289,Constable,High Altitude (Ladakh/Sikkim),49,58.6,2,0.32,5.8,3,5,47.1,6.6,0.03,1
PERS_4290,Constable,Peace Station (HQ),12,61.0,1,0.13,6.2,4,2,11.0,6.8,0.01,0
PERS_4291,Sub-Inspector,Dense Forest (Bastar),61,58.8,3,0.65,5.3,3,8,17.3,11.9,0.08,2
PERS_4292,Constable,Counter-Insurgency (J&K),17,62.5,0,0.04,6.2,4,1,19.8,7.0,0.03,0
PERS_4293,Head Constable,High Altitude (Ladakh/Sikkim),35,47.0,1,0.17,6.6,4,1,41.4,4.6,0.28,0
PERS_4294,Inspector,Counter-Insurgency (J&K),24,38.4,2,0.21,7.5,5,1,8.5,2.9,0.11,0
PERS_4295,Constable,High Altitude (Ladakh/Sikkim),10,47.4,1,0.18,7.5,5,1,10.0,3.5,0.23,0
PERS_4296,Head Constable,Dense Forest (Bastar),59,47.8,2,0.13,6.1,4,3,27.4,7.3,0.31,0
PERS_4297,Constable,Peace Station (HQ),41,47.2,1,0.22,6.6,4,2,30.8,7.4,0.07,0
PERS_4298,Constable,Dense Forest (Bastar),46,30.4,0,0.31,7.9,5,1,23.3,-0.5,0.13,0
PERS_4299,ASI,Counter-Insurgency (J&K),21,51.9,3,0.28,5.1,4,5,30.1,12.1,0.14,1
PERS_4300,Constable,High Altitude (Ladakh/Sikkim),31,51.3,1,0.37,6.8,5,2,28.1,5.8,0.19,0
PERS_4301,Inspector,Counter-Insurgency (J&K),40,60.4,1,0.16,5.7,4,5,47.4,10.0,0.06,1
PERS_4302,Head Constable,Peace Station (HQ),10,54.5,1,0.07,6.3,3,1,55.1,7.1,0.01,0
PERS_4303,Constable,Dense Forest (Bastar),10,47.2,3,0.04,6.0,4,2,48.1,7.4,0.11,1
PERS_4304,Constable,Counter-Insurgency (J&K),52,62.3,2,0.56,3.4,3,8,25.0,12.4,0.06,2
PERS_4305,Constable,Counter-Insurgency (J&K),4,57.3,4,0.36,4.3,4,6,30.4,12.6,0.0,2
PERS_4306,Constable,Peace Station (HQ),46,47.7,3,0.2,5.7,4,4,49.4,10.8,0.06,1
PERS_4307,Constable,High Altitude (Ladakh/Sikkim),6,50.6,3,0.16,6.0,4,2,39.8,6.7,0.05,0
PERS_4308,Constable,Counter-Insurgency (J&K),54,68.5,2,0.14,5.8,2,5,41.8,10.0,0.03,2
PERS_4309,Head Constable,Peace Station (HQ),45,55.8,3,0.36,5.2,2,5,19.4,10.1,0.07,2
PERS_4310,Head Constable,High Altitude (Ladakh/Sikkim),12,41.0,1,0.56,6.1,4,1,24.7,3.5,0.03,0
PERS_4311,Head Constable,High Altitude (Ladakh/Sikkim),40,40.8,3,0.04,6.4,4,2,60.3,7.5,0.1,0
PERS_4312,Head Constable,Dense Forest (Bastar),53,38.6,2,0.4,6.6,5,3,48.4,5.4,0.06,1
PERS_4313,Constable,Peace Station (HQ),23,29.8,2,0.29,8.4,5,1,5.0,1.2,0.11,0
PERS_4314,Constable,High Altitude (Ladakh/Sikkim),27,45.9,1,0.14,7.4,4,1,27.9,2.5,0.05,1
PERS_4315,Head Constable,Dense Forest (Bastar),25,48.8,2,0.52,5.3,4,3,9.9,8.5,0.65,1
PERS_4316,Head Constable,Border Outpost (Thar),21,40.3,2,0.45,6.2,5,2,26.6,6.0,0.17,0
PERS_4317,Constable,Peace Station (HQ),54,46.6,2,0.25,7.1,4,5,12.0,5.6,0.16,0
PERS_4318,ASI,Border Outpost (Thar),54,43.9,4,0.16,5.5,3,4,38.5,8.6,0.04,1
PERS_4319,ASI,High Altitude (Ladakh/Sikkim),13,33.5,2,0.31,7.3,5,1,19.2,3.8,0.04,0
PERS_4320,Head Constable,Peace Station (HQ),77,54.0,0,0.54,6.5,4,4,43.8,6.9,0.17,0
PERS_4321,Constable,Dense Forest (Bastar),33,58.0,2,0.35,6.6,4,3,31.4,7.5,0.01,1
PERS_4322,ASI,High Altitude (Ladakh/Sikkim),47,47.6,2,0.01,6.2,4,2,41.1,8.9,0.02,0
PERS_4323,Head Constable,Peace Station (HQ),127,72.1,3,0.46,4.7,1,10,58.6,14.2,0.02,2
PERS_4324,ASI,Peace Station (HQ),32,52.7,2,0.05,5.0,2,4,105.5,9.7,0.6,1
PERS_4325,ASI,Border Outpost (Thar),35,60.4,0,0.18,5.5,3,3,5.0,11.0,0.02,1
PERS_4326,ASI,High Altitude (Ladakh/Sikkim),28,51.1,1,0.49,7.6,4,1,98.1,2.0,0.14,0
PERS_4327,Head Constable,Dense Forest (Bastar),11,55.8,1,0.12,5.4,4,2,51.8,5.2,0.61,0
PERS_4328,Constable,Dense Forest (Bastar),25,36.4,1,0.58,7.6,5,1,14.3,4.7,0.06,0
PERS_4329,Head Constable,High Altitude (Ladakh/Sikkim),26,59.0,3,0.49,5.6,4,6,26.5,10.2,0.04,2
PERS_4330,Head Constable,High Altitude (Ladakh/Sikkim),3,48.4,1,0.32,6.7,4,1,34.1,4.8,0.01,0
PERS_4331,Head Constable,Counter-Insurgency (J&K),19,60.9,1,0.36,6.4,3,4,17.8,8.3,0.11,0
PERS_4332,Constable,Border Outpost (Thar),15,47.0,2,0.25,5.1,4,3,18.9,4.6,0.68,0
PERS_4333,Constable,High Altitude (Ladakh/Sikkim),25,67.9,1,0.1,6.1,3,3,34.8,10.5,0.01,1
PERS_4334,Sub-Inspector,High Altitude (Ladakh/Sikkim),15,54.8,0,0.82,5.2,3,3,7.7,4.4,0.71,0
PERS_4335,Head Constable,Counter-Insurgency (J&K),65,45.4,2,0.05,6.8,4,4,10.3,7.9,0.14,1
PERS_4336,Sub-Inspector,Counter-Insurgency (J&K),29,62.2,1,0.1,7.3,4,2,54.7,4.1,0.05,0
PERS_4337,ASI,Peace Station (HQ),18,39.2,2,0.05,7.4,5,1,52.5,4.5,0.24,0
PERS_4338,Head Constable,Dense Forest (Bastar),68,43.7,3,0.16,6.0,4,6,9.0,8.5,0.13,1
PERS_4339,Head Constable,Border Outpost (Thar),49,65.8,3,0.29,4.5,2,8,29.5,13.5,0.15,2
PERS_4340,Sub-Inspector,Peace Station (HQ),24,53.8,0,0.18,6.7,3,1,55.3,7.3,0.14,0
PERS_4341,Head Constable,High Altitude (Ladakh/Sikkim),14,50.1,1,0.11,5.8,3,1,28.2,5.4,0.19,0
PERS_4342,Head Constable,Counter-Insurgency (J&K),87,51.7,2,0.34,5.8,3,6,30.9,11.8,0.03,1
PERS_4343,Constable,Dense Forest (Bastar),29,59.2,1,0.39,5.0,3,4,24.6,6.3,0.67,1
PERS_4344,Head Constable,Peace Station (HQ),51,50.4,2,0.22,5.5,4,6,40.3,11.5,0.24,1
PERS_4345,Head Constable,Dense Forest (Bastar),61,56.1,0,0.2,7.1,4,2,31.3,5.1,0.07,0
PERS_4346,Constable,Counter-Insurgency (J&K),138,50.5,2,0.04,6.5,1,5,40.0,11.0,0.13,2
PERS_4347,Constable,Peace Station (HQ),28,50.2,3,0.81,5.8,3,7,16.8,9.4,0.27,2
PERS_4348,Constable,Peace Station (HQ),25,52.3,4,0.6,5.1,3,6,10.6,9.8,0.08,1
PERS_4349,Constable,Dense Forest (Bastar),27,56.0,3,0.25,4.1,3,6,37.9,12.3,0.0,2
PERS_4350,Constable,Counter-Insurgency (J&K),41,55.5,0,0.4,6.3,4,3,15.5,6.5,0.1,0
PERS_4351,Constable,High Altitude (Ladakh/Sikkim),59,50.6,2,0.41,5.9,4,4,30.0,9.0,0.12,1
PERS_4352,Sub-Inspector,Peace Station (HQ),16,52.4,2,0.42,4.9,4,2,57.6,7.2,0.6,1
PERS_4353,Head Constable,High Altitude (Ladakh/Sikkim),50,62.8,3,0.14,3.9,2,8,19.7,13.7,0.16,2
PERS_4354,Constable,Counter-Insurgency (J&K),27,35.9,3,0.07,7.0,5,1,14.3,3.7,0.07,0
PERS_4355,Constable,Peace Station (HQ),39,50.2,4,0.33,5.3,4,5,56.9,9.6,0.02,1
PERS_4356,Head Constable,Peace Station (HQ),88,58.9,3,0.21,4.3,2,7,20.0,11.4,0.05,2
PERS_4357,Constable,High Altitude (Ladakh/Sikkim),59,44.7,2,0.46,7.1,5,5,11.3,7.4,0.09,1
PERS_4358,ASI,Border Outpost (Thar),84,65.7,2,0.6,5.6,2,7,13.6,11.8,0.04,2
PERS_4359,Head Constable,High Altitude (Ladakh/Sikkim),27,56.7,4,0.05,4.6,3,5,58.2,10.2,0.21,1
PERS_4360,ASI,High Altitude (Ladakh/Sikkim),93,67.3,2,0.19,4.2,1,8,12.1,15.0,0.03,2
PERS_4361,Constable,Border Outpost (Thar),67,76.3,3,0.37,4.9,1,9,6.9,11.9,0.09,2
PERS_4362,Head Constable,Counter-Insurgency (J&K),38,55.1,3,0.62,6.3,3,5,23.2,8.1,0.23,1
PERS_4363,Constable,Counter-Insurgency (J&K),87,53.9,2,0.04,6.5,3,6,24.6,8.5,0.17,1
PERS_4364,Sub-Inspector,Peace Station (HQ),49,62.3,1,0.11,6.4,3,4,23.3,7.5,0.12,1
PERS_4365,Head Constable,Dense Forest (Bastar),29,45.0,1,0.7,6.7,5,1,34.2,6.1,0.11,0
PERS_4366,Constable,Dense Forest (Bastar),28,55.4,0,0.42,6.6,3,2,46.7,6.9,0.04,1
PERS_4367,Constable,Peace Station (HQ),45,62.9,2,0.03,6.0,3,5,57.4,10.9,0.03,2
PERS_4368,Constable,Dense Forest (Bastar),53,61.6,2,0.39,5.5,5,6,22.9,8.4,0.1,1
PERS_4369,Head Constable,High Altitude (Ladakh/Sikkim),62,68.3,2,0.03,4.4,2,5,18.5,11.9,0.03,1
PERS_4370,Constable,High Altitude (Ladakh/Sikkim),17,47.0,2,0.05,5.6,4,3,34.3,6.9,0.03,0
PERS_4371,Head Constable,Border Outpost (Thar),44,59.5,4,0.16,5.2,3,6,26.5,13.3,0.02,1
PERS_4372,Constable,Border Outpost (Thar),29,51.8,1,0.8,7.6,4,3,19.7,4.7,0.06,0
PERS_4373,Head Constable,Peace Station (HQ),30,53.5,3,0.16,5.7,3,4,12.8,9.6,0.09,1
PERS_4374,ASI,Peace Station (HQ),17,52.2,0,0.02,8.1,5,1,67.0,4.4,0.1,0
PERS_4375,ASI,Peace Station (HQ),17,55.1,2,0.24,4.5,4,3,28.3,10.3,0.65,1
PERS_4376,ASI,High Altitude (Ladakh/Sikkim),11,48.8,2,0.09,5.3,5,1,14.9,7.6,0.7,0
PERS_4377,Constable,Dense Forest (Bastar),40,37.8,3,0.42,6.0,5,6,18.0,5.7,0.03,1
PERS_4378,Constable,Peace Station (HQ),81,57.6,2,0.05,4.4,2,6,35.8,11.0,0.04,2
PERS_4379,Head Constable,Peace Station (HQ),8,52.4,1,0.31,6.2,5,1,19.2,5.0,0.14,0
PERS_4380,Constable,High Altitude (Ladakh/Sikkim),65,54.1,1,0.04,6.9,4,3,28.8,8.4,0.19,0
PERS_4381,Constable,High Altitude (Ladakh/Sikkim),58,58.2,1,0.13,4.7,3,5,50.4,9.2,0.12,1
PERS_4382,Constable,High Altitude (Ladakh/Sikkim),36,50.4,1,0.38,7.0,5,2,63.6,8.6,0.12,0
PERS_4383,Constable,Dense Forest (Bastar),63,51.6,2,0.13,5.2,3,5,31.2,8.7,0.07,1
PERS_4384,Constable,Peace Station (HQ),65,68.4,2,0.58,4.4,2,9,5.0,11.1,0.03,2
PERS_4385,Sub-Inspector,Counter-Insurgency (J&K),52,75.8,3,0.42,3.9,2,9,21.6,18.0,0.08,2
PERS_4386,Constable,Counter-Insurgency (J&K),60,62.8,3,0.3,4.7,3,7,24.9,13.9,0.01,2
PERS_4387,Head Constable,Peace Station (HQ),44,46.7,2,0.61,6.8,5,3,20.5,4.7,0.09,0
PERS_4388,Constable,Peace Station (HQ),90,59.3,0,0.31,6.2,2,7,26.8,6.6,0.05,1
PERS_4389,Head Constable,Peace Station (HQ),36,53.1,3,0.19,5.8,3,5,74.0,12.3,0.13,1
PERS_4390,Constable,Peace Station (HQ),57,60.4,2,0.24,6.0,4,4,25.1,8.4,0.1,0
PERS_4391,Sub-Inspector,Dense Forest (Bastar),47,54.6,2,0.28,5.8,3,5,32.6,8.6,0.07,1
PERS_4392,Sub-Inspector,Counter-Insurgency (J&K),24,56.6,2,0.39,6.9,3,3,47.8,8.2,0.02,1
PERS_4393,Constable,Border Outpost (Thar),26,68.5,2,0.38,4.5,3,7,27.2,13.3,0.07,2
PERS_4394,Sub-Inspector,Counter-Insurgency (J&K),30,32.6,3,0.18,6.1,5,4,10.6,8.1,0.16,0
PERS_4395,Inspector,Counter-Insurgency (J&K),88,51.7,4,0.16,4.5,3,8,56.5,13.6,0.01,2
PERS_4396,ASI,High Altitude (Ladakh/Sikkim),33,60.9,3,0.37,6.2,3,5,5.0,13.0,0.06,1
PERS_4397,ASI,Peace Station (HQ),80,55.6,3,0.28,5.7,3,7,53.8,12.7,0.07,1
PERS_4398,Constable,Peace Station (HQ),44,58.3,3,0.6,5.8,4,6,34.6,12.1,0.11,1
PERS_4399,Head Constable,Peace Station (HQ),46,50.7,0,0.69,7.3,4,2,25.2,5.5,0.04,1
PERS_4400,Constable,High Altitude (Ladakh/Sikkim),37,67.3,3,0.28,4.5,2,8,74.8,11.8,0.12,2
PERS_4401,Constable,Dense Forest (Bastar),102,69.8,0,0.17,5.8,1,5,39.7,13.5,0.09,1
PERS_4402,Inspector,Dense Forest (Bastar),34,54.4,2,0.26,5.1,4,4,24.2,8.3,0.65,1
PERS_4403,Constable,Border Outpost (Thar),107,75.4,1,0.1,6.2,2,8,52.6,14.1,0.04,2
PERS_4404,Head Constable,Dense Forest (Bastar),6,51.7,1,0.37,6.3,4,1,25.4,2.7,0.04,0
PERS_4405,ASI,Dense Forest (Bastar),20,50.7,1,0.18,5.9,4,1,14.6,7.0,0.0,0
PERS_4406,ASI,Peace Station (HQ),59,68.6,2,0.46,4.0,2,8,13.7,15.1,0.1,2
PERS_4407,Inspector,Counter-Insurgency (J&K),74,41.4,1,0.31,8.0,4,1,6.9,2.5,0.02,0
PERS_4408,Constable,Dense Forest (Bastar),59,55.6,0,0.58,7.2,3,3,56.0,6.6,0.11,1
PERS_4409,Constable,Dense Forest (Bastar),19,53.4,3,0.07,5.6,3,1,10.5,6.2,0.04,1
PERS_4410,Constable,High Altitude (Ladakh/Sikkim),34,49.2,3,0.14,4.5,3,5,27.6,9.5,0.2,1
PERS_4411,Constable,Border Outpost (Thar),19,42.4,3,0.22,6.2,4,3,34.6,8.2,0.25,0
PERS_4412,Constable,High Altitude (Ladakh/Sikkim),89,56.2,3,0.3,5.0,3,7,29.2,11.1,0.05,2
PERS_4413,Constable,Peace Station (HQ),19,34.8,2,0.18,6.6,5,1,50.7,4.4,0.18,0
PERS_4414,ASI,Counter-Insurgency (J&K),63,69.8,3,0.38,5.2,1,8,21.7,14.0,0.04,2
PERS_4415,Head Constable,Border Outpost (Thar),10,65.0,2,0.1,4.3,3,6,56.6,9.8,0.03,1
PERS_4416,Constable,High Altitude (Ladakh/Sikkim),40,52.7,2,0.39,5.0,4,3,42.2,8.0,0.76,1
PERS_4417,Head Constable,Dense Forest (Bastar),78,52.7,3,0.53,4.4,4,8,46.3,12.4,0.02,2
PERS_4418,Constable,Dense Forest (Bastar),19,35.1,1,0.39,6.8,5,2,91.4,3.8,0.11,0
PERS_4419,Constable,Border Outpost (Thar),36,45.1,0,0.35,6.4,4,2,56.4,1.6,0.1,0
PERS_4420,ASI,Dense Forest (Bastar),28,65.6,2,0.21,5.6,3,4,69.4,13.7,0.24,1
PERS_4421,Head Constable,High Altitude (Ladakh/Sikkim),33,51.4,1,0.08,5.8,4,1,10.8,6.0,0.09,1
PERS_4422,ASI,High Altitude (Ladakh/Sikkim),23,45.2,2,0.14,6.4,5,1,38.2,6.7,0.01,0
PERS_4423,Constable,Dense Forest (Bastar),42,52.7,1,0.13,5.9,3,4,48.1,7.8,0.02,1
PERS_4424,ASI,Dense Forest (Bastar),82,50.8,3,0.27,6.1,3,8,10.8,10.1,0.01,1
PERS_4425,Head Constable,Peace Station (HQ),42,36.4,4,0.58,6.3,5,4,39.3,6.3,0.17,0
PERS_4426,Head Constable,Counter-Insurgency (J&K),59,50.8,0,0.21,6.9,3,3,39.8,4.5,0.05,0
PERS_4427,Head Constable,Border Outpost (Thar),41,41.6,1,0.22,7.9,5,1,34.9,2.8,0.11,0
PERS_4428,ASI,High Altitude (Ladakh/Sikkim),42,56.5,1,0.05,5.7,4,3,20.2,7.0,0.03,0
PERS_4429,Head Constable,Border Outpost (Thar),99,67.2,2,0.4,4.8,2,8,85.1,10.4,0.12,2
PERS_4430,Head Constable,Peace Station (HQ),63,47.2,2,0.27,6.3,4,4,15.8,8.5,0.14,1
PERS_4431,Inspector,High Altitude (Ladakh/Sikkim),180,67.9,2,0.32,5.3,2,10,20.7,14.0,0.01,2
PERS_4432,ASI,Peace Station (HQ),42,52.0,1,0.59,5.2,4,4,29.9,11.6,0.6,1
PERS_4433,Constable,Peace Station (HQ),34,44.0,1,0.25,7.5,5,1,40.2,4.8,0.09,0
PERS_4434,Head Constable,Dense Forest (Bastar),21,27.3,1,0.29,7.4,5,1,5.0,0.7,0.01,0
PERS_4435,Constable,Border Outpost (Thar),35,41.3,2,0.54,6.9,4,2,35.7,6.0,0.07,0
PERS_4436,Constable,Border Outpost (Thar),55,45.7,1,0.36,6.2,3,3,55.5,4.2,0.04,1
PERS_4437,Head Constable,Dense Forest (Bastar),31,52.5,2,0.41,6.7,4,2,22.6,10.1,0.0,0
PERS_4438,Sub-Inspector,Border Outpost (Thar),52,55.6,1,0.29,6.7,4,3,45.9,6.7,0.02,0
PERS_4439,Sub-Inspector,Dense Forest (Bastar),13,61.7,1,0.23,6.4,4,3,68.2,9.5,0.01,0
PERS_4440,Constable,High Altitude (Ladakh/Sikkim),75,45.2,1,0.49,7.0,3,3,78.6,6.5,0.08,0
PERS_4441,Head Constable,Peace Station (HQ),20,41.8,2,0.09,6.4,5,2,32.0,7.9,0.11,0
PERS_4442,Constable,Peace Station (HQ),34,45.0,2,0.39,5.3,4,3,35.9,7.4,0.65,1
PERS_4443,Inspector,Border Outpost (Thar),24,48.5,3,0.24,5.7,4,5,44.4,6.9,0.07,0
PERS_4444,Inspector,Counter-Insurgency (J&K),58,56.0,1,0.16,6.8,4,6,53.0,8.1,0.09,0
PERS_4445,Head Constable,Peace Station (HQ),40,56.3,0,0.3,7.0,4,1,9.6,5.9,0.15,0
PERS_4446,ASI,Dense Forest (Bastar),67,35.9,1,0.03,6.9,4,1,43.1,4.4,0.0,1
PERS_4447,Head Constable,Counter-Insurgency (J&K),54,65.3,1,0.22,7.4,3,4,20.4,8.9,0.08,1
PERS_4448,Head Constable,Counter-Insurgency (J&K),49,57.6,1,0.07,6.6,3,3,76.7,5.6,0.07,0
PERS_4449,Constable,Peace Station (HQ),24,59.2,0,0.28,5.9,3,1,25.0,7.6,0.06,1
PERS_4450,Head Constable,Peace Station (HQ),68,30.9,2,0.21,6.8,5,2,42.4,1.5,0.21,0
PERS_4451,Head Constable,Peace Station (HQ),32,59.5,2,0.49,4.8,3,5,38.3,10.8,0.14,1
PERS_4452,Head Constable,Dense Forest (Bastar),39,41.9,2,0.14,6.4,5,2,54.5,6.4,0.04,0
PERS_4453,Constable,Counter-Insurgency (J&K),72,50.7,1,0.04,7.4,4,2,17.1,7.9,0.03,0
PERS_4454,Sub-Inspector,Border Outpost (Thar),22,64.5,2,0.43,5.4,3,4,46.8,10.1,0.77,1
PERS_4455,Constable,Dense Forest (Bastar),41,58.7,2,0.18,6.5,3,2,12.4,6.5,0.07,1
PERS_4456,Head Constable,High Altitude (Ladakh/Sikkim),46,45.8,1,0.15,7.7,4,1,16.5,4.2,0.09,0
PERS_4457,Head Constable,Peace Station (HQ),86,64.6,3,0.19,5.5,2,8,65.1,12.7,0.06,2
PERS_4458,Head Constable,Counter-Insurgency (J&K),30,54.6,4,0.36,5.8,4,6,17.0,11.8,0.02,1
PERS_4459,Head Constable,Dense Forest (Bastar),16,45.5,3,0.4,5.8,5,4,18.3,9.7,0.01,1
PERS_4460,Constable,High Altitude (Ladakh/Sikkim),94,62.2,2,0.41,5.4,2,8,71.1,13.6,0.04,2
PERS_4461,Constable,Dense Forest (Bastar),51,49.3,2,0.47,5.2,2,5,33.2,7.9,0.05,1
PERS_4462,Head Constable,Dense Forest (Bastar),66,58.5,2,0.31,5.8,3,6,30.9,8.9,0.12,2
PERS_4463,Head Constable,Border Outpost (Thar),49,56.6,1,0.07,6.2,2,2,63.2,9.7,0.01,1
PERS_4464,Constable,Border Outpost (Thar),51,58.1,3,0.05,6.3,3,4,39.8,8.7,0.14,1
PERS_4465,Head Constable,Dense Forest (Bastar),49,72.1,2,0.17,4.5,1,5,38.9,11.6,0.17,1
PERS_4466,Head Constable,High Altitude (Ladakh/Sikkim),83,65.8,3,0.27,4.0,3,9,31.0,15.3,0.01,2
PERS_4467,Head Constable,Counter-Insurgency (J&K),109,68.9,1,0.14,4.4,1,7,39.7,11.5,0.07,2
PERS_4468,ASI,Counter-Insurgency (J&K),31,45.8,0,0.79,8.0,5,1,53.8,1.9,0.06,0
PERS_4469,Constable,Peace Station (HQ),47,37.5,2,0.29,6.9,5,2,37.5,5.0,0.1,0
PERS_4470,Constable,Peace Station (HQ),33,49.4,2,0.02,5.9,3,1,39.0,8.2,0.16,1
PERS_4471,ASI,Counter-Insurgency (J&K),9,44.0,0,0.69,7.4,5,1,9.3,2.9,0.16,0
PERS_4472,Head Constable,Dense Forest (Bastar),46,58.6,2,0.25,4.7,3,6,51.6,9.8,0.03,1
PERS_4473,Head Constable,Dense Forest (Bastar),83,54.3,1,0.61,5.4,2,7,21.5,7.7,0.03,1
PERS_4474,ASI,Border Outpost (Thar),39,65.2,2,0.26,6.1,2,3,11.3,7.9,0.12,1
PERS_4475,ASI,Border Outpost (Thar),25,33.1,2,0.15,7.1,5,1,45.1,3.2,0.17,0
PERS_4476,Inspector,Peace Station (HQ),46,49.8,1,0.28,6.7,3,2,72.8,5.4,0.08,0
PERS_4477,Head Constable,Counter-Insurgency (J&K),50,56.7,1,0.59,6.1,3,4,13.6,10.7,0.02,1
PERS_4478,Head Constable,Dense Forest (Bastar),45,42.7,1,0.32,6.5,4,4,42.9,3.5,0.04,0
PERS_4479,Constable,Counter-Insurgency (J&K),44,61.5,2,0.35,4.9,4,7,36.4,10.7,0.03,2
PERS_4480,Constable,High Altitude (Ladakh/Sikkim),41,60.8,1,0.06,5.2,4,3,63.1,7.7,0.66,0
PERS_4481,Head Constable,Counter-Insurgency (J&K),27,46.4,3,0.4,6.4,5,5,19.1,5.1,0.05,1
PERS_4482,Constable,High Altitude (Ladakh/Sikkim),18,76.3,0,0.43,5.6,3,4,29.3,9.9,0.08,1
PERS_4483,Sub-Inspector,Border Outpost (Thar),35,40.3,1,0.17,6.7,5,1,57.0,1.9,0.12,0
PERS_4484,Head Constable,Border Outpost (Thar),102,44.7,2,0.15,6.8,3,4,30.1,7.8,0.0,1
PERS_4485,Head Constable,Peace Station (HQ),33,46.6,0,0.07,6.6,5,2,8.7,3.2,0.19,0
PERS_4486,Constable,Counter-Insurgency (J&K),12,51.1,1,0.05,7.0,4,1,24.3,3.4,0.02,0
PERS_4487,Constable,Counter-Insurgency (J&K),37,35.6,1,0.44,6.8,5,2,10.9,3.3,0.05,0
PERS_4488,Constable,High Altitude (Ladakh/Sikkim),51,59.3,0,0.19,6.4,3,3,41.7,7.6,0.04,0
PERS_4489,Constable,Border Outpost (Thar),56,78.2,2,0.17,3.9,2,7,17.1,16.8,0.11,2
PERS_4490,Constable,High Altitude (Ladakh/Sikkim),86,42.7,2,0.11,7.3,4,3,9.2,4.4,0.07,1
PERS_4491,Head Constable,Border Outpost (Thar),41,54.1,1,0.36,7.1,5,2,37.6,7.0,0.1,0
PERS_4492,Sub-Inspector,High Altitude (Ladakh/Sikkim),50,62.6,2,0.16,5.7,4,6,16.0,8.5,0.09,1
PERS_4493,Sub-Inspector,Border Outpost (Thar),44,60.1,5,0.42,4.0,2,9,54.6,15.7,0.0,2
PERS_4494,Head Constable,High Altitude (Ladakh/Sikkim),109,80.5,3,0.1,3.4,1,10,60.1,18.0,0.16,2
PERS_4495,Constable,Border Outpost (Thar),139,57.2,0,0.2,6.6,3,5,21.3,10.2,0.05,1
PERS_4496,ASI,High Altitude (Ladakh/Sikkim),29,70.8,1,0.33,4.8,2,5,16.9,10.3,0.08,1
PERS_4497,Sub-Inspector,Counter-Insurgency (J&K),61,53.5,2,0.35,6.3,4,3,24.4,10.3,0.07,1
PERS_4498,Constable,Peace Station (HQ),103,53.2,1,0.25,6.1,2,6,32.1,7.1,0.02,1
PERS_4499,Head Constable,High Altitude (Ladakh/Sikkim),76,74.4,0,0.17,5.5,1,6,26.9,11.3,0.17,1
PERS_4500,Constable,Peace Station (HQ),17,46.0,1,0.1,6.8,5,1,20.2,5.5,0.04,0
PERS_4501,ASI,Counter-Insurgency (J&K),50,63.7,0,0.08,7.0,3,2,42.8,8.6,0.02,0
PERS_4502,Inspector,Counter-Insurgency (J&K),41,47.2,2,0.57,6.1,4,4,31.1,5.3,0.07,1
PERS_4503,Constable,Border Outpost (Thar),180,53.3,2,0.11,6.9,1,8,19.1,10.8,0.09,1
PERS_4504,Sub-Inspector,Peace Station (HQ),62,41.5,0,0.57,7.9,5,1,75.2,1.6,0.02,0
PERS_4505,Head Constable,Dense Forest (Bastar),5,55.6,2,0.55,6.2,4,3,18.6,7.7,0.09,1
PERS_4506,Inspector,Border Outpost (Thar),37,41.1,2,0.39,6.2,5,3,29.9,6.3,0.11,1
PERS_4507,Head Constable,Peace Station (HQ),28,48.7,2,0.09,5.4,4,2,28.7,7.5,0.72,1
PERS_4508,ASI,High Altitude (Ladakh/Sikkim),29,44.4,4,0.18,5.5,4,2,40.7,7.8,0.14,0
PERS_4509,Constable,High Altitude (Ladakh/Sikkim),25,41.7,4,0.1,5.0,5,4,58.9,9.8,0.63,1
PERS_4510,Constable,Counter-Insurgency (J&K),73,47.7,2,0.16,5.1,3,5,6.9,7.6,0.22,1
PERS_4511,Constable,Dense Forest (Bastar),12,51.3,3,0.3,5.2,5,3,56.6,6.3,0.62,0
PERS_4512,Inspector,High Altitude (Ladakh/Sikkim),58,25.0,0,0.23,7.4,5,1,33.9,-0.8,0.04,0
PERS_4513,ASI,Peace Station (HQ),51,61.5,2,0.37,5.9,3,6,57.8,8.9,0.21,1
PERS_4514,ASI,Peace Station (HQ),70,42.1,2,0.44,5.8,3,6,76.6,6.1,0.09,1
PERS_4515,Sub-Inspector,High Altitude (Ladakh/Sikkim),47,41.0,2,0.31,5.6,3,4,27.6,6.7,0.21,1
PERS_4516,Constable,Peace Station (HQ),12,34.8,1,0.08,7.0,5,1,19.6,0.7,0.03,0
PERS_4517,Constable,Peace Station (HQ),41,54.8,0,0.03,7.0,5,1,11.5,6.6,0.02,0
PERS_4518,Constable,Counter-Insurgency (J&K),33,65.9,1,0.18,5.2,2,4,26.2,9.8,0.7,1
PERS_4519,Constable,Dense Forest (Bastar),68,53.4,2,0.38,6.3,3,6,26.6,8.2,0.19,1
PERS_4520,Constable,Counter-Insurgency (J&K),25,54.9,4,0.44,5.2,3,7,22.8,11.5,0.07,1
PERS_4521,Head Constable,Dense Forest (Bastar),39,57.3,1,0.13,6.2,4,4,15.3,6.1,0.15,0
PERS_4522,Constable,Peace Station (HQ),51,60.5,3,0.22,4.5,2,8,36.8,12.0,0.14,1
PERS_4523,Constable,Dense Forest (Bastar),85,46.5,0,0.4,7.4,4,5,6.5,3.8,0.01,1
PERS_4524,Constable,Peace Station (HQ),22,66.1,3,0.2,3.1,2,7,55.0,12.9,0.09,1
PERS_4525,Constable,Peace Station (HQ),80,52.7,3,0.03,5.3,3,5,63.3,10.3,0.0,1
PERS_4526,Inspector,Counter-Insurgency (J&K),62,57.0,0,0.13,7.2,4,2,58.0,5.2,0.01,0
PERS_4527,ASI,Counter-Insurgency (J&K),45,51.0,1,0.21,6.0,4,3,32.0,5.4,0.08,1
PERS_4528,Inspector,Border Outpost (Thar),19,45.4,0,0.21,7.4,5,1,37.6,2.6,0.15,0
PERS_4529,Constable,High Altitude (Ladakh/Sikkim),44,61.8,5,0.27,3.0,1,9,47.5,15.3,0.13,2
PERS_4530,Constable,Border Outpost (Thar),13,55.7,1,0.5,6.6,5,3,42.4,7.9,0.29,1
PERS_4531,ASI,Border Outpost (Thar),52,31.3,2,0.55,6.9,5,4,38.2,4.2,0.01,1
PERS_4532,Constable,Dense Forest (Bastar),55,57.7,1,0.33,5.8,4,5,81.7,4.9,0.03,0
PERS_4533,Constable,Peace Station (HQ),107,79.7,3,0.1,3.6,1,10,24.5,16.3,0.02,2
PERS_4534,Constable,Peace Station (HQ),48,54.7,1,0.51,6.3,3,4,28.2,7.1,0.12,1
PERS_4535,Constable,Peace Station (HQ),15,44.4,1,0.01,6.5,5,1,30.7,4.4,0.03,0
PERS_4536,Constable,High Altitude (Ladakh/Sikkim),28,47.0,1,0.04,6.7,5,1,38.1,4.4,0.15,0
PERS_4537,Constable,Dense Forest (Bastar),19,44.3,2,0.38,5.6,5,4,49.9,5.5,0.02,0
PERS_4538,Head Constable,Dense Forest (Bastar),55,42.0,0,0.09,7.1,4,1,47.8,3.3,0.13,0
PERS_4539,Constable,Peace Station (HQ),68,53.0,2,0.64,6.0,3,6,29.5,10.6,0.09,1
PERS_4540,Constable,Border Outpost (Thar),13,47.4,0,0.39,7.0,5,1,59.0,4.7,0.04,0
PERS_4541,ASI,High Altitude (Ladakh/Sikkim),27,56.7,2,0.47,5.8,4,6,10.7,8.6,0.01,1
PERS_4542,Constable,Border Outpost (Thar),179,60.7,2,0.01,5.7,1,8,23.8,14.0,0.02,2
PERS_4543,Constable,Counter-Insurgency (J&K),27,70.8,1,0.15,5.6,4,4,32.3,8.6,0.01,1
PERS_4544,ASI,Dense Forest (Bastar),40,42.6,1,0.42,7.3,5,1,42.8,2.8,0.05,0
PERS_4545,Constable,Dense Forest (Bastar),39,53.4,2,0.11,4.6,4,4,40.4,7.8,0.61,1
PERS_4546,Constable,Border Outpost (Thar),34,43.9,0,0.38,6.6,4,1,9.2,3.4,0.11,0
PERS_4547,Head Constable,High Altitude (Ladakh/Sikkim),49,47.5,1,0.13,7.7,5,3,11.8,1.7,0.1,0
PERS_4548,Constable,Dense Forest (Bastar),49,50.1,2,0.4,6.6,4,4,92.6,7.2,0.17,0
PERS_4549,Head Constable,Border Outpost (Thar),43,54.3,1,0.1,6.0,3,2,41.7,8.0,0.07,1
PERS_4550,ASI,High Altitude (Ladakh/Sikkim),84,64.4,2,0.26,5.5,4,8,75.3,13.0,0.1,2
PERS_4551,Constable,Border Outpost (Thar),90,52.3,1,0.23,6.0,2,4,13.6,8.0,0.17,1
PERS_4552,Head Constable,High Altitude (Ladakh/Sikkim),62,39.2,1,0.32,7.5,5,2,43.0,1.3,0.02,0
PERS_4553,Head Constable,Peace Station (HQ),39,65.6,3,0.08,4.0,2,6,19.2,11.7,0.24,2
PERS_4554,Constable,High Altitude (Ladakh/Sikkim),30,41.2,1,0.34,7.2,4,1,9.8,4.3,0.03,0
PERS_4555,Head Constable,Counter-Insurgency (J&K),36,49.1,1,0.26,6.4,5,2,24.4,3.0,0.21,0
PERS_4556,Constable,Peace Station (HQ),55,54.1,2,0.38,6.2,4,5,39.3,8.2,0.04,1
PERS_4557,Head Constable,Border Outpost (Thar),35,50.5,1,0.12,7.8,4,2,39.1,4.8,0.04,0
PERS_4558,Constable,Peace Station (HQ),89,42.8,2,0.07,6.5,3,4,28.8,8.5,0.08,0
PERS_4559,Head Constable,Peace Station (HQ),18,58.4,3,0.22,3.9,4,6,23.2,10.7,0.13,2
PERS_4560,Constable,Border Outpost (Thar),48,25.0,2,0.45,7.6,5,1,27.1,1.2,0.2,0
PERS_4561,ASI,Border Outpost (Thar),18,59.6,0,0.25,6.3,5,2,29.7,2.6,0.01,0
PERS_4562,Constable,Counter-Insurgency (J&K),20,61.6,2,0.19,3.9,3,7,42.4,11.6,0.01,1
PERS_4563,Constable,Border Outpost (Thar),32,60.2,0,0.26,5.8,3,2,15.5,5.2,0.01,1
PERS_4564,Head Constable,Dense Forest (Bastar),23,47.3,1,0.23,7.1,5,1,47.4,2.9,0.08,0
PERS_4565,Head Constable,Dense Forest (Bastar),64,55.7,3,0.41,5.8,3,8,47.8,10.7,0.2,2
PERS_4566,Head Constable,Counter-Insurgency (J&K),6,41.9,0,0.41,8.0,5,1,13.5,-1.1,0.09,0
PERS_4567,Head Constable,High Altitude (Ladakh/Sikkim),27,51.4,0,0.53,7.8,4,1,22.4,5.4,0.13,0
PERS_4568,ASI,High Altitude (Ladakh/Sikkim),22,56.5,1,0.29,5.9,3,3,47.8,8.7,0.08,1
PERS_4569,ASI,Dense Forest (Bastar),21,39.1,5,0.28,4.7,4,5,13.9,8.3,0.06,2
PERS_4570,Constable,Border Outpost (Thar),61,52.8,1,0.1,5.3,3,2,14.0,7.9,0.66,1
PERS_4571,Head Constable,Counter-Insurgency (J&K),59,49.1,1,0.47,6.5,5,4,104.3,3.5,0.13,1
PERS_4572,ASI,High Altitude (Ladakh/Sikkim),70,66.7,2,0.07,4.6,2,7,19.2,11.3,0.18,1
PERS_4573,Inspector,High Altitude (Ladakh/Sikkim),77,46.3,2,0.61,5.7,4,7,10.3,9.2,0.06,2
PERS_4574,Sub-Inspector,Peace Station (HQ),44,58.7,2,0.32,4.5,2,7,65.0,11.7,0.19,2
PERS_4575,Constable,Dense Forest (Bastar),14,48.9,4,0.25,4.9,4,5,13.0,8.6,0.02,1
PERS_4576,Constable,Border Outpost (Thar),26,49.4,1,0.63,6.0,4,4,47.8,5.2,0.19,1
PERS_4577,Head Constable,Counter-Insurgency (J&K),36,58.2,1,0.04,5.5,4,2,60.1,7.7,0.05,0
PERS_4578,Head Constable,High Altitude (Ladakh/Sikkim),34,47.6,1,0.65,7.6,5,1,42.7,1.1,0.05,0
PERS_4579,Head Constable,Peace Station (HQ),61,55.1,2,0.28,5.7,3,4,51.5,8.5,0.22,1
PERS_4580,Head Constable,Dense Forest (Bastar),36,62.7,1,0.12,5.6,3,3,29.2,8.9,0.05,1
PERS_4581,ASI,Dense Forest (Bastar),8,41.0,3,0.35,6.6,5,2,35.0,8.0,0.08,0
PERS_4582,Constable,Counter-Insurgency (J&K),58,56.5,4,0.13,4.4,2,7,30.7,14.5,0.04,2
PERS_4583,ASI,High Altitude (Ladakh/Sikkim),14,58.2,0,0.35,6.7,4,2,25.8,7.4,0.21,0
PERS_4584,Constable,Counter-Insurgency (J&K),24,55.1,4,0.24,5.2,3,6,47.8,12.9,0.17,2
PERS_4585,Constable,Counter-Insurgency (J&K),26,63.4,1,0.31,5.1,4,4,46.4,10.5,0.61,1
PERS_4586,Head Constable,Peace Station (HQ),36,50.4,1,0.09,6.3,4,1,30.6,5.2,0.03,0
PERS_4587,ASI,Dense Forest (Bastar),31,57.8,3,0.22,4.2,3,7,58.8,10.1,0.06,2
PERS_4588,Constable,Border Outpost (Thar),31,62.1,2,0.36,4.6,3,6,12.6,10.3,0.1,2
PERS_4589,Constable,Dense Forest (Bastar),46,35.7,3,0.25,6.0,4,3,32.1,4.3,0.09,1
PERS_4590,Inspector,Dense Forest (Bastar),94,53.3,2,0.06,6.0,3,4,44.6,11.9,0.03,1
PERS_4591,Constable,Peace Station (HQ),11,52.9,3,0.29,4.7,3,5,71.1,9.0,0.11,1
PERS_4592,Head Constable,Border Outpost (Thar),9,58.1,3,0.35,5.1,4,5,55.1,10.7,0.01,2
PERS_4593,Head Constable,High Altitude (Ladakh/Sikkim),92,59.6,1,0.08,5.7,1,6,48.4,11.7,0.05,2
PERS_4594,Head Constable,Border Outpost (Thar),69,68.9,4,0.24,3.8,2,9,42.1,17.1,0.08,2
PERS_4595,Head Constable,High Altitude (Ladakh/Sikkim),57,48.4,4,0.35,5.6,4,4,58.4,9.6,0.06,1
PERS_4596,Constable,Border Outpost (Thar),17,37.4,1,0.52,8.2,5,1,10.1,-1.5,0.03,0
PERS_4597,Head Constable,Counter-Insurgency (J&K),34,59.3,2,0.38,4.5,3,4,49.6,10.9,0.62,1
PERS_4598,Constable,Border Outpost (Thar),50,51.9,3,0.02,5.8,3,5,52.2,10.0,0.12,1
PERS_4599,Head Constable,Peace Station (HQ),31,42.7,3,0.23,7.2,5,2,35.6,7.0,0.07,0
PERS_4600,Constable,High Altitude (Ladakh/Sikkim),6,65.7,0,0.25,6.5,4,3,47.5,5.9,0.15,1
PERS_4601,Head Constable,Dense Forest (Bastar),17,57.2,2,0.43,5.9,5,4,38.5,6.1,0.0,0
PERS_4602,Constable,Peace Station (HQ),17,56.2,4,0.16,3.6,3,5,22.8,10.7,0.09,2
PERS_4603,Constable,High Altitude (Ladakh/Sikkim),26,66.5,1,0.27,6.2,3,4,10.2,9.8,0.09,1
PERS_4604,Constable,High Altitude (Ladakh/Sikkim),28,46.9,3,0.45,6.7,4,4,37.1,8.5,0.01,0
PERS_4605,Constable,Dense Forest (Bastar),35,65.6,2,0.17,5.5,4,4,27.0,12.3,0.08,0
PERS_4606,ASI,Counter-Insurgency (J&K),52,57.4,1,0.28,6.6,4,4,44.0,8.4,0.17,1
PERS_4607,Constable,Peace Station (HQ),17,43.8,0,0.06,7.9,5,1,9.0,0.8,0.08,0
PERS_4608,Sub-Inspector,Dense Forest (Bastar),35,51.4,2,0.33,6.3,4,3,27.0,7.7,0.06,0
PERS_4609,Inspector,Dense Forest (Bastar),34,53.3,1,0.28,6.7,4,4,35.5,4.9,0.05,1
PERS_4610,Head Constable,Counter-Insurgency (J&K),74,66.5,1,0.4,4.5,2,9,32.4,11.0,0.01,2
PERS_4611,Constable,Peace Station (HQ),22,36.7,2,0.37,8.3,5,1,28.8,3.6,0.03,0
PERS_4612,Constable,Dense Forest (Bastar),24,32.9,2,0.42,7.6,5,1,57.9,1.5,0.08,0
PERS_4613,ASI,Counter-Insurgency (J&K),21,42.2,1,0.26,7.5,4,1,67.1,3.1,0.04,0
PERS_4614,Constable,Peace Station (HQ),42,51.5,2,0.28,6.1,4,4,16.7,10.0,0.21,1
PERS_4615,Constable,Border Outpost (Thar),33,58.4,2,0.13,4.3,4,4,30.4,13.8,0.68,1
PERS_4616,Head Constable,High Altitude (Ladakh/Sikkim),65,49.9,1,0.11,5.1,3,4,37.3,9.0,0.64,1
PERS_4617,ASI,Counter-Insurgency (J&K),26,54.8,2,0.46,6.0,4,5,33.3,5.7,0.08,1
PERS_4618,ASI,High Altitude (Ladakh/Sikkim),46,68.6,2,0.36,4.9,2,9,23.5,12.7,0.08,2
PERS_4619,Constable,Border Outpost (Thar),49,35.9,1,0.14,7.8,5,1,13.5,2.2,0.09,0
PERS_4620,Head Constable,Dense Forest (Bastar),25,49.1,3,0.53,5.4,2,6,48.1,7.7,0.01,1
PERS_4621,Constable,Dense Forest (Bastar),24,74.6,2,0.15,4.3,2,5,31.1,11.6,0.1,1
PERS_4622,Constable,Peace Station (HQ),27,43.6,0,0.04,7.1,4,1,30.7,1.3,0.01,0
PERS_4623,Sub-Inspector,Counter-Insurgency (J&K),20,41.8,1,0.3,6.7,4,1,13.0,4.7,0.17,0
PERS_4624,Constable,Counter-Insurgency (J&K),66,59.8,2,0.25,4.8,3,6,64.8,12.2,0.13,1
PERS_4625,Constable,Peace Station (HQ),31,45.8,0,0.35,6.4,4,1,36.1,5.0,0.28,0
PERS_4626,Constable,High Altitude (Ladakh/Sikkim),51,63.9,0,0.34,6.4,3,3,61.6,6.6,0.18,0
PERS_4627,Sub-Inspector,Dense Forest (Bastar),41,76.9,0,0.28,5.7,2,3,17.4,9.7,0.01,1
PERS_4628,ASI,Dense Forest (Bastar),5,49.2,2,0.16,4.3,4,4,48.6,10.8,0.67,0
PERS_4629,Head Constable,Counter-Insurgency (J&K),56,81.0,1,0.12,4.5,1,6,75.1,12.1,0.18,2
PERS_4630,ASI,Counter-Insurgency (J&K),14,44.9,3,0.21,5.7,4,2,21.4,7.2,0.23,1
PERS_4631,Constable,Peace Station (HQ),38,50.1,2,0.25,6.3,4,2,51.9,5.7,0.15,0
PERS_4632,Head Constable,Border Outpost (Thar),82,46.6,2,0.1,6.5,3,4,39.8,7.5,0.06,1
PERS_4633,Constable,High Altitude (Ladakh/Sikkim),54,48.9,2,0.53,6.5,4,5,81.2,5.9,0.07,1
PERS_4634,Constable,Border Outpost (Thar),78,53.4,2,0.24,5.6,3,5,70.5,9.0,0.07,1
PERS_4635,Head Constable,Border Outpost (Thar),77,59.8,2,0.1,5.0,2,6,17.8,12.2,0.0,1
PERS_4636,Sub-Inspector,Counter-Insurgency (J&K),47,40.2,2,0.08,5.6,4,3,34.9,5.3,0.14,1
PERS_4637,Constable,Counter-Insurgency (J&K),33,46.1,1,0.54,6.6,4,2,46.2,5.9,0.11,0
PERS_4638,Constable,Counter-Insurgency (J&K),23,45.4,2,0.13,5.3,4,1,20.3,4.8,0.65,0
PERS_4639,Constable,Border Outpost (Thar),71,64.0,3,0.25,4.3,2,9,21.7,14.2,0.01,2
PERS_4640,Constable,High Altitude (Ladakh/Sikkim),65,55.7,2,0.14,4.8,2,6,80.2,8.1,0.07,1
PERS_4641,Sub-Inspector,Counter-Insurgency (J&K),19,51.1,1,0.31,7.2,5,2,43.8,4.3,0.18,0
PERS_4642,Head Constable,Dense Forest (Bastar),19,50.7,1,0.35,5.6,4,3,42.6,6.6,0.03,0
PERS_4643,Head Constable,High Altitude (Ladakh/Sikkim),34,34.0,2,0.35,6.4,5,1,83.4,5.4,0.28,0
PERS_4644,ASI,Dense Forest (Bastar),1,64.2,1,0.06,5.9,4,2,30.2,7.4,0.01,0
PERS_4645,Constable,High Altitude (Ladakh/Sikkim),12,40.0,4,0.21,6.4,5,3,37.3,6.4,0.14,0
PERS_4646,Head Constable,Counter-Insurgency (J&K),57,62.6,2,0.16,4.8,3,4,43.7,9.7,0.87,1
PERS_4647,Constable,Peace Station (HQ),9,46.6,0,0.16,8.0,5,1,44.5,3.0,0.02,0
PERS_4648,Head Constable,Counter-Insurgency (J&K),50,46.9,0,0.13,6.9,3,1,29.3,6.2,0.05,0
PERS_4649,Inspector,Border Outpost (Thar),30,61.4,1,0.19,6.5,3,2,68.6,5.9,0.02,0
PERS_4650,ASI,Border Outpost (Thar),19,38.0,0,0.37,7.6,5,1,43.3,0.2,0.24,0
PERS_4651,Constable,High Altitude (Ladakh/Sikkim),59,42.8,3,0.17,5.2,4,5,60.1,8.6,0.01,1
PERS_4652,ASI,Border Outpost (Thar),96,59.2,3,0.1,4.5,2,9,20.8,15.7,0.04,2
PERS_4653,Constable,Counter-Insurgency (J&K),23,52.2,4,0.22,4.9,3,5,32.8,11.4,0.02,1
PERS_4654,Constable,Dense Forest (Bastar),81,64.3,2,0.53,5.8,2,9,44.0,10.0,0.22,1
PERS_4655,Constable,Counter-Insurgency (J&K),45,59.7,2,0.37,5.7,4,4,44.4,8.0,0.17,1
PERS_4656,Constable,High Altitude (Ladakh/Sikkim),42,51.5,3,0.12,6.2,4,4,16.6,9.3,0.26,1
PERS_4657,Head Constable,Border Outpost (Thar),92,58.2,4,0.21,4.2,1,9,44.3,13.1,0.12,2
PERS_4658,Head Constable,Dense Forest (Bastar),135,60.0,3,0.61,4.0,1,10,42.8,13.1,0.13,2
PERS_4659,Sub-Inspector,Peace Station (HQ),21,64.3,3,0.2,5.1,2,5,53.6,9.3,0.0,2
PERS_4660,Head Constable,Dense Forest (Bastar),51,43.3,2,0.72,6.7,5,4,13.3,7.6,0.14,1
PERS_4661,Head Constable,Dense Forest (Bastar),47,53.0,0,0.48,6.6,4,4,65.9,4.4,0.01,0
PERS_4662,Constable,Counter-Insurgency (J&K),29,58.6,2,0.1,5.2,3,3,13.4,6.1,0.61,1
PERS_4663,Constable,Peace Station (HQ),33,62.4,2,0.08,5.0,2,5,31.5,8.4,0.16,1
PERS_4664,Head Constable,High Altitude (Ladakh/Sikkim),124,53.7,2,0.28,5.3,2,6,44.4,10.7,0.04,2
PERS_4665,Constable,High Altitude (Ladakh/Sikkim),26,40.9,3,0.31,6.3,5,1,37.8,6.9,0.02,0
PERS_4666,ASI,Dense Forest (Bastar),16,37.2,3,0.2,6.7,5,1,43.9,5.8,0.01,0
PERS_4667,Constable,Dense Forest (Bastar),67,51.3,2,0.37,6.7,3,4,36.5,8.0,0.19,1
PERS_4668,Constable,Border Outpost (Thar),20,52.5,0,0.18,6.8,5,2,52.2,5.8,0.13,0
PERS_4669,Constable,Peace Station (HQ),94,52.7,1,0.15,6.5,2,4,8.4,9.7,0.09,1
PERS_4670,Constable,Dense Forest (Bastar),68,61.8,1,0.1,4.7,2,6,61.6,11.5,0.21,2
PERS_4671,Constable,Border Outpost (Thar),8,48.1,1,0.08,6.6,4,1,32.2,7.0,0.22,0
PERS_4672,Head Constable,Peace Station (HQ),81,62.2,2,0.22,5.6,3,8,48.8,12.3,0.15,2
PERS_4673,Constable,High Altitude (Ladakh/Sikkim),133,62.8,0,0.2,5.6,2,7,23.8,7.0,0.06,2
PERS_4674,Head Constable,Border Outpost (Thar),36,34.7,0,0.68,8.7,5,1,32.1,1.4,0.07,0
PERS_4675,Constable,Peace Station (HQ),8,37.3,2,0.31,6.3,4,2,38.4,4.0,0.09,0
PERS_4676,Constable,Border Outpost (Thar),52,64.8,3,0.21,4.8,3,7,35.1,13.1,0.01,2
PERS_4677,Constable,Dense Forest (Bastar),77,46.3,0,0.38,7.2,3,3,53.4,5.2,0.1,1
PERS_4678,ASI,Counter-Insurgency (J&K),36,60.1,3,0.68,4.4,3,8,16.8,13.2,0.12,2
PERS_4679,Constable,High Altitude (Ladakh/Sikkim),103,59.6,1,0.24,5.8,2,7,20.3,9.2,0.06,2
PERS_4680,ASI,Dense Forest (Bastar),19,40.1,1,0.48,7.1,5,1,28.2,2.6,0.1,0
PERS_4681,Constable,Dense Forest (Bastar),65,62.0,2,0.56,5.3,3,7,49.3,10.5,0.03,2
PERS_4682,ASI,Peace Station (HQ),12,44.4,4,0.44,4.5,4,6,43.8,10.0,0.08,1
PERS_4683,Constable,Border Outpost (Thar),81,57.6,2,0.19,5.8,3,6,30.1,11.7,0.01,1
PERS_4684,Head Constable,High Altitude (Ladakh/Sikkim),20,47.9,2,0.49,6.7,5,3,24.4,4.7,0.0,0
PERS_4685,Head Constable,Dense Forest (Bastar),29,25.0,3,0.49,7.6,5,2,18.0,4.5,0.01,0
PERS_4686,Sub-Inspector,Peace Station (HQ),16,56.3,3,0.09,5.6,3,4,80.6,11.2,0.09,1
PERS_4687,Constable,High Altitude (Ladakh/Sikkim),47,60.4,0,0.2,5.7,3,2,24.9,7.0,0.08,0
PERS_4688,Constable,Border Outpost (Thar),25,45.6,2,0.23,6.7,5,1,13.9,4.8,0.07,0
PERS_4689,Constable,Dense Forest (Bastar),55,59.9,4,0.35,3.6,2,10,37.3,15.4,0.16,2
PERS_4690,ASI,Dense Forest (Bastar),27,42.0,2,0.27,6.4,5,2,16.9,5.3,0.04,0
PERS_4691,Head Constable,Dense Forest (Bastar),41,43.6,3,0.04,5.3,4,3,58.3,6.3,0.66,1
PERS_4692,ASI,High Altitude (Ladakh/Sikkim),15,51.9,2,0.39,6.5,3,3,5.4,6.3,0.06,0
PERS_4693,Constable,High Altitude (Ladakh/Sikkim),37,44.7,1,0.21,6.8,5,3,73.9,2.3,0.05,0
PERS_4694,Constable,High Altitude (Ladakh/Sikkim),52,51.9,2,0.3,4.7,4,5,32.0,8.0,0.02,1
PERS_4695,Constable,High Altitude (Ladakh/Sikkim),12,39.8,2,0.19,6.4,5,1,9.6,6.3,0.11,0
PERS_4696,Inspector,Peace Station (HQ),50,40.2,3,0.31,5.3,5,4,21.8,10.5,0.65,1
PERS_4697,Head Constable,Counter-Insurgency (J&K),115,61.6,4,0.08,4.1,2,9,92.5,15.2,0.01,2
PERS_4698,Sub-Inspector,Peace Station (HQ),106,60.8,3,0.26,4.7,2,7,26.1,13.2,0.19,1
PERS_4699,Constable,Dense Forest (Bastar),12,49.4,4,0.02,5.5,5,3,30.2,10.4,0.12,1
PERS_4700,Head Constable,Peace Station (HQ),73,52.4,1,0.52,6.8,3,4,56.7,9.2,0.0,1
PERS_4701,Head Constable,Border Outpost (Thar),5,41.5,3,0.56,5.2,4,3,53.2,5.3,0.74,1
PERS_4702,Constable,High Altitude (Ladakh/Sikkim),47,41.9,1,0.3,6.8,4,1,35.9,3.4,0.02,1
PERS_4703,ASI,Border Outpost (Thar),38,40.6,1,0.39,6.8,4,2,73.0,5.2,0.01,0
PERS_4704,Sub-Inspector,Border Outpost (Thar),50,47.0,2,0.33,5.4,4,2,34.5,7.1,0.65,1
PERS_4705,Sub-Inspector,Dense Forest (Bastar),57,63.9,2,0.74,5.0,3,9,13.1,10.8,0.13,2
PERS_4706,Head Constable,High Altitude (Ladakh/Sikkim),51,55.4,3,0.5,5.7,3,6,25.0,6.7,0.13,1
PERS_4707,Constable,Border Outpost (Thar),22,53.8,2,0.62,5.1,4,5,14.6,9.3,0.03,1
PERS_4708,Constable,Dense Forest (Bastar),8,36.2,3,0.29,6.9,5,1,84.1,4.1,0.12,0
PERS_4709,Inspector,High Altitude (Ladakh/Sikkim),49,54.8,0,0.57,5.8,4,4,16.5,8.7,0.02,0
PERS_4710,Constable,Counter-Insurgency (J&K),63,57.7,3,0.25,6.0,3,6,56.2,9.7,0.06,1
PERS_4711,Head Constable,Dense Forest (Bastar),24,66.3,2,0.05,5.0,3,5,27.7,12.1,0.02,1
PERS_4712,Head Constable,Peace Station (HQ),38,51.6,2,0.55,5.5,4,6,29.9,8.4,0.06,1
PERS_4713,Head Constable,High Altitude (Ladakh/Sikkim),57,49.8,1,0.12,6.8,3,2,44.5,4.9,0.12,0
PERS_4714,Inspector,Border Outpost (Thar),4,40.7,3,0.32,7.6,5,1,35.4,4.0,0.0,0
PERS_4715,Constable,Border Outpost (Thar),27,51.3,2,0.53,6.7,5,2,23.4,6.3,0.09,0
PERS_4716,Constable,Peace Station (HQ),113,57.4,2,0.26,5.5,2,7,12.0,10.8,0.04,2
PERS_4717,Constable,Peace Station (HQ),39,63.1,2,0.2,6.0,5,6,71.5,10.2,0.1,1
PERS_4718,Constable,Border Outpost (Thar),33,60.3,1,0.16,7.2,3,1,33.9,9.0,0.16,1
PERS_4719,Constable,High Altitude (Ladakh/Sikkim),61,44.1,0,0.38,7.0,4,1,33.6,2.4,0.09,0
PERS_4720,Constable,Dense Forest (Bastar),40,51.8,1,0.49,6.4,4,5,43.5,6.5,0.16,1
PERS_4721,ASI,Peace Station (HQ),70,79.5,3,0.14,3.3,1,10,19.1,16.1,0.1,2
PERS_4722,Sub-Inspector,Peace Station (HQ),12,34.5,2,0.27,6.7,5,1,24.5,2.5,0.01,0
PERS_4723,Constable,Peace Station (HQ),20,48.1,3,0.32,5.5,4,4,29.6,9.3,0.08,1
PERS_4724,Constable,Counter-Insurgency (J&K),92,64.7,2,0.49,4.9,3,8,17.4,14.0,0.0,2
PERS_4725,Sub-Inspector,High Altitude (Ladakh/Sikkim),31,48.7,4,0.2,5.9,3,6,23.0,7.9,0.09,1
PERS_4726,Constable,High Altitude (Ladakh/Sikkim),24,47.2,1,0.25,5.5,3,3,65.7,6.1,0.2,1
PERS_4727,Constable,High Altitude (Ladakh/Sikkim),31,46.4,0,0.4,7.1,4,1,15.8,2.8,0.07,0
PERS_4728,Constable,High Altitude (Ladakh/Sikkim),29,40.3,3,0.1,6.1,4,3,45.6,5.4,0.2,0
PERS_4729,Head Constable,High Altitude (Ladakh/Sikkim),79,54.2,2,0.18,5.5,2,5,37.0,10.5,0.22,1
PERS_4730,Constable,Border Outpost (Thar),21,60.4,2,0.41,5.9,4,6,19.0,10.0,0.03,1
PERS_4731,Inspector,Peace Station (HQ),39,39.2,1,0.4,7.6,5,1,47.0,4.9,0.15,0
PERS_4732,Constable,Border Outpost (Thar),85,59.2,1,0.58,5.9,3,6,27.5,11.4,0.0,2
PERS_4733,Head Constable,Counter-Insurgency (J&K),31,61.9,2,0.13,5.5,3,5,62.5,11.1,0.14,1
PERS_4734,Constable,Dense Forest (Bastar),80,55.8,2,0.08,5.6,3,5,30.7,8.7,0.09,1
PERS_4735,Head Constable,Peace Station (HQ),27,46.5,2,0.03,6.6,4,1,31.8,8.8,0.05,0
PERS_4736,Head Constable,Counter-Insurgency (J&K),86,63.3,2,0.17,6.1,2,5,21.0,9.4,0.23,1
PERS_4737,ASI,Border Outpost (Thar),41,43.1,2,0.69,7.1,5,3,58.9,6.7,0.16,1
PERS_4738,ASI,Dense Forest (Bastar),27,54.9,0,0.47,7.9,5,2,13.9,4.7,0.07,0
PERS_4739,Head Constable,Counter-Insurgency (J&K),53,51.6,2,0.44,6.4,4,4,22.9,9.6,0.05,1
PERS_4740,Sub-Inspector,Dense Forest (Bastar),7,49.3,2,0.15,4.9,4,3,27.3,9.1,0.67,1
PERS_4741,ASI,Counter-Insurgency (J&K),163,81.1,0,0.46,5.4,1,9,23.2,13.5,0.01,2
PERS_4742,ASI,Border Outpost (Thar),46,64.2,1,0.17,5.2,2,4,24.8,10.0,0.65,1
PERS_4743,Constable,Dense Forest (Bastar),63,69.1,0,0.17,6.5,3,4,33.2,8.4,0.13,1
PERS_4744,Constable,Counter-Insurgency (J&K),11,40.9,5,0.27,5.0,4,5,59.2,6.3,0.0,1
PERS_4745,Constable,Border Outpost (Thar),103,48.1,2,0.38,5.3,3,6,7.4,8.4,0.01,1
PERS_4746,Head Constable,Peace Station (HQ),31,55.8,2,0.6,5.9,3,5,44.0,7.5,0.11,1
PERS_4747,Constable,Border Outpost (Thar),17,52.9,2,0.13,5.7,3,3,20.3,9.4,0.14,1
PERS_4748,Constable,Border Outpost (Thar),82,36.4,4,0.21,6.2,4,5,19.1,8.3,0.2,1
PERS_4749,Sub-Inspector,Peace Station (HQ),17,53.1,2,0.09,6.0,4,4,16.9,9.5,0.09,0
PERS_4750,Sub-Inspector,Border Outpost (Thar),40,72.5,1,0.31,5.3,3,4,58.1,12.4,0.8,1
PERS_4751,Sub-Inspector,Peace Station (HQ),40,71.0,2,0.62,5.0,2,6,62.7,12.5,0.1,2
PERS_4752,Constable,Peace Station (HQ),89,49.9,3,0.27,6.1,4,7,22.5,9.2,0.27,1
PERS_4753,Head Constable,Peace Station (HQ),85,63.6,1,0.31,5.7,3,6,37.3,9.8,0.1,1
PERS_4754,Constable,Counter-Insurgency (J&K),45,43.6,1,0.45,6.8,4,3,46.5,3.8,0.13,0
PERS_4755,Constable,Dense Forest (Bastar),41,51.1,4,0.04,4.9,4,5,42.0,12.8,0.07,1
PERS_4756,Constable,Counter-Insurgency (J&K),18,41.6,3,0.35,5.8,4,4,32.8,5.2,0.08,0
PERS_4757,Constable,Peace Station (HQ),46,40.9,3,0.06,5.9,5,4,21.5,6.9,0.16,0
PERS_4758,Constable,Dense Forest (Bastar),141,70.9,1,0.26,5.7,2,10,12.0,13.0,0.04,2
PERS_4759,ASI,Dense Forest (Bastar),34,54.3,1,0.57,7.0,4,3,85.2,9.5,0.19,1
PERS_4760,Constable,Peace Station (HQ),15,53.9,2,0.05,6.2,4,2,24.1,9.0,0.1,0
PERS_4761,Head Constable,Dense Forest (Bastar),11,55.4,3,0.11,5.4,3,3,49.2,8.9,0.65,1
PERS_4762,Head Constable,Dense Forest (Bastar),19,51.9,2,0.14,5.9,5,2,44.1,6.1,0.05,0
PERS_4763,Constable,Counter-Insurgency (J&K),5,38.1,3,0.29,6.4,4,2,7.7,3.8,0.0,0
PERS_4764,Head Constable,Dense Forest (Bastar),103,60.4,3,0.57,5.1,1,8,23.7,14.8,0.15,2
PERS_4765,Constable,Peace Station (HQ),150,60.8,3,0.32,4.5,1,10,51.3,14.1,0.06,2
PERS_4766,Head Constable,High Altitude (Ladakh/Sikkim),40,50.1,1,0.49,6.0,4,4,18.9,5.9,0.01,1
PERS_4767,Constable,High Altitude (Ladakh/Sikkim),59,44.5,1,0.03,6.8,3,3,16.2,6.3,0.05,0
PERS_4768,Constable,High Altitude (Ladakh/Sikkim),58,38.7,1,0.6,6.6,4,2,15.7,4.3,0.0,0
PERS_4769,Constable,Peace Station (HQ),46,46.9,1,0.24,6.2,4,3,49.9,4.8,0.05,0
PERS_4770,Head Constable,High Altitude (Ladakh/Sikkim),18,55.3,1,0.26,5.7,5,2,34.8,7.2,0.05,0
PERS_4771,Sub-Inspector,Counter-Insurgency (J&K),46,51.9,2,0.3,6.6,4,2,33.1,8.8,0.06,1
PERS_4772,Constable,Peace Station (HQ),46,70.4,0,0.19,6.6,3,3,22.3,7.3,0.14,1
PERS_4773,Head Constable,Peace Station (HQ),27,50.0,2,0.44,6.0,5,4,15.0,6.1,0.04,1
PERS_4774,Head Constable,Peace Station (HQ),57,55.6,3,0.47,5.3,3,7,17.7,12.6,0.13,2
PERS_4775,Sub-Inspector,Dense Forest (Bastar),28,51.0,0,0.39,7.3,4,1,25.5,4.1,0.11,0
PERS_4776,ASI,Dense Forest (Bastar),70,44.4,0,0.33,6.7,4,2,19.6,3.4,0.13,0
PERS_4777,Head Constable,Dense Forest (Bastar),47,52.5,1,0.23,6.4,3,4,54.1,5.4,0.09,1
PERS_4778,Head Constable,Border Outpost (Thar),57,43.0,1,0.1,8.1,5,2,33.2,5.7,0.12,0
PERS_4779,Sub-Inspector,Counter-Insurgency (J&K),28,50.1,2,0.22,6.0,5,3,29.6,6.2,0.03,1
PERS_4780,Constable,Peace Station (HQ),76,38.0,2,0.24,6.7,4,3,46.2,7.4,0.01,1
PERS_4781,Constable,Peace Station (HQ),27,50.0,2,0.43,6.0,4,4,25.5,7.8,0.03,0
PERS_4782,Constable,Dense Forest (Bastar),54,54.9,1,0.39,6.0,4,5,27.9,6.9,0.12,0
PERS_4783,ASI,Peace Station (HQ),20,52.2,2,0.22,6.1,4,2,52.0,6.6,0.04,0
PERS_4784,ASI,Peace Station (HQ),64,40.1,2,0.15,6.8,4,3,7.2,4.9,0.03,1
PERS_4785,Constable,High Altitude (Ladakh/Sikkim),20,54.8,1,0.2,4.9,4,3,32.3,7.6,0.61,0
PERS_4786,Head Constable,Peace Station (HQ),111,65.7,1,0.35,5.9,3,8,51.1,13.0,0.05,1
PERS_4787,Head Constable,Border Outpost (Thar),76,46.0,3,0.33,5.2,3,6,16.7,10.0,0.08,1
PERS_4788,Constable,Dense Forest (Bastar),29,60.8,1,0.35,6.2,3,2,50.0,6.2,0.09,1
PERS_4789,Inspector,Counter-Insurgency (J&K),38,53.7,3,0.73,5.3,2,5,32.2,11.7,0.01,2
PERS_4790,Constable,Counter-Insurgency (J&K),22,49.6,1,0.35,6.6,5,2,27.7,8.5,0.04,0
PERS_4791,Constable,High Altitude (Ladakh/Sikkim),23,56.0,0,0.71,6.7,4,2,30.3,3.8,0.01,0
PERS_4792,Head Constable,Counter-Insurgency (J&K),40,68.2,2,0.32,4.6,3,6,39.7,9.3,0.07,1
PERS_4793,Head Constable,Counter-Insurgency (J&K),38,50.4,3,0.07,5.2,5,4,64.1,9.3,0.63,1
PERS_4794,Constable,Dense Forest (Bastar),67,49.8,3,0.47,6.0,3,6,13.4,9.3,0.12,2
PERS_4795,Head Constable,Dense Forest (Bastar),17,70.5,1,0.4,4.9,4,5,39.0,11.3,0.11,1
PERS_4796,Head Constable,Border Outpost (Thar),14,47.7,3,0.14,5.1,5,6,25.9,8.3,0.13,0
PERS_4797,Constable,High Altitude (Ladakh/Sikkim),33,55.0,2,0.32,6.0,4,5,9.9,7.3,0.08,0
PERS_4798,Constable,Counter-Insurgency (J&K),42,50.5,0,0.32,7.1,3,1,5.2,3.2,0.16,0
PERS_4799,Head Constable,Border Outpost (Thar),5,32.4,0,0.15,7.9,4,1,35.3,-0.5,0.14,0
PERS_4800,Constable,High Altitude (Ladakh/Sikkim),30,47.9,2,0.46,6.3,5,3,16.6,8.0,0.05,1
PERS_4801,Sub-Inspector,Counter-Insurgency (J&K),51,64.2,2,0.15,5.2,3,4,32.3,10.2,0.68,1
PERS_4802,ASI,Counter-Insurgency (J&K),21,42.0,0,0.56,7.7,5,1,65.3,2.7,0.06,0
PERS_4803,Inspector,Dense Forest (Bastar),13,62.5,3,0.29,5.3,3,5,17.9,9.8,0.21,1
PERS_4804,Constable,Peace Station (HQ),71,62.7,2,0.17,5.6,2,6,61.9,9.9,0.05,2
PERS_4805,Inspector,High Altitude (Ladakh/Sikkim),18,39.8,3,0.29,6.7,5,2,30.7,6.9,0.07,0
PERS_4806,Constable,Counter-Insurgency (J&K),45,40.5,2,0.3,7.5,4,1,31.2,6.5,0.08,0
PERS_4807,Constable,High Altitude (Ladakh/Sikkim),39,39.6,2,0.1,6.9,5,1,80.3,5.1,0.21,0
PERS_4808,Constable,Border Outpost (Thar),32,47.1,1,0.75,6.6,5,4,26.6,3.6,0.12,0
PERS_4809,Constable,Border Outpost (Thar),47,41.8,2,0.22,5.6,3,3,97.9,5.5,0.03,1
PERS_4810,Head Constable,Peace Station (HQ),62,66.4,4,0.28,3.3,2,10,38.8,13.2,0.17,2
PERS_4811,Head Constable,Counter-Insurgency (J&K),76,43.8,2,0.1,6.6,4,2,24.3,7.6,0.09,1
PERS_4812,Constable,Dense Forest (Bastar),66,45.7,1,0.5,6.6,4,3,115.3,5.5,0.15,0
PERS_4813,Head Constable,Counter-Insurgency (J&K),48,68.0,1,0.35,5.1,3,5,54.2,10.5,0.05,1
PERS_4814,Constable,High Altitude (Ladakh/Sikkim),31,48.5,4,0.52,5.5,3,7,30.9,10.5,0.1,2
PERS_4815,Head Constable,Border Outpost (Thar),50,57.2,1,0.3,6.4,3,5,26.7,6.3,0.08,1
PERS_4816,Constable,High Altitude (Ladakh/Sikkim),9,53.5,3,0.16,5.5,3,2,51.8,9.7,0.06,0
PERS_4817,ASI,Peace Station (HQ),34,36.9,2,0.26,6.6,5,2,47.8,6.3,0.0,0
PERS_4818,ASI,Border Outpost (Thar),41,60.1,2,0.2,6.6,3,4,38.2,6.9,0.03,1
PERS_4819,Head Constable,Dense Forest (Bastar),115,65.6,2,0.03,5.0,1,9,40.8,14.1,0.07,2
PERS_4820,Constable,Border Outpost (Thar),44,58.9,1,0.35,6.5,3,3,17.0,8.1,0.01,1
PERS_4821,Constable,Counter-Insurgency (J&K),45,45.7,2,0.29,6.1,4,4,21.6,7.7,0.14,0
PERS_4822,ASI,Counter-Insurgency (J&K),42,55.1,0,0.18,6.0,3,2,33.2,6.9,0.15,1
PERS_4823,Constable,Border Outpost (Thar),50,51.3,2,0.16,6.0,4,4,29.8,7.1,0.06,0
PERS_4824,Constable,Peace Station (HQ),14,50.3,0,0.07,8.4,5,1,45.4,3.8,0.05,0
PERS_4825,Constable,Counter-Insurgency (J&K),40,44.2,0,0.09,7.8,4,1,15.6,2.0,0.22,0
PERS_4826,Head Constable,Counter-Insurgency (J&K),18,47.9,3,0.41,5.6,4,4,46.5,8.7,0.08,1
PERS_4827,Head Constable,Dense Forest (Bastar),28,60.6,2,0.36,5.7,3,5,12.9,11.4,0.12,1
PERS_4828,ASI,Border Outpost (Thar),26,31.3,1,0.18,7.4,5,1,29.3,-0.3,0.0,0
PERS_4829,Constable,Counter-Insurgency (J&K),26,46.9,2,0.37,6.6,5,4,13.6,4.9,0.05,0
PERS_4830,Constable,Peace Station (HQ),36,58.0,2,0.34,6.7,4,2,19.2,7.0,0.02,0
PERS_4831,ASI,High Altitude (Ladakh/Sikkim),81,45.2,1,0.33,6.4,4,5,24.1,6.8,0.03,1
PERS_4832,ASI,Border Outpost (Thar),50,57.0,3,0.01,5.3,4,4,43.3,11.7,0.63,1
PERS_4833,Constable,Dense Forest (Bastar),47,57.4,2,0.19,5.8,3,4,9.8,8.8,0.07,0
PERS_4834,Head Constable,Counter-Insurgency (J&K),48,51.3,1,0.27,6.1,3,3,14.5,5.7,0.21,1
PERS_4835,Constable,Peace Station (HQ),29,53.9,2,0.03,5.5,4,1,14.9,10.2,0.08,0
PERS_4836,Sub-Inspector,Border Outpost (Thar),44,68.7,0,0.38,5.9,3,4,49.3,10.2,0.05,0
PERS_4837,Constable,Peace Station (HQ),5,41.8,1,0.31,6.6,5,3,11.9,0.9,0.04,0
PERS_4838,Sub-Inspector,Peace Station (HQ),30,37.1,3,0.24,6.9,5,1,27.4,5.2,0.21,0
PERS_4839,Head Constable,Dense Forest (Bastar),30,46.8,2,0.25,6.1,4,2,20.9,5.6,0.06,0
PERS_4840,Head Constable,Border Outpost (Thar),26,40.7,3,0.43,6.0,4,4,30.3,6.8,0.01,1
PERS_4841,Constable,Counter-Insurgency (J&K),91,61.0,1,0.24,5.2,1,6,52.8,11.4,0.1,2
PERS_4842,Head Constable,Dense Forest (Bastar),56,49.0,1,0.04,6.0,3,3,105.2,7.8,0.05,1
PERS_4843,Constable,Counter-Insurgency (J&K),104,64.5,1,0.54,5.3,2,7,7.8,10.9,0.03,1
PERS_4844,Constable,High Altitude (Ladakh/Sikkim),59,56.8,1,0.28,5.8,2,3,24.1,8.1,0.05,1
PERS_4845,Head Constable,Peace Station (HQ),71,48.2,2,0.36,5.5,3,6,47.0,8.2,0.03,2
PERS_4846,Inspector,High Altitude (Ladakh/Sikkim),69,45.7,2,0.27,6.8,5,1,60.6,5.6,0.01,0
PERS_4847,Head Constable,Peace Station (HQ),70,41.1,2,0.03,7.4,5,1,9.4,5.2,0.02,0
PERS_4848,Head Constable,Dense Forest (Bastar),16,60.1,2,0.51,5.3,3,3,75.6,7.2,0.67,1
PERS_4849,Constable,Counter-Insurgency (J&K),16,54.8,2,0.13,5.2,3,3,34.1,8.1,0.64,1
PERS_4850,Constable,Counter-Insurgency (J&K),89,52.8,3,0.22,4.9,2,7,15.3,10.3,0.05,2
PERS_4851,Constable,Dense Forest (Bastar),11,55.2,1,0.3,6.3,5,1,12.1,6.6,0.04,0
PERS_4852,Head Constable,Border Outpost (Thar),61,43.1,3,0.2,6.0,3,4,67.8,8.9,0.05,1
PERS_4853,Sub-Inspector,High Altitude (Ladakh/Sikkim),54,44.7,2,0.29,5.4,3,5,22.2,4.8,0.01,1
PERS_4854,Head Constable,High Altitude (Ladakh/Sikkim),37,42.0,2,0.24,5.2,5,2,50.7,6.6,0.77,0
PERS_4855,Constable,Counter-Insurgency (J&K),94,60.2,3,0.12,5.0,2,7,26.3,15.0,0.09,2
PERS_4856,Constable,Counter-Insurgency (J&K),33,45.3,0,0.56,7.6,5,1,61.4,2.4,0.07,0
PERS_4857,Head Constable,Counter-Insurgency (J&K),48,38.3,2,0.37,7.4,5,3,23.6,2.1,0.02,0
PERS_4858,Constable,Dense Forest (Bastar),13,50.2,4,0.02,4.7,3,3,5.5,8.7,0.6,1
PERS_4859,ASI,Border Outpost (Thar),56,59.3,2,0.1,6.1,4,3,43.9,10.0,0.07,1
PERS_4860,ASI,High Altitude (Ladakh/Sikkim),54,52.0,3,0.11,5.3,3,5,34.2,10.7,0.14,1
PERS_4861,Head Constable,Peace Station (HQ),10,60.4,1,0.28,5.1,4,3,67.1,7.1,0.68,0
PERS_4862,Constable,Dense Forest (Bastar),86,64.6,2,0.17,6.2,3,8,72.8,11.5,0.05,2
PERS_4863,Constable,High Altitude (Ladakh/Sikkim),55,64.7,3,0.48,3.7,3,9,34.8,14.9,0.12,2
PERS_4864,Constable,Border Outpost (Thar),64,62.2,2,0.69,5.2,2,7,55.3,11.0,0.12,2
PERS_4865,Constable,Dense Forest (Bastar),37,54.1,2,0.53,5.4,3,5,39.0,9.4,0.25,1
PERS_4866,Constable,High Altitude (Ladakh/Sikkim),10,36.6,0,0.41,7.9,5,1,16.0,1.0,0.0,0
PERS_4867,Head Constable,Dense Forest (Bastar),29,47.4,0,0.13,7.6,4,1,16.5,3.4,0.15,0
PERS_4868,Head Constable,High Altitude (Ladakh/Sikkim),29,45.8,2,0.2,5.2,4,3,31.3,4.6,0.69,1
PERS_4869,Constable,High Altitude (Ladakh/Sikkim),49,44.0,3,0.21,5.5,3,6,57.5,8.4,0.01,1
PERS_4870,Constable,Border Outpost (Thar),9,43.2,3,0.41,6.5,4,1,25.6,2.1,0.03,0
PERS_4871,Constable,Peace Station (HQ),38,37.2,2,0.27,6.3,4,2,62.3,5.0,0.12,0
PERS_4872,Constable,Border Outpost (Thar),17,58.5,3,0.44,4.1,3,8,16.7,9.5,0.04,2
PERS_4873,ASI,High Altitude (Ladakh/Sikkim),35,40.9,2,0.41,6.3,4,4,8.5,5.1,0.08,0
PERS_4874,Constable,Dense Forest (Bastar),34,59.5,2,0.14,5.1,4,5,74.7,10.1,0.03,1
PERS_4875,Constable,Border Outpost (Thar),37,65.0,3,0.25,5.1,3,6,58.2,15.0,0.07,1
PERS_4876,Constable,Peace Station (HQ),49,45.2,2,0.04,6.3,5,3,13.3,5.7,0.05,0
PERS_4877,Sub-Inspector,High Altitude (Ladakh/Sikkim),121,54.6,2,0.34,5.3,2,8,22.4,10.7,0.06,2
PERS_4878,Head Constable,Border Outpost (Thar),23,55.3,1,0.28,6.7,4,3,22.4,7.1,0.03,0
PERS_4879,Constable,Border Outpost (Thar),126,56.2,3,0.05,5.2,2,9,24.9,10.7,0.01,2
PERS_4880,Head Constable,Border Outpost (Thar),43,44.3,0,0.13,6.4,4,1,22.2,5.5,0.03,0
PERS_4881,Head Constable,Border Outpost (Thar),26,55.0,1,0.08,5.8,3,4,22.3,7.3,0.12,1
PERS_4882,Inspector,Dense Forest (Bastar),53,45.9,2,0.48,5.9,3,4,31.4,7.3,0.01,1
PERS_4883,Constable,Peace Station (HQ),12,70.6,4,0.41,5.1,3,6,30.6,14.7,0.01,2
PERS_4884,Sub-Inspector,Peace Station (HQ),11,54.7,3,0.47,5.2,4,5,44.2,7.9,0.09,1
PERS_4885,Sub-Inspector,High Altitude (Ladakh/Sikkim),12,55.9,1,0.16,5.3,4,3,56.1,6.2,0.8,1
PERS_4886,Sub-Inspector,Counter-Insurgency (J&K),31,50.2,2,0.52,5.9,4,4,37.6,7.1,0.11,0
PERS_4887,Head Constable,Dense Forest (Bastar),45,71.1,3,0.6,4.7,2,9,11.2,12.0,0.03,2
PERS_4888,Head Constable,High Altitude (Ladakh/Sikkim),12,41.8,2,0.06,6.4,5,2,53.8,6.1,0.07,0
PERS_4889,Constable,High Altitude (Ladakh/Sikkim),97,65.3,2,0.22,5.7,1,7,16.0,11.0,0.05,2
PERS_4890,ASI,Border Outpost (Thar),87,43.3,2,0.16,6.9,4,4,58.7,7.1,0.03,0
PERS_4891,Head Constable,Counter-Insurgency (J&K),34,74.3,1,0.13,5.4,3,6,13.7,10.4,0.01,1
PERS_4892,Head Constable,Counter-Insurgency (J&K),10,57.2,3,0.21,5.5,4,3,62.1,8.9,0.05,1
PERS_4893,Constable,Dense Forest (Bastar),45,43.1,3,0.33,6.7,5,4,42.7,5.5,0.01,0
PERS_4894,Head Constable,Counter-Insurgency (J&K),10,54.3,2,0.13,6.4,5,3,10.1,6.1,0.08,0
PERS_4895,ASI,High Altitude (Ladakh/Sikkim),49,63.5,2,0.32,4.5,3,7,41.5,10.4,0.04,1
PERS_4896,Constable,Counter-Insurgency (J&K),59,45.0,4,0.28,4.8,3,6,10.0,9.7,0.0,1
PERS_4897,ASI,Counter-Insurgency (J&K),48,48.2,1,0.29,6.9,5,2,46.2,4.7,0.15,0
PERS_4898,Head Constable,Peace Station (HQ),103,48.4,1,0.68,6.0,3,3,89.1,6.6,0.14,1
PERS_4899,ASI,High Altitude (Ladakh/Sikkim),19,54.7,1,0.52,5.5,4,5,37.6,4.5,0.06,1
PERS_4900,Constable,Counter-Insurgency (J&K),29,52.7,2,0.39,6.4,2,4,31.1,6.6,0.07,1
PERS_4901,Constable,Counter-Insurgency (J&K),38,52.1,3,0.13,5.2,4,3,60.6,10.2,0.71,0
PERS_4902,Sub-Inspector,Border Outpost (Thar),61,46.0,2,0.35,6.7,4,4,22.6,5.1,0.15,1
PERS_4903,Constable,Counter-Insurgency (J&K),59,51.8,2,0.35,6.3,4,5,29.3,9.9,0.04,1
PERS_4904,ASI,Counter-Insurgency (J&K),27,43.5,1,0.8,6.9,4,3,6.9,1.6,0.0,0
PERS_4905,Head Constable,Peace Station (HQ),18,54.6,0,0.1,7.1,5,1,42.7,2.3,0.22,0
PERS_4906,Head Constable,High Altitude (Ladakh/Sikkim),25,40.0,1,0.26,7.4,5,1,11.3,0.4,0.11,0
PERS_4907,Constable,Dense Forest (Bastar),32,43.2,2,0.07,6.9,5,1,21.4,6.8,0.05,0
PERS_4908,Head Constable,High Altitude (Ladakh/Sikkim),60,62.2,3,0.55,4.0,3,8,33.1,12.4,0.12,2
PERS_4909,Constable,Border Outpost (Thar),40,47.6,3,0.63,5.6,4,5,23.2,10.6,0.21,1
PERS_4910,Constable,High Altitude (Ladakh/Sikkim),99,75.5,1,0.13,4.1,1,7,31.8,11.7,0.0,2
PERS_4911,Constable,Counter-Insurgency (J&K),13,51.3,0,0.52,6.6,4,1,8.0,7.8,0.02,0
PERS_4912,Constable,Border Outpost (Thar),93,39.2,3,0.43,5.6,4,7,94.6,7.1,0.01,1
PERS_4913,Inspector,High Altitude (Ladakh/Sikkim),63,41.1,0,0.2,6.8,4,1,16.3,3.3,0.12,0
PERS_4914,Inspector,Border Outpost (Thar),17,43.8,1,0.49,6.9,5,2,71.2,3.6,0.03,0
PERS_4915,Constable,Dense Forest (Bastar),34,58.8,0,0.63,7.3,4,3,25.7,6.0,0.12,0
PERS_4916,Head Constable,High Altitude (Ladakh/Sikkim),49,59.3,2,0.13,5.6,3,5,20.4,9.8,0.06,1
PERS_4917,Constable,Counter-Insurgency (J&K),69,50.1,1,0.22,6.6,3,3,66.8,6.8,0.14,0
PERS_4918,Head Constable,Border Outpost (Thar),16,61.9,1,0.19,4.9,4,5,52.2,10.3,0.22,1
PERS_4919,ASI,Peace Station (HQ),22,53.5,2,0.31,6.8,4,3,34.5,6.2,0.08,0
PERS_4920,Sub-Inspector,Border Outpost (Thar),66,51.4,1,0.22,6.5,4,2,48.3,6.2,0.0,0
PERS_4921,Constable,Peace Station (HQ),26,62.3,1,0.41,6.4,3,3,23.9,10.0,0.05,1
PERS_4922,ASI,Counter-Insurgency (J&K),43,44.2,2,0.41,6.1,5,2,54.5,6.6,0.0,0
PERS_4923,Constable,Dense Forest (Bastar),28,56.4,3,0.13,5.6,4,4,26.7,8.8,0.12,1
PERS_4924,Inspector,Peace Station (HQ),78,62.4,1,0.11,4.9,1,7,45.8,11.6,0.03,2
PERS_4925,Constable,Dense Forest (Bastar),43,58.5,1,0.05,6.1,3,3,35.3,7.6,0.02,0
PERS_4926,Head Constable,Border Outpost (Thar),28,49.2,0,0.16,7.4,3,1,13.8,6.4,0.09,0
PERS_4927,Head Constable,Counter-Insurgency (J&K),27,59.4,2,0.39,6.4,4,4,52.2,7.0,0.2,1
PERS_4928,Head Constable,Peace Station (HQ),47,71.1,3,0.58,5.5,1,9,65.8,13.4,0.03,2
PERS_4929,Constable,Border Outpost (Thar),45,50.9,1,0.1,6.9,4,1,19.2,4.4,0.02,0
PERS_4930,Sub-Inspector,High Altitude (Ladakh/Sikkim),30,51.7,2,0.05,5.2,3,2,53.4,7.8,0.71,1
PERS_4931,Constable,Border Outpost (Thar),81,65.4,1,0.15,5.2,3,6,25.2,9.8,0.08,1
PERS_4932,Head Constable,Dense Forest (Bastar),50,50.3,1,0.55,6.2,3,5,27.4,6.5,0.07,1
PERS_4933,Constable,Counter-Insurgency (J&K),17,46.8,0,0.26,7.8,5,1,26.5,2.0,0.0,0
PERS_4934,Constable,Counter-Insurgency (J&K),78,44.2,3,0.25,5.9,4,4,9.9,7.4,0.08,1
PERS_4935,Head Constable,Border Outpost (Thar),20,32.8,2,0.2,7.2,5,1,58.4,1.3,0.1,0
PERS_4936,Constable,High Altitude (Ladakh/Sikkim),22,38.9,1,0.22,8.3,5,1,56.7,2.0,0.11,0
PERS_4937,Constable,Dense Forest (Bastar),21,58.7,3,0.15,5.0,3,6,39.0,9.8,0.1,1
PERS_4938,Constable,Border Outpost (Thar),37,41.4,1,0.5,6.4,5,1,52.1,5.3,0.11,1
PERS_4939,Constable,Border Outpost (Thar),30,55.9,0,0.13,6.9,4,2,34.8,3.7,0.02,0
PERS_4940,ASI,Counter-Insurgency (J&K),23,65.2,3,0.4,4.1,3,6,18.5,12.7,0.01,2
PERS_4941,Sub-Inspector,Dense Forest (Bastar),18,51.4,1,0.61,5.9,3,3,21.5,6.5,0.09,1
PERS_4942,Constable,High Altitude (Ladakh/Sikkim),90,48.2,3,0.2,5.6,3,6,40.7,12.5,0.0,2
PERS_4943,Constable,Counter-Insurgency (J&K),76,54.3,2,0.5,7.1,2,4,21.2,8.6,0.11,1
PERS_4944,Constable,Border Outpost (Thar),64,58.2,4,0.62,4.4,2,9,29.4,13.7,0.06,2
PERS_4945,Constable,Counter-Insurgency (J&K),45,56.3,2,0.22,6.0,4,3,49.1,6.4,0.03,1
PERS_4946,Head Constable,Counter-Insurgency (J&K),24,51.6,0,0.17,6.7,3,1,37.4,4.8,0.03,0
PERS_4947,Head Constable,Peace Station (HQ),31,57.4,3,0.14,5.2,4,7,49.4,8.5,0.01,1
PERS_4948,Constable,Counter-Insurgency (J&K),31,61.1,1,0.52,6.6,4,4,51.7,5.4,0.02,1
PERS_4949,Constable,Counter-Insurgency (J&K),33,46.5,2,0.07,6.7,5,1,24.2,5.7,0.03,0
PERS_4950,Constable,Dense Forest (Bastar),21,64.1,2,0.15,5.2,3,5,49.9,10.6,0.05,1
PERS_4951,ASI,Counter-Insurgency (J&K),73,58.6,2,0.9,5.3,3,9,15.5,11.4,0.04,2
PERS_4952,Inspector,High Altitude (Ladakh/Sikkim),67,32.4,3,0.25,7.5,5,2,44.9,7.3,0.04,0
PERS_4953,Constable,Border Outpost (Thar),23,48.4,3,0.11,6.7,4,1,33.1,6.4,0.01,0
PERS_4954,Constable,Dense Forest (Bastar),25,48.8,3,0.06,5.7,5,4,28.3,7.0,0.28,0
PERS_4955,ASI,Counter-Insurgency (J&K),34,62.2,3,0.02,5.4,3,5,14.3,9.8,0.13,0
PERS_4956,Sub-Inspector,High Altitude (Ladakh/Sikkim),39,46.1,1,0.51,7.3,5,4,54.5,3.7,0.13,0
PERS_4957,Constable,Border Outpost (Thar),43,53.8,3,0.42,4.9,4,4,44.9,9.2,0.67,1
PERS_4958,Constable,Dense Forest (Bastar),37,37.5,2,0.51,6.6,5,4,47.5,6.2,0.02,1
PERS_4959,Constable,High Altitude (Ladakh/Sikkim),35,43.2,3,0.43,6.4,4,4,27.1,9.4,0.07,0
PERS_4960,Head Constable,Counter-Insurgency (J&K),3,56.3,4,0.27,4.9,4,4,18.0,11.0,0.67,1
PERS_4961,Constable,Peace Station (HQ),28,38.6,1,0.25,6.8,5,1,11.4,3.7,0.12,0
PERS_4962,Constable,Peace Station (HQ),39,61.6,1,0.43,5.4,3,3,30.7,8.6,0.8,1
PERS_4963,Head Constable,Dense Forest (Bastar),31,62.5,3,0.22,5.3,3,6,55.9,11.2,0.04,1
PERS_4964,Constable,High Altitude (Ladakh/Sikkim),58,66.2,0,0.54,5.4,3,6,42.7,10.7,0.02,1
PERS_4965,ASI,Border Outpost (Thar),53,68.8,2,0.14,4.7,3,6,34.4,10.8,0.04,2
PERS_4966,Constable,High Altitude (Ladakh/Sikkim),44,60.2,3,0.06,4.4,2,6,63.1,10.9,0.06,1
PERS_4967,Constable,Peace Station (HQ),74,59.7,0,0.17,6.6,2,2,18.5,7.6,0.17,1
PERS_4968,Head Constable,Dense Forest (Bastar),93,63.5,3,0.2,5.4,2,9,12.9,11.0,0.06,2
PERS_4969,Constable,Counter-Insurgency (J&K),100,58.7,4,0.45,3.1,1,10,32.4,15.4,0.15,2
PERS_4970,Inspector,High Altitude (Ladakh/Sikkim),9,45.2,1,0.59,6.1,4,2,20.4,2.6,0.06,1
PERS_4971,Head Constable,Peace Station (HQ),38,59.5,3,0.71,4.8,2,9,61.9,11.5,0.09,2
PERS_4972,Constable,Border Outpost (Thar),77,60.2,1,0.13,6.4,3,5,14.1,8.8,0.15,1
PERS_4973,Head Constable,Dense Forest (Bastar),25,59.3,3,0.29,4.1,3,6,35.1,11.4,0.09,1
PERS_4974,Constable,Counter-Insurgency (J&K),51,51.0,2,0.38,6.4,4,4,28.8,7.9,0.03,1
PERS_4975,Sub-Inspector,High Altitude (Ladakh/Sikkim),34,50.2,3,0.88,6.4,4,7,5.0,9.3,0.07,2
PERS_4976,Constable,Border Outpost (Thar),22,52.3,1,0.03,6.4,5,1,18.1,5.2,0.01,0
PERS_4977,Head Constable,Counter-Insurgency (J&K),160,62.7,2,0.07,5.5,1,8,12.2,13.4,0.14,2
PERS_4978,Constable,Peace Station (HQ),46,81.0,3,0.68,3.7,2,10,13.2,15.2,0.07,2
PERS_4979,Constable,Peace Station (HQ),12,68.5,1,0.37,4.4,3,5,64.6,10.2,0.12,1
PERS_4980,ASI,Border Outpost (Thar),22,50.2,3,0.56,5.2,3,6,20.0,8.7,0.11,1
PERS_4981,ASI,Peace Station (HQ),25,49.2,4,0.14,5.7,5,6,16.4,7.8,0.04,1
PERS_4982,Constable,Dense Forest (Bastar),71,59.6,2,0.07,5.9,3,7,6.9,11.3,0.06,1
PERS_4983,Constable,Border Outpost (Thar),67,50.4,3,0.16,5.9,3,5,16.5,10.1,0.1,1
PERS_4984,ASI,Peace Station (HQ),23,45.8,2,0.52,6.2,5,3,7.8,7.4,0.03,1
PERS_4985,Sub-Inspector,High Altitude (Ladakh/Sikkim),103,58.7,2,0.44,5.9,2,6,17.9,11.5,0.13,2
PERS_4986,Constable,Peace Station (HQ),29,47.2,0,0.6,7.1,4,1,44.1,4.7,0.07,0
PERS_4987,Head Constable,Dense Forest (Bastar),24,52.2,2,0.44,4.8,3,3,36.1,7.1,0.62,1
PERS_4988,Constable,Counter-Insurgency (J&K),4,52.1,2,0.48,5.3,5,5,27.2,6.9,0.25,1
PERS_4989,Sub-Inspector,Counter-Insurgency (J&K),31,25.0,2,0.34,7.1,5,1,24.4,0.3,0.03,0
PERS_4990,Constable,Peace Station (HQ),65,35.2,1,0.25,6.6,5,2,36.3,4.9,0.04,0
PERS_4991,Constable,Counter-Insurgency (J&K),34,42.9,1,0.46,6.8,4,3,38.1,4.0,0.03,0
PERS_4992,ASI,Peace Station (HQ),81,58.9,2,0.16,5.9,3,6,14.9,9.8,0.0,1
PERS_4993,Constable,Dense Forest (Bastar),28,43.1,1,0.06,8.0,4,1,50.6,3.5,0.08,0
PERS_4994,Head Constable,Counter-Insurgency (J&K),37,74.8,1,0.37,4.6,2,6,19.4,11.9,0.17,2
PERS_4995,Constable,High Altitude (Ladakh/Sikkim),47,61.6,1,0.12,5.4,3,4,49.2,9.1,0.6,0
PERS_4996,Constable,Peace Station (HQ),36,71.2,2,0.11,5.3,3,6,5.9,14.0,0.11,1
PERS_4997,Constable,Counter-Insurgency (J&K),6,57.6,4,0.18,4.3,4,7,30.5,10.0,0.13,2
PERS_4998,Head Constable,Dense Forest (Bastar),69,39.1,3,0.17,6.9,3,3,29.3,5.6,0.03,1
PERS_4999,Constable,Dense Forest (Bastar),41,40.4,1,0.4,7.0,4,3,16.2,4.6,0.06,0
PERS_5000,Head Constable,High Altitude (Ladakh/Sikkim),101,53.0,1,0.15,6.1,4,4,33.0,8.0,0.01,1
PERS_5001,ASI,Dense Forest (Bastar),40,40.0,3,0.17,6.0,4,2,24.7,5.2,0.01,0
PERS_5002,ASI,Dense Forest (Bastar),87,67.5,3,0.36,5.5,3,8,40.8,10.1,0.03,1
PERS_5003,Constable,Counter-Insurgency (J&K),34,49.8,1,0.41,6.4,4,2,22.7,5.0,0.05,0
PERS_5004,Constable,Peace Station (HQ),110,61.1,3,0.43,4.1,1,10,40.8,14.3,0.08,2
PERS_5005,Constable,Border Outpost (Thar),75,69.3,1,0.26,6.4,2,5,46.1,10.0,0.06,1
PERS_5006,Constable,Dense Forest (Bastar),52,72.5,2,0.57,5.1,2,8,25.4,12.5,0.03,2
PERS_5007,Constable,Dense Forest (Bastar),3,45.6,0,0.03,7.3,5,1,33.0,1.0,0.0,0
PERS_5008,Head Constable,Border Outpost (Thar),49,39.3,5,0.15,3.6,4,9,14.6,12.0,0.2,1
PERS_5009,Constable,Dense Forest (Bastar),83,44.4,2,0.64,6.0,4,7,25.8,6.8,0.04,1
PERS_5010,Constable,Counter-Insurgency (J&K),29,62.4,1,0.54,5.7,3,6,24.0,10.0,0.03,1
PERS_5011,Constable,Counter-Insurgency (J&K),10,51.7,2,0.19,5.1,3,2,60.6,8.0,0.61,0
PERS_5012,Head Constable,Border Outpost (Thar),21,41.2,1,0.05,6.7,5,1,26.3,4.3,0.05,0
PERS_5013,Constable,Dense Forest (Bastar),30,58.1,0,0.19,5.8,3,2,120.0,7.0,0.08,0
PERS_5014,Head Constable,Dense Forest (Bastar),61,43.3,1,0.01,7.0,4,2,56.2,4.6,0.03,0
PERS_5015,Constable,Peace Station (HQ),132,43.5,2,0.08,6.9,3,6,16.0,8.3,0.07,1
PERS_5016,Sub-Inspector,Dense Forest (Bastar),67,34.6,0,0.4,8.3,5,1,27.6,1.1,0.17,0
PERS_5017,Sub-Inspector,Counter-Insurgency (J&K),35,37.0,2,0.29,7.2,5,1,94.4,5.5,0.23,0
PERS_5018,Constable,High Altitude (Ladakh/Sikkim),23,61.9,2,0.14,4.9,4,4,21.1,8.1,0.65,0
PERS_5019,Constable,High Altitude (Ladakh/Sikkim),104,56.4,2,0.02,6.6,2,4,11.3,12.1,0.07,1
PERS_5020,Constable,High Altitude (Ladakh/Sikkim),41,51.8,1,0.57,6.5,4,3,51.4,5.1,0.19,0
PERS_5021,Constable,High Altitude (Ladakh/Sikkim),33,53.2,0,0.15,5.5,5,1,30.8,6.2,0.16,0
PERS_5022,Head Constable,Dense Forest (Bastar),36,41.5,1,0.13,7.3,5,1,14.1,3.3,0.01,0
PERS_5023,ASI,Dense Forest (Bastar),49,48.1,1,0.15,6.1,4,2,42.7,6.5,0.02,1
PERS_5024,Head Constable,Peace Station (HQ),36,47.8,2,0.39,6.0,4,6,29.2,7.4,0.06,1
PERS_5025,ASI,Dense Forest (Bastar),22,40.9,3,0.35,6.3,5,4,12.3,7.1,0.13,1
PERS_5026,Constable,High Altitude (Ladakh/Sikkim),83,51.4,1,0.38,6.6,2,6,79.8,6.6,0.05,1
PERS_5027,Constable,Border Outpost (Thar),31,49.9,2,0.26,6.6,5,2,25.8,8.3,0.07,0
PERS_5028,Head Constable,Border Outpost (Thar),42,49.7,0,0.08,7.0,4,1,32.3,5.7,0.01,0
PERS_5029,Constable,Counter-Insurgency (J&K),38,56.1,1,0.41,6.9,3,3,31.0,6.2,0.08,0
PERS_5030,Head Constable,Counter-Insurgency (J&K),46,47.7,2,0.02,5.9,4,2,29.0,9.7,0.16,0
PERS_5031,Constable,Dense Forest (Bastar),14,64.8,2,0.2,5.8,4,4,21.1,8.5,0.12,1
PERS_5032,Constable,Border Outpost (Thar),14,39.1,3,0.15,5.4,5,3,5.0,7.2,0.63,0
PERS_5033,Inspector,High Altitude (Ladakh/Sikkim),35,46.2,2,0.18,5.4,4,4,14.9,7.1,0.68,1
PERS_5034,Constable,High Altitude (Ladakh/Sikkim),132,65.1,0,0.04,6.3,1,6,31.8,9.2,0.03,1
PERS_5035,Inspector,High Altitude (Ladakh/Sikkim),26,56.8,2,0.07,4.9,3,2,41.8,12.3,0.68,1
PERS_5036,Inspector,Dense Forest (Bastar),36,39.5,3,0.08,6.7,5,1,24.4,6.2,0.03,0
PERS_5037,ASI,Dense Forest (Bastar),18,48.8,2,0.49,6.3,3,3,54.5,5.7,0.01,1
PERS_5038,Head Constable,Peace Station (HQ),53,61.3,4,0.13,5.0,2,5,13.0,13.0,0.08,1
PERS_5039,Head Constable,High Altitude (Ladakh/Sikkim),27,34.7,0,0.4,8.2,5,1,78.9,1.3,0.17,0
PERS_5040,ASI,High Altitude (Ladakh/Sikkim),14,48.5,3,0.43,6.3,4,4,30.4,5.9,0.05,1
PERS_5041,Constable,Dense Forest (Bastar),25,35.6,1,0.19,8.0,5,1,18.2,1.5,0.11,0
PERS_5042,Head Constable,Dense Forest (Bastar),24,42.3,2,0.25,6.6,5,2,18.4,5.8,0.12,0
PERS_5043,Head Constable,Peace Station (HQ),59,54.8,2,0.19,5.7,4,5,41.1,9.7,0.01,1
PERS_5044,Constable,Peace Station (HQ),19,47.7,1,0.37,7.3,5,2,62.0,4.4,0.12,0
PERS_5045,Constable,Counter-Insurgency (J&K),29,39.5,5,0.4,6.4,5,3,27.6,5.4,0.01,1
PERS_5046,Constable,Border Outpost (Thar),33,63.5,0,0.13,5.9,3,3,12.4,6.8,0.16,0
PERS_5047,Head Constable,High Altitude (Ladakh/Sikkim),21,46.8,1,0.41,7.3,5,1,41.4,5.2,0.13,0
PERS_5048,ASI,High Altitude (Ladakh/Sikkim),18,55.3,3,0.39,5.1,3,6,19.9,11.0,0.24,1
PERS_5049,Constable,Peace Station (HQ),29,65.9,1,0.09,5.3,3,2,50.1,9.4,0.69,1
PERS_5050,Sub-Inspector,Peace Station (HQ),33,44.5,1,0.17,7.1,4,2,42.8,3.6,0.04,0
PERS_5051,Head Constable,Counter-Insurgency (J&K),36,57.8,2,0.46,6.0,4,5,32.2,8.9,0.1,1
PERS_5052,ASI,Border Outpost (Thar),13,53.5,3,0.13,5.7,3,4,87.3,9.8,0.0,1
PERS_5053,Head Constable,Counter-Insurgency (J&K),32,37.3,4,0.43,6.0,5,4,13.0,6.7,0.07,1
PERS_5054,ASI,Border Outpost (Thar),56,65.7,3,0.47,4.7,2,6,37.6,16.5,0.15,2
PERS_5055,Constable,High Altitude (Ladakh/Sikkim),62,55.2,3,0.33,4.5,2,8,34.5,8.8,0.01,2
PERS_5056,ASI,Counter-Insurgency (J&K),32,45.9,4,0.15,5.4,4,4,36.0,10.2,0.62,1
PERS_5057,Constable,Peace Station (HQ),12,33.0,2,0.29,7.8,5,1,36.0,1.4,0.03,0
PERS_5058,Sub-Inspector,Counter-Insurgency (J&K),26,37.9,1,0.18,7.9,5,1,7.6,0.3,0.05,0
PERS_5059,Inspector,Counter-Insurgency (J&K),64,53.3,2,0.16,5.4,3,6,49.4,9.6,0.05,1
PERS_5060,Constable,High Altitude (Ladakh/Sikkim),21,36.7,1,0.14,7.6,5,1,33.7,1.9,0.0,0
PERS_5061,Constable,Peace Station (HQ),38,58.1,0,0.18,6.7,4,2,51.0,5.4,0.05,0
PERS_5062,ASI,Peace Station (HQ),41,48.3,3,0.22,6.7,3,4,88.2,6.8,0.01,1
PERS_5063,Constable,Dense Forest (Bastar),49,37.3,4,0.27,6.4,5,5,8.6,7.0,0.2,1
PERS_5064,ASI,Dense Forest (Bastar),10,42.4,2,0.32,6.7,5,2,11.8,4.9,0.11,0
PERS_5065,Constable,Dense Forest (Bastar),36,41.0,1,0.15,7.4,4,1,31.9,4.0,0.05,0
PERS_5066,Constable,High Altitude (Ladakh/Sikkim),41,39.9,2,0.58,6.2,4,3,42.6,7.5,0.12,1
PERS_5067,Inspector,Counter-Insurgency (J&K),23,28.1,1,0.57,8.0,5,1,19.0,1.9,0.0,0
PERS_5068,Head Constable,Peace Station (HQ),60,55.0,1,0.63,7.4,3,4,32.9,6.5,0.2,1
PERS_5069,ASI,Peace Station (HQ),16,40.1,2,0.74,6.6,4,3,54.7,2.2,0.2,0
PERS_5070,Constable,Counter-Insurgency (J&K),64,73.2,1,0.75,4.8,2,8,24.2,11.1,0.01,2
PERS_5071,Head Constable,Peace Station (HQ),39,61.8,1,0.12,6.5,3,2,26.2,11.4,0.13,0
PERS_5072,Head Constable,Counter-Insurgency (J&K),16,65.9,3,0.37,4.4,3,6,21.6,14.5,0.26,1
PERS_5073,Head Constable,High Altitude (Ladakh/Sikkim),34,58.6,2,0.13,4.9,3,4,42.7,10.1,0.65,1
PERS_5074,Head Constable,High Altitude (Ladakh/Sikkim),21,44.3,0,0.12,8.2,5,1,39.3,1.3,0.17,0
PERS_5075,Head Constable,High Altitude (Ladakh/Sikkim),16,52.8,2,0.35,5.6,4,3,34.9,6.2,0.02,0
PERS_5076,Constable,Counter-Insurgency (J&K),43,49.3,0,0.06,6.9,4,1,16.6,4.0,0.05,0
PERS_5077,Constable,Counter-Insurgency (J&K),65,57.9,4,0.26,4.5,3,8,69.2,13.2,0.04,2
PERS_5078,ASI,Border Outpost (Thar),125,69.4,1,0.32,6.4,2,7,30.6,10.6,0.03,2
PERS_5079,Constable,Peace Station (HQ),14,55.4,3,0.43,4.0,3,5,29.1,8.1,0.21,1
PERS_5080,Head Constable,Peace Station (HQ),22,50.3,3,0.38,5.9,4,5,50.1,6.6,0.0,1
PERS_5081,Constable,Border Outpost (Thar),40,52.7,2,0.17,5.1,4,3,15.4,10.8,0.63,1
PERS_5082,Head Constable,Border Outpost (Thar),72,57.4,1,0.03,6.7,2,3,18.4,7.7,0.06,1
PERS_5083,Head Constable,High Altitude (Ladakh/Sikkim),7,59.8,3,0.48,4.6,4,7,14.9,10.8,0.04,2
PERS_5084,Constable,Border Outpost (Thar),25,45.6,1,0.07,6.6,5,1,14.7,5.1,0.11,0
PERS_5085,Constable,Counter-Insurgency (J&K),26,48.0,1,0.28,6.4,3,2,17.7,5.6,0.14,0
PERS_5086,Constable,Dense Forest (Bastar),88,51.7,1,0.05,6.4,4,2,47.5,5.9,0.03,0
PERS_5087,Head Constable,Counter-Insurgency (J&K),73,56.7,2,0.21,5.0,4,4,46.9,12.7,0.84,1
PERS_5088,ASI,Border Outpost (Thar),24,56.8,1,0.18,6.7,4,2,16.6,6.9,0.0,0
PERS_5089,Constable,Peace Station (HQ),24,53.4,4,0.47,4.5,3,6,68.6,10.3,0.03,2
PERS_5090,Head Constable,Counter-Insurgency (J&K),24,49.8,1,0.13,6.2,5,2,60.2,5.4,0.02,0
PERS_5091,Constable,Peace Station (HQ),34,62.1,3,0.24,4.2,3,7,21.2,11.2,0.16,2
PERS_5092,Head Constable,Counter-Insurgency (J&K),36,43.7,0,0.44,7.9,5,2,14.6,1.6,0.03,0
PERS_5093,Sub-Inspector,Peace Station (HQ),63,39.3,1,0.17,7.0,4,2,30.2,4.8,0.01,0
PERS_5094,Constable,Counter-Insurgency (J&K),5,51.7,1,0.67,7.3,5,2,103.5,-0.3,0.06,0
PERS_5095,Head Constable,Peace Station (HQ),47,52.3,4,0.31,3.1,3,9,55.3,11.6,0.02,2
PERS_5096,Constable,Dense Forest (Bastar),27,49.0,0,0.07,7.4,5,1,45.5,2.0,0.02,0
PERS_5097,Constable,High Altitude (Ladakh/Sikkim),55,40.3,2,0.12,5.9,3,2,13.3,6.4,0.17,0
PERS_5098,Constable,Counter-Insurgency (J&K),33,53.3,1,0.44,5.8,3,4,53.5,4.3,0.07,1
PERS_5099,Constable,Dense Forest (Bastar),70,73.0,3,0.16,4.2,2,9,10.8,12.6,0.04,2
PERS_5100,Head Constable,High Altitude (Ladakh/Sikkim),24,37.1,1,0.08,7.6,5,1,91.3,1.4,0.06,0
PERS_5101,Constable,Counter-Insurgency (J&K),27,49.1,1,0.26,8.2,4,2,16.9,4.8,0.04,0
PERS_5102,Head Constable,Dense Forest (Bastar),6,49.4,2,0.55,5.6,5,3,8.8,9.2,0.23,0
PERS_5103,Constable,Dense Forest (Bastar),33,46.9,1,0.07,6.2,5,3,53.6,6.6,0.13,0
PERS_5104,Constable,Dense Forest (Bastar),5,50.1,2,0.08,5.6,5,2,20.8,7.0,0.32,0
PERS_5105,Head Constable,Border Outpost (Thar),44,47.9,1,0.46,6.3,4,2,26.2,7.7,0.11,0
PERS_5106,Inspector,Peace Station (HQ),63,55.8,2,0.02,6.3,4,5,41.3,9.2,0.06,1
PERS_5107,Constable,High Altitude (Ladakh/Sikkim),65,52.0,1,0.25,6.4,3,4,50.4,9.2,0.06,0
PERS_5108,Sub-Inspector,Peace Station (HQ),70,49.6,1,0.38,7.5,4,4,34.6,5.9,0.11,1
PERS_5109,Head Constable,Peace Station (HQ),112,58.4,2,0.28,6.3,2,5,33.7,13.9,0.09,2
PERS_5110,Head Constable,Peace Station (HQ),75,60.3,0,0.18,6.7,3,1,15.8,5.2,0.17,1
PERS_5111,Head Constable,Dense Forest (Bastar),51,37.5,2,0.19,6.5,5,3,18.4,5.8,0.05,0
PERS_5112,Constable,Peace Station (HQ),34,58.3,2,0.1,4.4,3,6,57.3,8.2,0.03,1
PERS_5113,Constable,Border Outpost (Thar),31,43.8,3,0.36,5.9,5,3,33.2,8.0,0.01,1
PERS_5114,Head Constable,Counter-Insurgency (J&K),39,58.1,1,0.11,5.5,4,4,19.3,8.8,0.04,1
PERS_5115,Constable,Dense Forest (Bastar),63,47.6,2,0.1,6.1,4,4,24.4,8.9,0.14,0
PERS_5116,Sub-Inspector,High Altitude (Ladakh/Sikkim),114,66.5,1,0.08,5.3,2,6,43.8,12.8,0.01,2
PERS_5117,Constable,Counter-Insurgency (J&K),22,49.7,1,0.24,6.2,4,1,61.5,6.7,0.09,0
PERS_5118,Constable,Counter-Insurgency (J&K),68,45.5,2,0.2,6.3,4,5,30.7,8.3,0.12,0
PERS_5119,Head Constable,Counter-Insurgency (J&K),40,47.6,1,0.19,5.5,3,2,22.8,6.1,0.01,0
PERS_5120,Constable,Peace Station (HQ),64,66.3,2,0.12,4.7,2,5,17.6,12.0,0.05,2
PERS_5121,Head Constable,Peace Station (HQ),76,56.1,2,0.15,6.4,3,4,39.6,12.6,0.08,1
PERS_5122,Head Constable,Dense Forest (Bastar),16,45.0,2,0.61,6.9,5,1,19.0,4.5,0.11,0
PERS_5123,Sub-Inspector,Peace Station (HQ),18,61.2,0,0.31,6.2,3,2,23.1,5.7,0.03,1
PERS_5124,ASI,Peace Station (HQ),52,61.8,1,0.1,4.7,3,3,26.3,11.4,0.69,1
PERS_5125,Head Constable,Peace Station (HQ),116,51.2,1,0.07,6.2,3,4,36.7,8.6,0.14,1
PERS_5126,Head Constable,Dense Forest (Bastar),65,52.5,1,0.18,6.0,4,4,21.5,9.5,0.14,0
PERS_5127,Sub-Inspector,Dense Forest (Bastar),21,32.5,0,0.41,8.1,5,1,54.2,-1.1,0.18,0
PERS_5128,Constable,Border Outpost (Thar),43,61.0,2,0.14,5.4,4,4,56.8,11.0,0.64,1
PERS_5129,Constable,Border Outpost (Thar),59,53.9,2,0.26,6.1,4,6,13.5,7.5,0.12,1
PERS_5130,Constable,Border Outpost (Thar),22,56.9,0,0.4,5.6,4,3,29.8,7.3,0.22,1
PERS_5131,Constable,Border Outpost (Thar),31,31.8,2,0.17,6.0,5,2,78.2,3.4,0.02,0
PERS_5132,Head Constable,Counter-Insurgency (J&K),53,50.5,4,0.3,4.8,4,7,9.2,11.4,0.08,2
PERS_5133,Head Constable,Counter-Insurgency (J&K),20,51.7,0,0.33,6.2,4,1,29.4,4.1,0.26,0
PERS_5134,Head Constable,Border Outpost (Thar),35,30.3,1,0.05,7.7,4,1,32.9,1.2,0.01,0
PERS_5135,Constable,Border Outpost (Thar),27,57.3,2,0.07,5.6,4,4,22.1,10.1,0.0,1
PERS_5136,Head Constable,High Altitude (Ladakh/Sikkim),51,49.9,1,0.23,5.7,5,2,15.1,8.0,0.06,1
PERS_5137,Constable,Counter-Insurgency (J&K),32,33.7,2,0.19,7.1,5,1,93.7,3.9,0.09,0
PERS_5138,Head Constable,High Altitude (Ladakh/Sikkim),21,45.0,1,0.64,7.2,5,1,29.0,7.0,0.16,1
PERS_5139,Head Constable,High Altitude (Ladakh/Sikkim),27,55.3,1,0.06,7.1,4,1,80.0,7.1,0.04,0
PERS_5140,Constable,Peace Station (HQ),61,45.0,0,0.1,6.5,3,3,24.3,3.8,0.17,0
PERS_5141,Constable,Dense Forest (Bastar),57,53.2,1,0.25,6.1,4,3,37.0,7.0,0.06,1
PERS_5142,Constable,Counter-Insurgency (J&K),45,48.2,1,0.1,6.2,4,3,18.4,6.1,0.24,1
PERS_5143,ASI,Border Outpost (Thar),6,28.7,1,0.22,8.9,5,1,11.3,1.0,0.13,0
PERS_5144,Sub-Inspector,Border Outpost (Thar),40,58.2,1,0.13,4.9,3,4,30.9,10.2,0.64,1
PERS_5145,Head Constable,Dense Forest (Bastar),41,60.2,2,0.19,5.8,3,5,32.9,8.9,0.23,0
PERS_5146,Constable,Counter-Insurgency (J&K),29,62.4,1,0.7,5.5,4,4,34.7,9.9,0.17,2
PERS_5147,Constable,Border Outpost (Thar),45,52.6,3,0.12,4.8,3,6,34.2,9.8,0.07,1
PERS_5148,Head Constable,Border Outpost (Thar),41,56.9,1,0.05,5.9,4,3,28.2,6.5,0.16,1
PERS_5149,ASI,Peace Station (HQ),30,34.9,1,0.64,7.5,5,2,18.1,3.1,0.04,0
PERS_5150,Constable,High Altitude (Ladakh/Sikkim),71,57.5,0,0.21,5.3,3,3,37.2,6.6,0.65,1
PERS_5151,Constable,Border Outpost (Thar),54,50.2,2,0.32,5.8,2,4,57.3,8.4,0.01,1
PERS_5152,Head Constable,Counter-Insurgency (J&K),33,50.5,2,0.05,5.8,4,3,31.8,8.3,0.12,0
PERS_5153,Constable,Dense Forest (Bastar),50,41.8,0,0.29,6.4,5,2,18.4,3.2,0.05,0
PERS_5154,Constable,Peace Station (HQ),26,61.8,1,0.61,6.2,4,6,36.2,7.3,0.05,1
PERS_5155,Constable,Counter-Insurgency (J&K),84,39.9,5,0.48,4.6,4,9,36.1,11.2,0.12,2
PERS_5156,Head Constable,Peace Station (HQ),59,56.6,3,0.17,5.9,4,5,61.2,13.0,0.02,1
PERS_5157,ASI,High Altitude (Ladakh/Sikkim),87,47.5,1,0.16,6.3,4,5,72.6,6.1,0.02,1
PERS_5158,Inspector,Border Outpost (Thar),11,70.3,2,0.28,3.5,1,7,46.1,13.0,0.07,1
PERS_5159,Head Constable,Counter-Insurgency (J&K),76,62.6,1,0.47,6.6,3,4,21.0,8.5,0.19,1
PERS_5160,Head Constable,Dense Forest (Bastar),57,53.4,0,0.46,5.9,4,6,39.2,7.6,0.12,1
PERS_5161,Constable,High Altitude (Ladakh/Sikkim),22,39.9,3,0.61,5.8,5,6,25.8,4.9,0.03,0
PERS_5162,Head Constable,High Altitude (Ladakh/Sikkim),29,59.8,2,0.11,5.0,4,4,30.1,9.8,0.69,1
PERS_5163,Constable,Peace Station (HQ),21,25.0,1,0.29,7.6,5,1,37.6,-1.9,0.06,0
PERS_5164,Head Constable,High Altitude (Ladakh/Sikkim),24,54.2,3,0.05,5.4,3,3,35.7,7.2,0.67,1
PERS_5165,Constable,Counter-Insurgency (J&K),101,63.2,2,0.13,5.9,2,5,33.0,11.5,0.1,1
PERS_5166,Constable,Peace Station (HQ),17,54.2,0,0.5,5.4,3,1,46.7,5.5,0.83,1
PERS_5167,Constable,High Altitude (Ladakh/Sikkim),54,61.8,1,0.27,5.6,2,4,114.4,8.2,0.16,1
PERS_5168,Constable,Dense Forest (Bastar),27,45.1,2,0.37,6.9,5,1,16.3,3.9,0.03,0
PERS_5169,Constable,Counter-Insurgency (J&K),28,56.3,0,0.61,6.5,4,4,26.9,5.1,0.09,0
PERS_5170,Constable,Dense Forest (Bastar),13,42.6,2,0.3,6.6,5,1,58.3,4.3,0.14,0
PERS_5171,Inspector,Dense Forest (Bastar),15,41.2,1,0.35,7.6,5,1,51.2,4.6,0.04,0
PERS_5172,Constable,Peace Station (HQ),62,43.9,1,0.44,5.9,2,3,28.1,8.1,0.12,1
PERS_5173,Head Constable,Border Outpost (Thar),89,54.4,3,0.37,5.4,3,8,52.8,10.9,0.25,2
PERS_5174,Sub-Inspector,Peace Station (HQ),37,62.8,5,0.77,4.4,4,10,22.7,14.6,0.06,2
PERS_5175,Inspector,Counter-Insurgency (J&K),15,66.7,2,0.27,5.3,3,5,98.2,10.9,0.03,1
PERS_5176,Head Constable,Counter-Insurgency (J&K),33,48.6,2,0.03,5.7,4,4,26.2,6.8,0.08,1
PERS_5177,ASI,Peace Station (HQ),35,45.1,3,0.51,4.8,4,5,44.8,7.6,0.09,2
PERS_5178,Constable,Border Outpost (Thar),79,69.2,2,0.43,5.0,2,7,19.6,13.2,0.02,2
PERS_5179,Constable,Peace Station (HQ),54,57.7,1,0.46,5.6,3,5,31.0,8.6,0.06,1
PERS_5180,Constable,Counter-Insurgency (J&K),74,55.7,1,0.08,6.5,4,3,26.3,6.6,0.02,0
PERS_5181,Head Constable,Border Outpost (Thar),59,42.8,2,0.14,6.0,3,4,41.5,7.8,0.12,1
PERS_5182,Head Constable,Counter-Insurgency (J&K),35,65.8,1,0.06,6.3,3,2,6.5,10.7,0.11,1
PERS_5183,Constable,Border Outpost (Thar),18,50.7,1,0.07,7.0,4,1,11.3,6.1,0.05,0
PERS_5184,Constable,Border Outpost (Thar),15,49.5,2,0.51,5.3,4,5,67.6,9.9,0.04,1
PERS_5185,Head Constable,Peace Station (HQ),108,64.2,1,0.35,6.6,2,8,35.4,12.6,0.05,2
PERS_5186,Constable,Peace Station (HQ),51,53.3,1,0.26,5.4,2,3,54.5,8.8,0.64,0
PERS_5187,Head Constable,Peace Station (HQ),30,65.7,1,0.08,5.9,4,3,26.8,6.4,0.19,1
PERS_5188,Head Constable,Border Outpost (Thar),42,62.3,1,0.17,5.6,4,3,28.5,8.5,0.23,1
PERS_5189,Head Constable,Border Outpost (Thar),65,48.9,3,0.49,5.5,3,7,22.3,11.1,0.08,2
PERS_5190,ASI,Counter-Insurgency (J&K),19,50.8,2,0.64,6.6,5,3,42.2,7.2,0.02,0
PERS_5191,Sub-Inspector,Dense Forest (Bastar),42,46.3,3,0.39,6.0,5,5,27.3,9.0,0.02,0
PERS_5192,Head Constable,Peace Station (HQ),66,73.5,2,0.29,3.8,1,7,31.9,12.1,0.01,2
PERS_5193,Head Constable,Counter-Insurgency (J&K),49,45.7,2,0.3,5.9,4,5,92.3,8.1,0.08,1
PERS_5194,Head Constable,Counter-Insurgency (J&K),33,50.1,2,0.37,6.3,4,3,15.4,7.3,0.08,0
PERS_5195,Constable,High Altitude (Ladakh/Sikkim),40,55.6,1,0.54,6.8,4,5,35.5,7.8,0.03,1
PERS_5196,Constable,Peace Station (HQ),98,62.9,2,0.34,5.7,3,9,99.9,12.5,0.02,2
PERS_5197,Constable,Counter-Insurgency (J&K),15,56.2,2,0.09,5.5,4,3,24.3,10.7,0.13,1
PERS_5198,Constable,High Altitude (Ladakh/Sikkim),9,56.9,4,0.41,4.5,3,6,12.5,12.0,0.12,2
PERS_5199,Head Constable,Peace Station (HQ),48,59.7,3,0.05,6.2,3,4,27.1,11.1,0.12,1
PERS_5200,ASI,Border Outpost (Thar),70,50.7,1,0.22,6.9,3,3,11.6,4.3,0.07,0
PERS_5201,Constable,High Altitude (Ladakh/Sikkim),39,46.4,0,0.11,7.0,4,1,26.3,5.2,0.08,0
PERS_5202,Constable,Border Outpost (Thar),8,49.2,2,0.25,6.1,4,2,16.4,7.0,0.28,0
PERS_5203,Inspector,Dense Forest (Bastar),69,49.4,0,0.24,6.3,3,2,18.3,5.0,0.14,0
PERS_5204,Constable,Dense Forest (Bastar),83,49.7,0,0.28,6.7,2,2,12.0,4.4,0.05,1
PERS_5205,Head Constable,Dense Forest (Bastar),27,46.5,1,0.27,6.3,4,3,62.1,4.6,0.13,0
PERS_5206,Head Constable,Dense Forest (Bastar),43,73.3,1,0.08,4.8,2,4,35.8,13.7,0.63,1
PERS_5207,Head Constable,Counter-Insurgency (J&K),10,64.4,2,0.13,5.8,4,3,23.9,12.9,0.09,1
PERS_5208,Constable,Dense Forest (Bastar),14,47.0,2,0.22,5.4,5,3,13.1,6.2,0.61,1
PERS_5209,Constable,Counter-Insurgency (J&K),48,32.1,4,0.23,6.1,5,5,81.3,5.2,0.02,1
PERS_5210,Constable,Counter-Insurgency (J&K),102,52.3,1,0.17,5.7,2,6,48.7,10.3,0.06,1
PERS_5211,Head Constable,Peace Station (HQ),59,62.7,1,0.06,5.8,3,3,88.3,8.8,0.06,1
PERS_5212,Head Constable,Counter-Insurgency (J&K),23,34.6,2,0.13,7.7,5,1,59.9,4.2,0.24,0
PERS_5213,Constable,Counter-Insurgency (J&K),67,60.7,1,0.13,6.2,3,3,65.7,10.2,0.01,1
PERS_5214,Head Constable,Dense Forest (Bastar),8,54.2,3,0.28,5.4,4,5,14.5,7.3,0.07,1
PERS_5215,ASI,Counter-Insurgency (J&K),1,48.3,1,0.15,7.2,5,1,27.1,4.1,0.25,0
PERS_5216,Constable,Border Outpost (Thar),35,51.1,4,0.11,5.6,4,4,28.8,6.6,0.06,1
PERS_5217,Head Constable,Dense Forest (Bastar),95,48.5,1,0.44,6.3,2,5,56.7,8.7,0.09,1
PERS_5218,Head Constable,High Altitude (Ladakh/Sikkim),114,66.4,3,0.2,3.5,1,10,10.0,15.0,0.04,2
PERS_5219,Constable,Dense Forest (Bastar),18,52.9,2,0.08,6.5,5,1,20.0,5.8,0.3,0
PERS_5220,Constable,Counter-Insurgency (J&K),20,45.2,3,0.14,5.1,4,4,15.3,7.8,0.67,1
PERS_5221,Head Constable,Border Outpost (Thar),7,40.8,2,0.18,5.9,5,1,58.8,4.7,0.22,0
PERS_5222,Sub-Inspector,Dense Forest (Bastar),51,41.2,2,0.52,6.4,5,4,19.6,5.1,0.13,0
PERS_5223,ASI,Border Outpost (Thar),3,52.0,2,0.37,5.5,4,2,23.9,6.4,0.02,0
PERS_5224,Head Constable,High Altitude (Ladakh/Sikkim),28,48.8,3,0.18,4.9,5,4,44.4,8.7,0.61,0
PERS_5225,Head Constable,High Altitude (Ladakh/Sikkim),50,51.1,3,0.59,5.4,4,6,14.9,9.5,0.06,1
PERS_5226,Constable,Peace Station (HQ),28,35.2,1,0.38,7.2,5,1,37.8,4.1,0.13,0
PERS_5227,Head Constable,Peace Station (HQ),67,43.7,1,0.55,7.1,5,3,44.8,8.2,0.03,0
PERS_5228,Head Constable,Dense Forest (Bastar),75,43.5,0,0.28,7.3,5,3,67.9,5.0,0.1,0
PERS_5229,Constable,Peace Station (HQ),20,57.7,1,0.25,6.2,5,2,15.9,7.2,0.11,0
PERS_5230,Head Constable,Border Outpost (Thar),43,54.0,3,0.16,5.2,3,5,66.1,7.7,0.05,1
PERS_5231,Head Constable,Peace Station (HQ),127,57.9,0,0.32,6.6,2,7,6.2,8.0,0.02,1
PERS_5232,Constable,Border Outpost (Thar),89,68.0,2,0.35,4.7,1,7,45.1,11.0,0.07,2
PERS_5233,Sub-Inspector,Peace Station (HQ),24,60.0,2,0.15,5.3,3,4,21.6,7.4,0.68,1
PERS_5234,Constable,Peace Station (HQ),14,60.5,3,0.2,4.4,4,5,20.2,11.9,0.04,2
PERS_5235,Constable,Peace Station (HQ),25,48.1,2,0.31,5.6,4,4,36.8,6.5,0.06,0
PERS_5236,Constable,Counter-Insurgency (J&K),59,39.8,1,0.27,7.1,5,2,25.1,5.2,0.02,0
PERS_5237,ASI,Counter-Insurgency (J&K),19,67.0,4,0.22,5.2,2,7,43.2,13.5,0.09,1
PERS_5238,Head Constable,Peace Station (HQ),119,65.1,0,0.25,6.3,1,6,16.0,9.6,0.04,2
PERS_5239,Constable,Border Outpost (Thar),16,55.0,3,0.53,5.0,3,6,12.5,8.1,0.1,1
PERS_5240,Head Constable,Dense Forest (Bastar),42,59.0,0,0.02,5.5,3,3,27.4,6.9,0.04,0
PERS_5241,Constable,High Altitude (Ladakh/Sikkim),15,77.1,1,0.07,5.2,3,4,47.7,8.4,0.62,1
PERS_5242,ASI,Counter-Insurgency (J&K),9,47.9,3,0.32,6.4,5,2,16.3,5.7,0.09,0
PERS_5243,Head Constable,Peace Station (HQ),71,69.5,2,0.07,5.1,2,7,16.1,16.2,0.12,2
PERS_5244,Constable,High Altitude (Ladakh/Sikkim),53,44.8,1,0.3,7.0,5,2,46.6,4.8,0.0,0
PERS_5245,Sub-Inspector,Counter-Insurgency (J&K),49,61.1,2,0.48,4.5,4,6,24.5,12.7,0.19,2
PERS_5246,Constable,Dense Forest (Bastar),14,67.2,2,0.29,5.0,3,4,10.5,9.1,0.66,1
PERS_5247,Constable,Border Outpost (Thar),68,54.3,0,0.27,6.3,3,2,99.7,7.9,0.16,1
PERS_5248,Head Constable,Peace Station (HQ),30,31.8,2,0.16,7.5,5,1,29.2,1.9,0.02,0
PERS_5249,Inspector,Dense Forest (Bastar),95,63.2,2,0.27,4.6,1,8,74.1,12.6,0.01,2
PERS_5250,Constable,Counter-Insurgency (J&K),63,52.1,3,0.09,5.4,4,4,34.7,8.5,0.64,1
PERS_5251,Constable,Peace Station (HQ),32,59.6,2,0.5,5.9,4,6,20.7,10.2,0.03,2
PERS_5252,Constable,High Altitude (Ladakh/Sikkim),47,48.0,2,0.45,5.7,5,5,12.6,7.9,0.04,1
PERS_5253,Head Constable,Border Outpost (Thar),43,76.2,2,0.15,4.2,2,7,24.3,15.1,0.06,2
PERS_5254,Constable,Counter-Insurgency (J&K),58,54.9,1,0.07,6.7,4,3,29.7,7.7,0.2,0
PERS_5255,Head Constable,Border Outpost (Thar),28,58.7,1,0.05,7.0,3,1,76.1,9.7,0.07,0
PERS_5256,Inspector,Peace Station (HQ),63,44.3,3,0.24,6.3,3,3,19.1,8.3,0.03,1
PERS_5257,Head Constable,Dense Forest (Bastar),20,38.2,1,0.2,7.2,5,1,68.2,3.0,0.12,0
PERS_5258,Constable,Border Outpost (Thar),42,39.2,1,0.1,6.7,4,1,35.9,4.7,0.07,0
PERS_5259,Constable,High Altitude (Ladakh/Sikkim),78,42.9,2,0.52,6.3,3,5,23.1,10.8,0.01,1
PERS_5260,Constable,Counter-Insurgency (J&K),54,60.2,1,0.1,6.2,3,4,27.9,7.7,0.01,1
PERS_5261,Sub-Inspector,High Altitude (Ladakh/Sikkim),31,45.1,3,0.29,5.5,4,5,35.3,6.1,0.01,1
PERS_5262,Constable,Border Outpost (Thar),51,40.4,0,0.27,7.2,4,1,25.9,2.5,0.1,0
PERS_5263,Constable,Dense Forest (Bastar),35,44.5,2,0.42,5.6,4,5,67.2,5.9,0.02,1
PERS_5264,Head Constable,Dense Forest (Bastar),29,57.9,1,0.57,7.2,5,2,18.0,8.6,0.02,0
PERS_5265,Constable,High Altitude (Ladakh/Sikkim),18,56.6,0,0.46,7.1,4,1,29.3,5.3,0.03,0
PERS_5266,Head Constable,Peace Station (HQ),92,67.2,3,0.4,4.3,2,10,16.9,13.6,0.05,2
PERS_5267,Constable,Peace Station (HQ),31,48.3,2,0.39,6.9,4,3,43.6,5.6,0.15,0
PERS_5268,ASI,Dense Forest (Bastar),28,70.8,0,0.5,5.9,4,2,17.5,9.1,0.02,1
PERS_5269,Sub-Inspector,High Altitude (Ladakh/Sikkim),52,64.0,1,0.46,5.1,3,5,27.0,8.1,0.17,1
PERS_5270,Head Constable,High Altitude (Ladakh/Sikkim),45,40.8,1,0.3,6.7,5,1,82.2,0.0,0.03,0
PERS_5271,Inspector,High Altitude (Ladakh/Sikkim),62,62.3,1,0.43,5.1,2,6,25.5,11.0,0.1,1
PERS_5272,Constable,Border Outpost (Thar),48,53.0,2,0.38,6.0,3,4,25.4,7.3,0.03,1
PERS_5273,Head Constable,Peace Station (HQ),35,49.8,2,0.18,7.3,4,2,9.6,10.0,0.1,0
PERS_5274,Head Constable,Peace Station (HQ),34,51.5,1,0.25,6.4,3,3,7.9,7.7,0.05,0
PERS_5275,Head Constable,Border Outpost (Thar),94,50.7,1,0.05,6.0,2,5,42.5,6.1,0.03,1
PERS_5276,Constable,Counter-Insurgency (J&K),20,60.1,2,0.09,5.3,3,3,39.8,8.2,0.66,1
PERS_5277,Constable,Border Outpost (Thar),75,49.7,0,0.2,7.9,5,1,40.2,4.9,0.21,0
PERS_5278,Constable,High Altitude (Ladakh/Sikkim),114,53.8,2,0.31,6.2,2,7,16.9,12.2,0.23,2
PERS_5279,Constable,Border Outpost (Thar),26,58.2,2,0.16,5.6,4,3,53.4,8.2,0.02,0
PERS_5280,Constable,High Altitude (Ladakh/Sikkim),20,71.7,1,0.48,4.2,2,7,80.0,8.8,0.0,1
PERS_5281,Head Constable,Dense Forest (Bastar),45,47.5,1,0.09,6.7,4,1,26.1,8.3,0.22,0
PERS_5282,Constable,High Altitude (Ladakh/Sikkim),28,38.3,0,0.24,7.2,5,1,41.9,4.7,0.04,0
PERS_5283,Constable,Peace Station (HQ),48,64.2,2,0.21,6.0,2,5,32.1,8.4,0.01,1
PERS_5284,Head Constable,Border Outpost (Thar),16,51.6,2,0.05,5.3,3,2,30.1,7.9,0.67,1
PERS_5285,Head Constable,High Altitude (Ladakh/Sikkim),19,54.9,2,0.59,5.2,5,5,32.0,5.4,0.02,1
PERS_5286,Sub-Inspector,Counter-Insurgency (J&K),25,50.8,4,0.1,5.4,4,5,22.8,10.9,0.12,1
PERS_5287,Head Constable,Dense Forest (Bastar),16,55.5,2,0.16,5.7,4,3,80.5,10.8,0.22,0
PERS_5288,Constable,Counter-Insurgency (J&K),75,59.1,2,0.16,5.0,2,7,26.1,12.0,0.08,2
PERS_5289,ASI,Counter-Insurgency (J&K),35,46.3,0,0.17,6.5,3,2,30.1,3.4,0.12,0
PERS_5290,Head Constable,Counter-Insurgency (J&K),27,57.7,1,0.27,7.1,4,2,8.2,6.0,0.13,0
PERS_5291,Constable,Dense Forest (Bastar),18,54.8,1,0.71,6.1,4,4,15.6,8.9,0.04,1
PERS_5292,Head Constable,Dense Forest (Bastar),84,52.7,2,0.19,5.9,3,4,63.5,10.6,0.13,1
PERS_5293,Sub-Inspector,Dense Forest (Bastar),33,49.6,1,0.25,6.5,4,1,38.4,5.1,0.09,0
PERS_5294,Constable,Dense Forest (Bastar),30,43.1,2,0.17,5.3,4,3,54.1,7.3,0.64,0
PERS_5295,Constable,Counter-Insurgency (J&K),17,54.3,2,0.51,6.3,4,3,46.1,7.2,0.03,0
PERS_5296,Constable,Peace Station (HQ),20,54.7,0,0.21,6.2,4,1,39.5,4.6,0.14,0
PERS_5297,Constable,Peace Station (HQ),41,51.7,2,0.13,5.5,4,2,82.3,11.0,0.03,0
PERS_5298,Constable,Dense Forest (Bastar),20,38.6,1,0.23,7.2,5,1,36.2,2.7,0.14,0
PERS_5299,Head Constable,Border Outpost (Thar),18,29.6,2,0.17,6.0,5,2,24.2,3.5,0.03,0
PERS_5300,Constable,High Altitude (Ladakh/Sikkim),48,50.5,2,0.26,4.9,3,4,14.0,10.6,0.82,1
PERS_5301,Sub-Inspector,Border Outpost (Thar),68,57.2,2,0.47,6.1,3,6,20.5,11.0,0.12,1
PERS_5302,ASI,Border Outpost (Thar),28,57.2,1,0.34,6.4,3,2,86.1,7.6,0.13,0
PERS_5303,Head Constable,Border Outpost (Thar),8,60.1,1,0.13,5.4,4,3,17.3,6.8,0.82,1
PERS_5304,ASI,Peace Station (HQ),8,45.2,2,0.19,7.0,5,1,18.3,4.7,0.06,0
PERS_5305,Constable,High Altitude (Ladakh/Sikkim),39,36.1,1,0.01,8.1,5,1,77.8,2.2,0.01,0
PERS_5306,Head Constable,Border Outpost (Thar),54,48.3,4,0.16,4.4,3,6,57.8,10.8,0.0,2
PERS_5307,Head Constable,Dense Forest (Bastar),27,72.5,1,0.28,5.3,2,5,72.4,11.3,0.1,1
PERS_5308,ASI,Peace Station (HQ),121,76.5,3,0.28,3.6,1,10,71.5,17.0,0.09,2
PERS_5309,ASI,Dense Forest (Bastar),39,56.2,3,0.18,3.7,4,9,16.9,10.2,0.01,1
PERS_5310,Constable,Dense Forest (Bastar),22,45.9,1,0.72,5.9,5,3,29.1,3.9,0.17,0
PERS_5311,Sub-Inspector,Border Outpost (Thar),19,49.0,1,0.26,6.7,5,2,21.4,6.3,0.09,0
PERS_5312,Constable,Dense Forest (Bastar),81,73.2,3,0.22,3.6,1,8,49.0,18.0,0.13,2
PERS_5313,Sub-Inspector,High Altitude (Ladakh/Sikkim),28,52.9,1,0.51,6.9,5,3,15.9,6.1,0.12,0
PERS_5314,Inspector,Dense Forest (Bastar),24,46.6,2,0.31,6.3,5,1,25.6,5.8,0.06,0
PERS_5315,Constable,Border Outpost (Thar),27,64.0,0,0.03,7.3,3,1,19.3,6.8,0.01,0
PERS_5316,Head Constable,Dense Forest (Bastar),16,30.1,1,0.21,6.7,5,1,17.5,-1.2,0.08,0
PERS_5317,Constable,Peace Station (HQ),68,44.8,0,0.07,8.2,4,2,23.6,2.6,0.03,0
PERS_5318,Constable,Peace Station (HQ),42,44.2,1,0.31,7.4,4,2,43.5,6.0,0.08,0
PERS_5319,Head Constable,Peace Station (HQ),67,64.7,2,0.21,5.0,1,7,13.0,12.6,0.1,2
PERS_5320,Head Constable,Counter-Insurgency (J&K),79,50.3,4,0.32,6.0,3,8,36.5,10.2,0.04,2
PERS_5321,Sub-Inspector,Peace Station (HQ),18,32.1,1,0.42,7.5,5,1,25.3,1.6,0.22,0
PERS_5322,Head Constable,Peace Station (HQ),66,47.7,2,0.19,7.1,3,2,45.3,6.0,0.01,0
PERS_5323,Head Constable,Counter-Insurgency (J&K),36,46.9,2,0.11,5.7,4,4,74.0,7.8,0.03,0
PERS_5324,ASI,Peace Station (HQ),28,50.1,1,0.2,6.5,4,1,33.1,6.8,0.26,0
PERS_5325,Inspector,Border Outpost (Thar),58,55.1,2,0.05,5.6,3,4,17.2,9.9,0.17,1
PERS_5326,Constable,Peace Station (HQ),8,58.5,2,0.36,4.7,3,5,24.1,8.9,0.05,2
PERS_5327,Inspector,Peace Station (HQ),44,49.3,1,0.42,6.0,4,4,68.4,7.0,0.1,0
PERS_5328,Constable,Counter-Insurgency (J&K),13,43.5,2,0.23,6.5,5,1,87.0,4.0,0.01,0
PERS_5329,ASI,Border Outpost (Thar),37,52.2,2,0.0,5.8,3,2,29.6,9.1,0.04,0
PERS_5330,Constable,Dense Forest (Bastar),96,60.0,1,0.14,6.0,2,4,32.9,12.0,0.1,1
PERS_5331,Constable,High Altitude (Ladakh/Sikkim),98,51.8,2,0.35,5.4,3,6,27.2,10.9,0.11,2
PERS_5332,Constable,Border Outpost (Thar),74,38.4,1,0.68,6.5,4,5,42.9,4.8,0.18,1
PERS_5333,Head Constable,Dense Forest (Bastar),65,49.6,2,0.62,5.7,4,5,20.6,5.3,0.19,1
PERS_5334,Constable,Border Outpost (Thar),44,60.5,2,0.21,5.5,3,6,5.0,9.2,0.01,1
PERS_5335,Constable,Dense Forest (Bastar),24,49.6,0,0.05,6.8,4,1,74.1,6.2,0.06,0
PERS_5336,Head Constable,Dense Forest (Bastar),54,65.8,3,0.32,4.3,2,8,55.8,13.3,0.12,2
PERS_5337,Sub-Inspector,Border Outpost (Thar),25,55.5,2,0.19,6.1,5,3,33.2,7.3,0.1,0
PERS_5338,Constable,Counter-Insurgency (J&K),10,43.7,2,0.18,6.6,4,2,33.6,3.4,0.18,0
PERS_5339,Constable,Border Outpost (Thar),156,78.3,1,0.44,5.0,1,10,28.4,17.3,0.03,2
PERS_5340,Constable,Border Outpost (Thar),50,44.3,2,0.56,6.3,3,4,16.5,6.8,0.15,1
PERS_5341,Constable,Dense Forest (Bastar),94,40.6,1,0.16,6.6,3,4,79.3,7.4,0.07,1
PERS_5342,ASI,High Altitude (Ladakh/Sikkim),29,54.3,3,0.09,4.5,3,4,19.1,6.9,0.6,1
PERS_5343,ASI,Dense Forest (Bastar),94,49.6,2,0.07,5.8,2,6,12.0,10.1,0.09,1
PERS_5344,Head Constable,Peace Station (HQ),37,51.1,1,0.26,6.5,3,1,36.8,4.5,0.15,1
PERS_5345,Constable,Border Outpost (Thar),56,42.9,1,0.18,7.4,5,1,54.4,4.9,0.12,0
PERS_5346,ASI,Border Outpost (Thar),26,50.6,3,0.31,5.3,4,5,5.0,8.4,0.01,1
PERS_5347,Head Constable,Counter-Insurgency (J&K),18,54.6,2,0.23,5.0,3,3,26.9,8.0,0.66,1
PERS_5348,ASI,Dense Forest (Bastar),51,59.4,4,0.38,3.7,2,9,21.4,14.2,0.08,2
PERS_5349,Head Constable,Counter-Insurgency (J&K),135,50.1,1,0.12,6.6,2,6,36.1,8.3,0.16,1
PERS_5350,ASI,Border Outpost (Thar),93,43.8,2,0.16,6.9,5,5,35.1,5.8,0.21,0
PERS_5351,Head Constable,Dense Forest (Bastar),32,55.2,2,0.18,4.9,3,4,39.2,8.7,0.61,1
PERS_5352,Constable,Dense Forest (Bastar),26,46.8,2,0.56,6.9,4,4,36.4,6.0,0.02,1
PERS_5353,Inspector,Peace Station (HQ),53,47.7,2,0.1,5.4,4,4,6.5,7.5,0.75,0
PERS_5354,Head Constable,Peace Station (HQ),97,56.5,1,0.37,5.6,3,6,22.0,8.9,0.07,1
PERS_5355,Head Constable,High Altitude (Ladakh/Sikkim),25,48.8,2,0.26,6.7,5,1,36.4,4.8,0.1,0
PERS_5356,Constable,Peace Station (HQ),50,56.7,2,0.35,5.3,4,7,35.8,11.7,0.23,1
PERS_5357,Head Constable,Dense Forest (Bastar),39,56.8,1,0.4,6.0,4,3,44.6,6.6,0.04,1
PERS_5358,Head Constable,Peace Station (HQ),34,61.2,2,0.29,5.6,3,5,34.8,11.9,0.02,1
PERS_5359,Constable,High Altitude (Ladakh/Sikkim),47,50.1,2,0.66,6.7,4,5,20.2,8.7,0.11,0
PERS_5360,Constable,Border Outpost (Thar),44,62.4,1,0.28,5.7,3,4,36.1,11.1,0.22,1
PERS_5361,Head Constable,Peace Station (HQ),36,57.5,1,0.01,6.1,3,1,53.7,6.2,0.16,0
PERS_5362,ASI,Dense Forest (Bastar),18,58.5,2,0.33,5.4,4,3,14.0,8.8,0.66,1
PERS_5363,Head Constable,Border Outpost (Thar),87,45.6,0,0.15,6.3,3,4,85.8,5.5,0.0,0
PERS_5364,Constable,Dense Forest (Bastar),85,55.5,1,0.16,6.9,3,4,11.9,8.4,0.16,1
PERS_5365,Head Constable,Border Outpost (Thar),13,68.3,2,0.27,3.1,3,7,32.5,12.1,0.13,2
PERS_5366,Constable,Dense Forest (Bastar),34,37.7,1,0.45,7.4,5,1,41.5,2.3,0.06,0
PERS_5367,Constable,Peace Station (HQ),16,67.5,2,0.42,5.6,3,4,29.5,10.2,0.03,1
PERS_5368,Constable,Peace Station (HQ),40,69.5,1,0.36,6.1,3,5,9.9,9.0,0.01,1
PERS_5369,Constable,High Altitude (Ladakh/Sikkim),30,58.3,3,0.34,4.6,2,5,7.9,10.1,0.2,1
PERS_5370,Constable,Border Outpost (Thar),64,40.9,1,0.12,7.2,5,1,55.4,5.5,0.03,0
PERS_5371,Constable,High Altitude (Ladakh/Sikkim),22,48.0,1,0.08,6.0,4,2,11.7,5.9,0.18,0
PERS_5372,Constable,Counter-Insurgency (J&K),75,63.4,2,0.04,4.8,2,4,21.1,8.6,0.78,2
PERS_5373,Constable,Peace Station (HQ),34,38.1,1,0.21,7.8,5,1,26.2,4.3,0.04,0
PERS_5374,Head Constable,Border Outpost (Thar),42,59.0,3,0.08,5.1,4,5,12.3,12.3,0.14,1
PERS_5375,Head Constable,High Altitude (Ladakh/Sikkim),21,51.2,2,0.35,6.1,4,3,39.5,6.4,0.01,1
PERS_5376,Constable,High Altitude (Ladakh/Sikkim),20,44.3,3,0.72,6.4,5,4,51.8,7.4,0.06,0
PERS_5377,ASI,Counter-Insurgency (J&K),14,38.2,1,0.1,7.8,5,1,13.2,0.5,0.06,0
PERS_5378,Constable,High Altitude (Ladakh/Sikkim),69,69.5,3,0.14,4.3,2,9,54.1,13.3,0.06,2
PERS_5379,Head Constable,Dense Forest (Bastar),16,57.4,2,0.09,4.6,4,4,11.0,9.3,0.75,1
PERS_5380,Constable,Peace Station (HQ),21,48.5,0,0.03,6.8,4,1,13.6,2.3,0.01,0
PERS_5381,Constable,High Altitude (Ladakh/Sikkim),37,52.0,1,0.06,6.7,4,3,13.6,8.2,0.14,0
PERS_5382,Head Constable,High Altitude (Ladakh/Sikkim),17,47.0,2,0.15,5.2,3,2,78.3,5.7,0.79,0
PERS_5383,Head Constable,Counter-Insurgency (J&K),63,36.2,3,0.09,6.1,4,3,22.3,8.3,0.13,1
PERS_5384,Sub-Inspector,Dense Forest (Bastar),50,65.9,0,0.44,5.7,4,4,5.5,5.5,0.04,1
PERS_5385,Head Constable,High Altitude (Ladakh/Sikkim),30,53.2,3,0.14,5.5,3,5,18.7,9.4,0.09,1
PERS_5386,Inspector,Peace Station (HQ),74,64.9,3,0.78,4.3,2,10,38.0,15.5,0.05,2
PERS_5387,Constable,Peace Station (HQ),16,45.1,1,0.01,6.8,4,1,7.8,2.5,0.01,0
PERS_5388,Constable,High Altitude (Ladakh/Sikkim),14,50.3,2,0.41,5.3,4,4,18.8,7.0,0.67,1
PERS_5389,Constable,Dense Forest (Bastar),51,56.3,1,0.09,6.4,3,2,50.4,6.1,0.02,0
PERS_5390,Constable,Peace Station (HQ),16,59.9,3,0.23,5.2,3,3,76.7,10.5,0.65,1
PERS_5391,Head Constable,Peace Station (HQ),28,68.7,2,0.43,6.9,4,5,66.2,9.6,0.13,1
PERS_5392,Head Constable,Dense Forest (Bastar),144,58.9,2,0.12,4.9,1,8,19.4,11.5,0.07,2
PERS_5393,Constable,Dense Forest (Bastar),49,49.4,3,0.23,5.3,4,5,35.2,11.8,0.09,2
PERS_5394,Sub-Inspector,High Altitude (Ladakh/Sikkim),44,49.9,1,0.15,7.2,5,4,50.0,5.7,0.07,0
PERS_5395,ASI,Border Outpost (Thar),180,60.0,3,0.16,4.0,1,10,28.5,18.0,0.07,2
PERS_5396,Constable,Counter-Insurgency (J&K),101,84.6,0,0.04,6.5,3,6,71.5,11.6,0.11,1
PERS_5397,Constable,Border Outpost (Thar),37,34.9,2,0.3,6.6,5,2,19.1,3.7,0.01,0
PERS_5398,Constable,Border Outpost (Thar),59,80.8,2,0.29,3.2,1,10,40.1,13.2,0.02,2
PERS_5399,Constable,Peace Station (HQ),24,56.8,2,0.16,5.9,4,4,23.6,4.5,0.04,0
PERS_5400,Constable,Dense Forest (Bastar),37,50.9,1,0.22,6.4,5,2,78.8,8.3,0.0,0
PERS_5401,Head Constable,Peace Station (HQ),60,45.6,3,0.47,5.2,4,6,5.9,7.4,0.05,1
PERS_5402,Constable,Counter-Insurgency (J&K),27,50.3,1,0.01,6.0,5,2,24.3,6.1,0.05,0
PERS_5403,Constable,High Altitude (Ladakh/Sikkim),20,44.4,1,0.08,7.2,5,1,21.3,1.6,0.01,0
PERS_5404,Inspector,Counter-Insurgency (J&K),69,68.7,1,0.02,4.5,2,7,69.5,13.4,0.01,1
PERS_5405,Head Constable,Peace Station (HQ),41,58.4,3,0.14,5.4,3,5,28.7,10.1,0.14,1
PERS_5406,Sub-Inspector,Peace Station (HQ),26,67.3,2,0.21,4.6,3,6,83.6,11.7,0.01,1
PERS_5407,Constable,Peace Station (HQ),46,49.7,2,0.19,7.6,3,2,9.4,6.0,0.02,0
PERS_5408,Constable,Peace Station (HQ),23,51.7,3,0.09,6.4,3,3,29.6,9.5,0.15,0
PERS_5409,Head Constable,Border Outpost (Thar),40,51.0,3,0.13,4.7,3,6,29.3,11.9,0.03,1
PERS_5410,Constable,High Altitude (Ladakh/Sikkim),44,48.7,1,0.17,6.3,4,2,42.4,5.2,0.07,0
PERS_5411,Constable,Border Outpost (Thar),14,39.1,2,0.27,7.2,5,2,10.3,5.0,0.06,0
PERS_5412,Head Constable,Peace Station (HQ),89,64.1,1,0.08,3.8,1,8,23.8,11.4,0.18,2
PERS_5413,Head Constable,Dense Forest (Bastar),31,54.5,3,0.19,4.7,4,5,94.4,11.6,0.01,1
PERS_5414,Constable,Border Outpost (Thar),68,54.3,3,0.08,5.0,2,7,25.3,9.5,0.05,2
PERS_5415,Head Constable,Peace Station (HQ),21,55.1,3,0.33,4.3,2,6,13.4,10.5,0.08,1
PERS_5416,Constable,Peace Station (HQ),64,50.3,2,0.06,6.0,3,4,18.8,7.7,0.03,0
PERS_5417,Constable,High Altitude (Ladakh/Sikkim),52,53.4,2,0.32,5.5,3,3,40.1,10.1,0.08,1
PERS_5418,Constable,Counter-Insurgency (J&K),24,59.0,1,0.69,5.4,3,4,38.5,6.6,0.65,1
PERS_5419,Constable,Border Outpost (Thar),18,59.8,1,0.01,6.7,4,1,12.0,6.3,0.02,0
PERS_5420,Constable,Border Outpost (Thar),48,68.1,0,0.11,6.3,3,3,34.0,9.1,0.12,0
PERS_5421,Inspector,Border Outpost (Thar),42,41.1,4,0.3,6.1,4,6,27.5,8.8,0.02,1
PERS_5422,Head Constable,Peace Station (HQ),30,41.4,2,0.14,6.5,5,1,15.1,4.2,0.08,0
PERS_5423,Head Constable,High Altitude (Ladakh/Sikkim),92,45.7,3,0.58,6.0,4,6,51.1,10.2,0.01,1
PERS_5424,Constable,Peace Station (HQ),43,45.8,3,0.07,6.8,5,4,52.2,11.6,0.04,1
PERS_5425,Constable,Peace Station (HQ),37,48.3,3,0.08,4.9,4,4,106.3,9.0,0.65,1
PERS_5426,Constable,Dense Forest (Bastar),26,55.0,2,0.36,5.1,4,6,39.1,6.2,0.22,1
PERS_5427,Constable,High Altitude (Ladakh/Sikkim),92,68.8,0,0.52,6.4,1,5,30.4,10.0,0.13,1
PERS_5428,Constable,Border Outpost (Thar),77,51.8,1,0.31,6.7,2,3,14.4,8.3,0.05,1
PERS_5429,ASI,Counter-Insurgency (J&K),20,55.7,2,0.15,5.3,3,2,54.7,8.0,0.61,1
PERS_5430,Head Constable,Border Outpost (Thar),55,66.3,0,0.1,6.2,3,4,38.5,9.1,0.03,0
PERS_5431,Head Constable,Peace Station (HQ),53,48.7,0,0.18,6.3,4,3,9.4,4.3,0.24,0
PERS_5432,Head Constable,High Altitude (Ladakh/Sikkim),55,50.7,2,0.31,6.2,3,4,30.1,9.1,0.05,1
PERS_5433,Sub-Inspector,High Altitude (Ladakh/Sikkim),47,53.4,3,0.09,4.9,3,6,31.5,10.9,0.05,2
PERS_5434,Constable,High Altitude (Ladakh/Sikkim),7,31.9,3,0.28,7.6,5,2,17.6,3.8,0.15,0
PERS_5435,Constable,Dense Forest (Bastar),30,56.1,1,0.08,6.3,4,2,10.5,8.0,0.25,0
PERS_5436,Constable,Border Outpost (Thar),58,41.8,3,0.4,6.1,4,6,20.9,7.5,0.29,1
PERS_5437,ASI,Dense Forest (Bastar),35,59.4,2,0.31,5.3,4,3,25.1,9.7,0.76,1
PERS_5438,Inspector,Counter-Insurgency (J&K),11,44.8,2,0.34,6.5,4,2,29.5,6.7,0.02,0
PERS_5439,Constable,Peace Station (HQ),59,48.8,1,0.08,7.0,3,3,60.2,6.8,0.2,0
PERS_5440,Sub-Inspector,Dense Forest (Bastar),43,42.5,2,0.21,6.3,4,1,46.1,5.9,0.18,1
PERS_5441,ASI,Dense Forest (Bastar),54,58.8,2,0.64,6.7,3,7,67.4,8.1,0.03,2
PERS_5442,Constable,Peace Station (HQ),38,57.1,2,0.27,5.5,3,3,25.0,6.5,0.05,1
PERS_5443,Constable,High Altitude (Ladakh/Sikkim),50,48.4,1,0.56,6.9,2,3,43.5,6.0,0.08,1
PERS_5444,Constable,Peace Station (HQ),96,75.6,3,0.37,4.2,1,10,81.5,15.9,0.21,2
PERS_5445,Inspector,Border Outpost (Thar),63,54.6,3,0.24,3.9,3,7,20.4,12.3,0.24,2
PERS_5446,Constable,Peace Station (HQ),121,60.0,3,0.08,5.6,2,9,74.1,11.5,0.12,2
PERS_5447,ASI,High Altitude (Ladakh/Sikkim),47,53.3,1,0.21,7.7,4,1,25.1,7.5,0.03,0
PERS_5448,Constable,Peace Station (HQ),26,43.8,2,0.17,6.6,5,5,46.7,7.2,0.0,0
PERS_5449,Head Constable,Dense Forest (Bastar),42,42.3,1,0.52,7.1,4,2,53.0,5.2,0.05,0
PERS_5450,Constable,Counter-Insurgency (J&K),43,48.6,2,0.29,6.2,4,4,41.8,7.5,0.2,1
PERS_5451,Head Constable,Dense Forest (Bastar),23,56.6,3,0.24,4.5,4,6,34.0,9.3,0.03,1
PERS_5452,ASI,Counter-Insurgency (J&K),29,32.4,1,0.21,7.5,5,1,12.3,5.0,0.05,0
PERS_5453,ASI,Peace Station (HQ),26,35.6,4,0.35,6.1,5,4,26.0,8.0,0.03,0
PERS_5454,ASI,Border Outpost (Thar),59,47.8,2,0.13,6.6,4,3,60.9,7.1,0.13,0
PERS_5455,Constable,Peace Station (HQ),70,37.1,1,0.28,7.5,5,2,15.6,1.8,0.02,0
PERS_5456,Head Constable,High Altitude (Ladakh/Sikkim),30,36.8,1,0.37,7.6,5,1,36.4,2.3,0.0,0
PERS_5457,Constable,Peace Station (HQ),107,66.8,0,0.56,5.7,2,8,30.2,10.2,0.09,2
PERS_5458,Constable,Counter-Insurgency (J&K),28,46.4,2,0.4,6.9,3,3,19.7,6.7,0.03,1
PERS_5459,Head Constable,Dense Forest (Bastar),6,40.1,1,0.32,7.9,5,1,57.6,1.8,0.1,0
PERS_5460,Constable,Border Outpost (Thar),101,59.5,2,0.61,5.6,2,8,9.6,8.0,0.17,1
PERS_5461,Head Constable,Peace Station (HQ),11,50.2,2,0.04,6.2,4,1,26.5,5.0,0.08,0
PERS_5462,Inspector,Peace Station (HQ),84,68.0,2,0.34,4.5,2,8,13.2,14.6,0.0,2
PERS_5463,Constable,Dense Forest (Bastar),52,35.4,0,0.68,8.1,5,1,50.8,-0.0,0.03,0
PERS_5464,Head Constable,Border Outpost (Thar),73,46.0,2,0.26,6.2,4,4,67.4,6.0,0.15,0
PERS_5465,Constable,Peace Station (HQ),141,56.1,1,0.32,5.8,1,7,17.5,11.5,0.03,2
PERS_5466,Constable,Peace Station (HQ),12,53.1,4,0.2,4.7,3,6,15.8,10.7,0.1,1
PERS_5467,Constable,Counter-Insurgency (J&K),49,81.8,2,0.02,4.2,1,7,28.6,13.2,0.17,2
PERS_5468,Sub-Inspector,Counter-Insurgency (J&K),51,59.0,0,0.24,6.4,3,2,40.0,8.3,0.02,1
PERS_5469,Sub-Inspector,High Altitude (Ladakh/Sikkim),23,47.6,2,0.41,7.0,4,2,28.6,4.3,0.07,0
PERS_5470,Sub-Inspector,Dense Forest (Bastar),40,39.9,3,0.33,5.8,3,4,51.5,7.4,0.06,1
PERS_5471,Inspector,Border Outpost (Thar),49,39.5,1,0.17,7.4,5,1,39.3,5.0,0.12,0
PERS_5472,Constable,Peace Station (HQ),22,59.2,2,0.16,4.8,4,5,88.4,9.3,0.26,1
PERS_5473,Constable,Peace Station (HQ),5,40.6,2,0.52,5.9,4,3,18.2,5.4,0.02,0
PERS_5474,Head Constable,High Altitude (Ladakh/Sikkim),51,49.6,0,0.19,5.8,4,3,19.1,3.3,0.04,0
PERS_5475,Head Constable,Peace Station (HQ),4,65.0,0,0.16,6.6,3,1,27.9,7.7,0.07,0
PERS_5476,Constable,Dense Forest (Bastar),16,32.5,2,0.33,7.6,5,1,26.5,2.2,0.04,0
PERS_5477,Constable,High Altitude (Ladakh/Sikkim),51,55.8,2,0.05,4.0,3,6,10.1,12.3,0.11,1
PERS_5478,Head Constable,Dense Forest (Bastar),56,44.6,3,0.14,6.0,5,6,23.5,5.9,0.17,0
PERS_5479,Head Constable,High Altitude (Ladakh/Sikkim),91,73.5,1,0.1,4.8,1,8,6.5,11.3,0.13,2
PERS_5480,Constable,Peace Station (HQ),55,44.1,1,0.39,7.0,4,4,82.2,5.2,0.02,1
PERS_5481,Head Constable,High Altitude (Ladakh/Sikkim),75,62.2,2,0.02,5.3,2,6,27.0,9.5,0.02,1
PERS_5482,Head Constable,Counter-Insurgency (J&K),29,32.8,2,0.15,6.9,5,1,41.1,3.2,0.02,0
PERS_5483,Head Constable,Border Outpost (Thar),58,69.3,2,0.08,4.2,3,7,38.7,11.9,0.2,2
PERS_5484,Constable,Peace Station (HQ),15,58.7,1,0.21,5.5,5,2,45.3,7.1,0.05,0
PERS_5485,Head Constable,Border Outpost (Thar),42,46.6,1,0.52,6.3,4,3,37.1,4.7,0.15,1
PERS_5486,Constable,Peace Station (HQ),50,56.9,2,0.58,5.4,3,6,14.6,7.6,0.03,1
PERS_5487,Constable,Border Outpost (Thar),75,65.1,2,0.58,5.6,2,7,15.6,10.0,0.19,1
PERS_5488,ASI,Counter-Insurgency (J&K),11,50.6,0,0.25,7.9,4,1,22.3,3.5,0.09,0
PERS_5489,Head Constable,Border Outpost (Thar),51,49.2,1,0.45,6.0,3,3,39.1,4.3,0.04,1
PERS_5490,Constable,High Altitude (Ladakh/Sikkim),22,49.2,3,0.44,6.0,5,3,65.4,8.7,0.06,0
PERS_5491,Head Constable,Border Outpost (Thar),34,52.5,5,0.27,3.3,3,8,78.3,11.7,0.1,2
PERS_5492,Head Constable,Peace Station (HQ),36,52.2,1,0.09,5.3,4,4,40.3,8.7,0.81,1
PERS_5493,ASI,Dense Forest (Bastar),113,63.6,1,0.15,5.7,2,7,23.7,9.7,0.07,2
PERS_5494,Head Constable,Border Outpost (Thar),55,43.3,1,0.64,7.3,3,4,55.4,5.9,0.03,1
PERS_5495,Head Constable,Border Outpost (Thar),35,45.0,1,0.37,7.1,4,1,52.0,4.2,0.06,0
PERS_5496,Head Constable,Border Outpost (Thar),28,46.9,1,0.12,6.3,4,2,30.4,5.4,0.16,0
PERS_5497,Constable,Peace Station (HQ),23,55.0,1,0.27,6.9,4,2,63.1,7.3,0.11,0
PERS_5498,Constable,Border Outpost (Thar),25,35.2,2,0.16,6.5,5,2,27.3,4.5,0.06,0
PERS_5499,Constable,Peace Station (HQ),57,55.2,2,0.26,5.5,5,5,66.0,9.2,0.1,1
PERS_5500,Head Constable,Peace Station (HQ),27,58.5,3,0.06,5.2,3,6,22.4,9.8,0.12,1
PERS_5501,Head Constable,Dense Forest (Bastar),5,49.0,2,0.66,6.3,5,4,5.0,3.2,0.16,0
PERS_5502,Constable,High Altitude (Ladakh/Sikkim),12,50.0,1,0.24,5.8,4,1,24.2,7.9,0.01,0
PERS_5503,Constable,Peace Station (HQ),47,49.7,1,0.03,5.8,3,2,64.6,5.2,0.21,0
PERS_5504,Head Constable,Counter-Insurgency (J&K),14,50.0,3,0.43,6.1,4,5,22.8,8.8,0.01,1
PERS_5505,Constable,Border Outpost (Thar),23,45.9,3,0.34,5.5,3,4,77.4,7.8,0.14,1
PERS_5506,Head Constable,Counter-Insurgency (J&K),61,52.4,2,0.41,6.3,3,5,86.4,5.6,0.11,1
PERS_5507,Constable,Border Outpost (Thar),38,47.4,1,0.05,5.9,4,3,12.2,4.6,0.11,0
PERS_5508,Head Constable,Dense Forest (Bastar),13,47.5,3,0.24,5.5,5,3,32.9,8.3,0.01,0
PERS_5509,Sub-Inspector,Peace Station (HQ),70,51.8,1,0.33,7.0,4,5,19.8,5.1,0.19,1
PERS_5510,Constable,High Altitude (Ladakh/Sikkim),49,41.1,0,0.31,8.1,4,2,24.9,0.8,0.02,0
PERS_5511,Head Constable,Peace Station (HQ),11,34.0,3,0.2,6.2,4,1,16.5,5.5,0.05,0
PERS_5512,Constable,Border Outpost (Thar),8,49.6,3,0.22,4.3,4,5,65.8,8.9,0.15,1
PERS_5513,Head Constable,High Altitude (Ladakh/Sikkim),74,61.4,2,0.43,5.7,2,5,39.2,12.2,0.05,1
PERS_5514,Head Constable,Peace Station (HQ),28,66.3,0,0.18,6.1,3,2,78.7,7.3,0.01,0
PERS_5515,Constable,High Altitude (Ladakh/Sikkim),28,61.8,2,0.25,5.5,4,4,18.9,7.1,0.11,1
PERS_5516,Head Constable,Border Outpost (Thar),29,59.9,2,0.32,4.7,2,6,10.8,8.6,0.05,1
PERS_5517,Sub-Inspector,Dense Forest (Bastar),40,54.3,2,0.3,5.7,3,4,20.8,8.9,0.05,1
PERS_5518,Constable,Dense Forest (Bastar),17,50.9,2,0.35,6.0,4,3,45.4,6.2,0.08,0
PERS_5519,Constable,Peace Station (HQ),44,44.5,4,0.28,6.4,5,6,10.5,10.0,0.12,1
PERS_5520,ASI,Counter-Insurgency (J&K),12,40.2,1,0.22,7.8,5,1,71.1,0.7,0.03,0
PERS_5521,Head Constable,Border Outpost (Thar),66,56.5,0,0.25,7.2,4,4,14.0,6.9,0.0,1
PERS_5522,Sub-Inspector,Peace Station (HQ),22,41.9,1,0.31,7.1,5,2,59.1,2.7,0.03,0
PERS_5523,Head Constable,Peace Station (HQ),38,50.9,2,0.01,5.4,4,2,15.2,7.0,0.82,1
PERS_5524,ASI,Dense Forest (Bastar),19,25.0,2,0.23,7.4,5,1,24.9,0.1,0.17,0
PERS_5525,Constable,High Altitude (Ladakh/Sikkim),64,59.1,2,0.57,4.7,2,8,35.9,9.3,0.13,2
PERS_5526,Head Constable,Border Outpost (Thar),18,39.5,0,0.09,7.5,5,1,27.2,0.7,0.21,0
PERS_5527,Sub-Inspector,High Altitude (Ladakh/Sikkim),31,36.8,3,0.51,5.8,5,3,33.0,7.7,0.01,1
PERS_5528,Head Constable,Border Outpost (Thar),54,60.6,1,0.36,5.8,3,5,30.0,13.3,0.01,1
PERS_5529,Constable,Counter-Insurgency (J&K),42,61.8,1,0.13,5.7,4,4,62.2,9.3,0.05,1
PERS_5530,Constable,Dense Forest (Bastar),8,48.0,2,0.2,5.6,4,3,15.2,6.6,0.25,0
PERS_5531,Constable,Counter-Insurgency (J&K),47,45.5,1,0.28,7.1,4,1,79.9,4.4,0.14,0
PERS_5532,Constable,Peace Station (HQ),55,60.7,2,0.22,4.6,2,6,73.5,9.5,0.12,1
PERS_5533,Constable,Dense Forest (Bastar),23,42.6,1,0.32,8.5,5,1,17.3,3.9,0.05,0
PERS_5534,Head Constable,Peace Station (HQ),59,52.3,1,0.03,7.1,4,1,33.4,6.4,0.03,0
PERS_5535,Head Constable,Counter-Insurgency (J&K),9,62.4,1,0.42,5.0,4,3,71.0,6.8,0.66,1
PERS_5536,Constable,Border Outpost (Thar),10,52.8,1,0.03,6.4,3,2,30.0,8.5,0.04,0
PERS_5537,Head Constable,Peace Station (HQ),25,50.0,1,0.21,6.4,4,2,52.7,8.4,0.02,1
PERS_5538,Constable,High Altitude (Ladakh/Sikkim),26,47.8,1,0.26,6.5,4,1,34.4,6.1,0.11,0
PERS_5539,Constable,Border Outpost (Thar),58,54.2,2,0.27,5.5,4,3,7.2,7.4,0.06,1
PERS_5540,Constable,Border Outpost (Thar),9,51.6,1,0.64,6.9,5,2,25.1,3.8,0.04,0
PERS_5541,Head Constable,Counter-Insurgency (J&K),33,40.0,2,0.2,6.1,4,3,17.8,3.7,0.13,1
PERS_5542,Constable,Counter-Insurgency (J&K),59,66.0,2,0.19,5.7,3,6,44.2,13.9,0.08,1
PERS_5543,Constable,Dense Forest (Bastar),21,45.5,3,0.32,6.8,3,3,45.5,4.8,0.22,0
PERS_5544,Constable,Dense Forest (Bastar),81,54.1,3,0.06,4.8,2,9,33.8,10.5,0.01,1
PERS_5545,ASI,High Altitude (Ladakh/Sikkim),45,60.6,1,0.32,6.3,3,5,48.3,9.2,0.04,1
PERS_5546,Constable,Border Outpost (Thar),17,48.3,1,0.14,7.0,3,2,36.1,4.4,0.16,0
PERS_5547,Head Constable,High Altitude (Ladakh/Sikkim),78,64.6,2,0.19,4.0,2,8,13.7,10.6,0.27,2
PERS_5548,Head Constable,High Altitude (Ladakh/Sikkim),53,52.8,2,0.08,6.9,5,4,27.7,8.5,0.03,1
PERS_5549,ASI,Counter-Insurgency (J&K),53,54.3,1,0.3,5.9,4,5,13.2,10.2,0.1,1
PERS_5550,Sub-Inspector,High Altitude (Ladakh/Sikkim),45,54.7,2,0.35,5.8,3,6,21.2,7.4,0.12,1
PERS_5551,Constable,High Altitude (Ladakh/Sikkim),23,54.0,3,0.46,6.2,5,3,48.5,7.6,0.02,1
PERS_5552,Constable,Peace Station (HQ),59,59.5,3,0.43,5.4,3,6,68.5,13.0,0.02,2
PERS_5553,Sub-Inspector,Dense Forest (Bastar),14,59.9,2,0.03,5.3,3,2,51.3,10.2,0.66,1
PERS_5554,Head Constable,Dense Forest (Bastar),13,59.2,0,0.22,6.8,4,1,94.3,3.8,0.24,0
PERS_5555,Head Constable,Border Outpost (Thar),36,43.7,0,0.6,8.0,5,1,27.9,5.5,0.02,0
PERS_5556,Head Constable,Dense Forest (Bastar),29,65.4,1,0.32,5.6,2,5,63.2,7.8,0.13,1
PERS_5557,Head Constable,Border Outpost (Thar),57,36.7,0,0.26,7.3,5,2,33.9,3.1,0.19,0
PERS_5558,Sub-Inspector,Peace Station (HQ),38,45.5,3,0.16,6.0,3,4,28.9,5.7,0.03,1
PERS_5559,Inspector,Dense Forest (Bastar),56,52.2,0,0.34,6.3,3,3,38.8,7.1,0.07,1
PERS_5560,Head Constable,Peace Station (HQ),49,41.2,0,0.11,8.1,5,1,29.0,0.7,0.01,0
PERS_5561,Constable,Dense Forest (Bastar),27,53.5,1,0.47,5.7,4,3,39.5,6.1,0.1,1
PERS_5562,Sub-Inspector,Dense Forest (Bastar),26,58.0,2,0.06,5.1,4,3,39.7,8.0,0.65,1
PERS_5563,Constable,Peace Station (HQ),63,47.2,2,0.05,6.8,5,3,9.7,4.3,0.05,0
PERS_5564,Constable,High Altitude (Ladakh/Sikkim),17,54.3,2,0.07,5.8,4,2,30.6,6.1,0.08,1
PERS_5565,Sub-Inspector,High Altitude (Ladakh/Sikkim),46,61.0,3,0.59,5.2,3,7,24.8,11.0,0.02,2
PERS_5566,Constable,High Altitude (Ladakh/Sikkim),36,32.2,2,0.35,7.5,5,1,50.2,1.0,0.09,0
PERS_5567,Constable,High Altitude (Ladakh/Sikkim),41,53.8,0,0.52,6.3,3,3,47.6,3.1,0.07,0
PERS_5568,Constable,Dense Forest (Bastar),39,55.6,2,0.31,5.4,4,5,7.9,8.9,0.04,1
PERS_5569,ASI,Counter-Insurgency (J&K),64,45.2,3,0.48,6.7,4,5,35.5,11.1,0.01,0
PERS_5570,Head Constable,Peace Station (HQ),25,38.6,0,0.36,8.0,4,1,30.1,1.8,0.07,0
PERS_5571,Head Constable,Counter-Insurgency (J&K),24,43.5,1,0.45,6.6,4,3,34.6,5.7,0.09,1
PERS_5572,Constable,Counter-Insurgency (J&K),4,46.5,3,0.06,5.9,4,1,25.2,7.0,0.06,0
PERS_5573,ASI,Border Outpost (Thar),36,44.1,1,0.39,6.7,4,2,88.5,4.8,0.12,0
PERS_5574,ASI,High Altitude (Ladakh/Sikkim),36,57.2,2,0.52,6.1,3,5,30.6,8.4,0.06,2
PERS_5575,Constable,Dense Forest (Bastar),30,55.3,3,0.14,5.3,5,5,30.2,9.4,0.03,1
PERS_5576,Constable,High Altitude (Ladakh/Sikkim),41,55.9,0,0.21,6.5,4,2,49.6,4.3,0.25,1
PERS_5577,Constable,High Altitude (Ladakh/Sikkim),34,64.0,2,0.18,4.5,3,4,27.5,11.5,0.76,2
PERS_5578,Inspector,Counter-Insurgency (J&K),40,58.5,1,0.25,6.3,3,5,36.4,6.0,0.11,1
PERS_5579,Head Constable,Border Outpost (Thar),143,65.1,0,0.18,5.8,1,7,42.2,10.1,0.07,1
PERS_5580,Sub-Inspector,High Altitude (Ladakh/Sikkim),30,38.8,2,0.19,7.3,4,1,46.0,1.1,0.06,0
PERS_5581,Constable,Peace Station (HQ),56,65.2,1,0.36,4.5,3,7,30.3,10.6,0.09,2
PERS_5582,ASI,Peace Station (HQ),36,64.3,2,0.15,4.8,3,4,15.0,9.0,0.66,1
PERS_5583,ASI,High Altitude (Ladakh/Sikkim),49,49.6,1,0.09,6.8,3,2,20.1,6.2,0.04,1
PERS_5584,Head Constable,Counter-Insurgency (J&K),88,48.7,0,0.16,7.0,4,2,5.4,5.7,0.02,0
PERS_5585,Inspector,Counter-Insurgency (J&K),44,59.9,0,0.38,5.9,3,4,53.3,6.4,0.05,1
PERS_5586,Constable,Dense Forest (Bastar),23,32.1,3,0.12,7.3,5,1,32.3,1.2,0.02,0
PERS_5587,Constable,Border Outpost (Thar),71,59.1,1,0.3,6.5,3,4,28.9,8.9,0.02,1
PERS_5588,Head Constable,Counter-Insurgency (J&K),28,65.8,1,0.59,5.0,3,6,22.7,11.8,0.08,1
PERS_5589,Head Constable,Dense Forest (Bastar),29,47.1,2,0.5,6.1,4,4,23.8,7.8,0.1,1
PERS_5590,Head Constable,Peace Station (HQ),75,57.9,2,0.38,4.9,3,6,58.9,11.8,0.24,2
PERS_5591,Constable,Peace Station (HQ),55,54.5,0,0.17,6.5,3,2,55.4,5.2,0.03,1
PERS_5592,Head Constable,Peace Station (HQ),42,62.6,3,0.09,4.7,2,7,36.9,12.4,0.03,1
PERS_5593,Constable,High Altitude (Ladakh/Sikkim),65,55.6,4,0.48,4.5,1,9,31.9,10.1,0.04,2
PERS_5594,Constable,Border Outpost (Thar),14,46.0,1,0.24,7.1,5,2,37.7,2.3,0.11,0
PERS_5595,Head Constable,Dense Forest (Bastar),41,36.9,1,0.17,7.7,4,1,25.4,4.2,0.09,0
PERS_5596,Head Constable,Border Outpost (Thar),14,50.3,3,0.25,6.2,4,3,31.8,6.0,0.03,1
PERS_5597,Constable,High Altitude (Ladakh/Sikkim),92,56.5,2,0.59,5.8,2,6,36.8,10.3,0.06,2
PERS_5598,Constable,Dense Forest (Bastar),36,31.3,3,0.57,5.7,5,5,38.1,5.2,0.03,0
PERS_5599,Constable,Dense Forest (Bastar),75,45.4,0,0.71,7.2,4,2,39.6,1.9,0.04,1
PERS_5600,Constable,Counter-Insurgency (J&K),22,44.2,2,0.15,6.8,5,3,32.7,5.9,0.03,0
PERS_5601,ASI,Border Outpost (Thar),30,45.0,4,0.21,5.5,3,5,34.9,10.8,0.09,1
PERS_5602,Sub-Inspector,Border Outpost (Thar),21,49.8,1,0.19,7.0,5,1,64.3,8.0,0.06,0
PERS_5603,Constable,Counter-Insurgency (J&K),23,49.2,1,0.11,7.2,5,1,13.3,5.9,0.09,0
PERS_5604,ASI,Peace Station (HQ),15,48.9,2,0.44,5.2,4,3,55.9,7.7,0.71,0
PERS_5605,Sub-Inspector,High Altitude (Ladakh/Sikkim),51,75.7,3,0.16,4.4,2,8,41.1,15.2,0.04,2
PERS_5606,ASI,Border Outpost (Thar),18,45.4,1,0.52,7.0,5,1,39.1,4.9,0.23,0
PERS_5607,Constable,Counter-Insurgency (J&K),58,45.1,3,0.5,6.8,4,4,28.8,8.0,0.02,1
PERS_5608,Inspector,Dense Forest (Bastar),98,73.5,2,0.59,4.2,1,10,59.6,18.0,0.16,2
PERS_5609,Constable,Counter-Insurgency (J&K),42,66.8,4,0.09,4.8,2,6,29.7,14.8,0.05,2
PERS_5610,Constable,Peace Station (HQ),26,39.8,2,0.48,6.6,4,3,19.5,6.0,0.0,0
PERS_5611,Constable,High Altitude (Ladakh/Sikkim),46,64.7,2,0.33,5.2,3,6,57.4,10.8,0.1,1
PERS_5612,Head Constable,Peace Station (HQ),18,31.3,3,0.58,6.7,5,2,70.3,0.8,0.1,0
PERS_5613,Constable,Dense Forest (Bastar),34,80.1,1,0.04,5.7,3,3,68.1,7.7,0.01,1
PERS_5614,Constable,Dense Forest (Bastar),26,68.4,4,0.09,3.5,1,8,13.6,13.5,0.16,2
PERS_5615,Constable,Dense Forest (Bastar),35,56.8,1,0.32,6.2,4,4,57.0,8.7,0.06,0
PERS_5616,ASI,Dense Forest (Bastar),103,66.9,0,0.29,6.6,2,6,45.2,10.5,0.28,2
PERS_5617,Sub-Inspector,Counter-Insurgency (J&K),26,55.0,2,0.28,6.9,3,3,40.7,7.1,0.07,0
PERS_5618,Constable,Dense Forest (Bastar),50,46.4,1,0.23,6.1,3,4,30.8,6.7,0.08,1
PERS_5619,ASI,Dense Forest (Bastar),69,66.9,2,0.02,5.6,4,6,29.7,12.5,0.11,1
PERS_5620,ASI,Counter-Insurgency (J&K),35,65.1,3,0.34,4.5,3,8,18.5,15.0,0.17,2
PERS_5621,ASI,Dense Forest (Bastar),54,46.1,1,0.18,7.2,4,3,20.7,4.2,0.01,0
PERS_5622,Constable,Peace Station (HQ),36,51.3,0,0.59,6.4,5,3,19.9,3.7,0.1,0
PERS_5623,Head Constable,Peace Station (HQ),83,44.0,2,0.01,7.1,3,2,63.3,7.2,0.01,1
PERS_5624,Sub-Inspector,Border Outpost (Thar),36,51.1,3,0.15,5.3,4,5,112.8,9.8,0.07,1
PERS_5625,Head Constable,Peace Station (HQ),59,51.2,3,0.26,6.1,4,5,19.2,9.3,0.25,1
PERS_5626,Constable,High Altitude (Ladakh/Sikkim),19,62.4,1,0.22,5.7,3,2,72.5,8.6,0.04,0
PERS_5627,Head Constable,High Altitude (Ladakh/Sikkim),14,65.4,4,0.36,3.4,2,7,34.7,16.4,0.04,2
PERS_5628,Head Constable,High Altitude (Ladakh/Sikkim),67,44.1,1,0.2,7.0,4,3,9.1,5.3,0.03,0
PERS_5629,Head Constable,Counter-Insurgency (J&K),51,60.8,1,0.01,5.2,4,4,19.6,8.7,0.67,0
PERS_5630,Constable,Peace Station (HQ),31,59.9,1,0.38,5.7,4,3,52.1,7.4,0.13,1
PERS_5631,Constable,High Altitude (Ladakh/Sikkim),18,32.3,1,0.24,9.1,5,1,17.1,-1.7,0.04,0
PERS_5632,ASI,Border Outpost (Thar),78,65.5,2,0.22,5.3,3,6,19.1,10.7,0.09,1
PERS_5633,ASI,Counter-Insurgency (J&K),51,38.3,2,0.41,6.7,5,3,51.1,7.2,0.01,0
PERS_5634,Constable,Border Outpost (Thar),32,46.1,3,0.29,5.0,5,4,9.2,8.3,0.62,1
PERS_5635,Inspector,Peace Station (HQ),61,45.1,2,0.58,5.2,4,8,90.6,7.1,0.08,2
PERS_5636,Constable,Dense Forest (Bastar),26,34.9,1,0.34,6.9,5,1,62.2,3.9,0.1,0
PERS_5637,Head Constable,Border Outpost (Thar),35,62.5,2,0.23,4.9,4,3,32.9,10.0,0.63,1
PERS_5638,ASI,Dense Forest (Bastar),11,39.7,0,0.28,7.0,5,1,59.0,3.7,0.14,0
PERS_5639,ASI,Counter-Insurgency (J&K),41,48.1,2,0.36,5.7,4,3,51.1,8.2,0.01,1
PERS_5640,Sub-Inspector,Border Outpost (Thar),126,60.5,1,0.14,4.9,1,8,23.5,9.8,0.08,1
PERS_5641,Constable,Border Outpost (Thar),38,59.2,0,0.33,6.1,4,2,38.5,8.1,0.12,1
PERS_5642,ASI,Counter-Insurgency (J&K),49,43.2,1,0.38,5.8,5,5,19.7,5.8,0.01,1
PERS_5643,Constable,Counter-Insurgency (J&K),53,58.2,3,0.22,5.1,3,6,35.3,10.8,0.06,1
PERS_5644,Head Constable,High Altitude (Ladakh/Sikkim),9,46.6,2,0.52,5.6,5,3,25.4,6.5,0.05,0
PERS_5645,Head Constable,Peace Station (HQ),34,41.3,3,0.28,5.9,5,3,42.2,6.9,0.29,1
PERS_5646,Head Constable,Border Outpost (Thar),6,58.8,1,0.42,6.1,3,2,12.4,4.8,0.02,1
PERS_5647,Constable,Border Outpost (Thar),25,71.3,4,0.42,3.2,2,10,48.4,14.9,0.01,2
PERS_5648,Sub-Inspector,Counter-Insurgency (J&K),27,52.7,1,0.13,5.5,3,2,72.8,6.3,0.02,0
PERS_5649,Constable,Counter-Insurgency (J&K),42,46.1,2,0.09,6.4,4,3,50.1,4.1,0.0,0
PERS_5650,Constable,Peace Station (HQ),7,41.3,1,0.2,6.4,5,1,26.9,3.0,0.04,0
PERS_5651,Head Constable,Counter-Insurgency (J&K),101,66.2,0,0.01,5.5,2,4,26.1,10.2,0.08,1
PERS_5652,Head Constable,Dense Forest (Bastar),52,53.3,3,0.2,5.0,5,6,48.1,14.4,0.02,2
PERS_5653,ASI,Dense Forest (Bastar),4,37.8,2,0.03,7.4,5,1,51.9,0.8,0.04,0
PERS_5654,Constable,Dense Forest (Bastar),13,32.4,3,0.05,7.6,5,1,17.0,2.9,0.01,0
PERS_5655,Constable,Dense Forest (Bastar),29,54.7,1,0.51,5.6,5,4,18.1,6.3,0.02,1
PERS_5656,ASI,Peace Station (HQ),63,41.6,2,0.55,5.9,4,5,12.0,5.3,0.07,1
PERS_5657,Head Constable,Border Outpost (Thar),31,47.1,1,0.42,5.7,4,2,26.7,8.1,0.05,0
PERS_5658,Constable,Dense Forest (Bastar),68,71.1,0,0.15,6.0,3,5,50.5,12.5,0.14,1
PERS_5659,Head Constable,Counter-Insurgency (J&K),83,48.0,3,0.54,6.0,3,6,61.2,8.3,0.1,1
PERS_5660,Head Constable,Dense Forest (Bastar),29,61.4,2,0.4,6.0,4,5,71.9,10.7,0.06,1
PERS_5661,Head Constable,Peace Station (HQ),14,39.2,4,0.29,7.0,5,5,21.0,7.1,0.2,1
PERS_5662,Head Constable,Counter-Insurgency (J&K),13,58.0,1,0.23,5.9,5,2,9.0,7.6,0.05,0
PERS_5663,ASI,Dense Forest (Bastar),22,56.0,4,0.29,3.9,3,8,28.7,11.7,0.11,2
PERS_5664,ASI,Border Outpost (Thar),77,60.6,2,0.55,5.9,2,7,35.8,12.2,0.01,2
PERS_5665,Head Constable,Counter-Insurgency (J&K),28,44.7,2,0.33,5.8,5,3,41.8,7.8,0.07,1
PERS_5666,Constable,Counter-Insurgency (J&K),37,58.1,1,0.35,5.1,2,4,30.9,9.2,0.64,1
PERS_5667,ASI,Border Outpost (Thar),94,61.1,3,0.06,5.8,3,5,32.0,9.9,0.06,1
PERS_5668,Head Constable,Counter-Insurgency (J&K),50,71.9,3,0.28,3.0,2,8,65.6,16.3,0.21,2
PERS_5669,Head Constable,Dense Forest (Bastar),10,42.8,1,0.09,7.5,5,1,25.1,5.6,0.02,0
PERS_5670,Constable,Counter-Insurgency (J&K),57,66.6,2,0.05,5.2,2,5,13.2,11.8,0.08,2
PERS_5671,Sub-Inspector,Dense Forest (Bastar),15,40.5,2,0.02,6.3,5,1,11.7,4.0,0.1,0
PERS_5672,Head Constable,Border Outpost (Thar),36,49.2,2,0.45,6.4,4,3,37.6,8.3,0.13,1
PERS_5673,Constable,High Altitude (Ladakh/Sikkim),32,44.8,4,0.12,5.7,5,4,12.7,10.3,0.02,1
PERS_5674,Constable,Border Outpost (Thar),46,47.6,1,0.53,6.1,4,3,24.3,5.2,0.07,1
PERS_5675,Sub-Inspector,Dense Forest (Bastar),32,49.6,2,0.01,5.8,5,2,52.1,8.0,0.18,0
PERS_5676,Constable,Peace Station (HQ),73,69.7,1,0.45,6.9,2,5,36.4,11.4,0.1,2
PERS_5677,Inspector,Border Outpost (Thar),27,55.3,2,0.1,6.2,3,4,22.9,6.2,0.0,1
PERS_5678,Head Constable,Peace Station (HQ),41,64.4,3,0.34,6.0,3,7,22.1,12.4,0.05,1
PERS_5679,Head Constable,Peace Station (HQ),38,51.9,1,0.21,6.2,3,1,23.9,6.1,0.02,0
PERS_5680,Constable,Dense Forest (Bastar),24,63.2,0,0.1,5.7,2,2,22.8,7.9,0.19,1
PERS_5681,Constable,Dense Forest (Bastar),29,53.2,3,0.25,5.6,4,5,21.2,9.1,0.07,1
PERS_5682,Sub-Inspector,High Altitude (Ladakh/Sikkim),53,45.4,2,0.81,5.9,3,6,25.6,7.6,0.22,1
PERS_5683,Constable,Counter-Insurgency (J&K),120,70.6,2,0.26,4.9,1,9,22.8,15.3,0.07,2
PERS_5684,ASI,Border Outpost (Thar),78,70.6,1,0.43,4.7,2,6,18.1,12.6,0.07,2
PERS_5685,Constable,Dense Forest (Bastar),49,59.3,0,0.16,6.3,3,3,21.0,6.5,0.11,1
PERS_5686,Constable,Border Outpost (Thar),3,56.6,1,0.32,5.3,4,3,15.1,6.0,0.66,0
PERS_5687,Constable,Peace Station (HQ),46,65.4,2,0.84,5.0,3,6,18.8,13.1,0.01,1
PERS_5688,Head Constable,Counter-Insurgency (J&K),28,48.1,1,0.32,6.8,4,1,24.2,4.1,0.03,0
PERS_5689,Inspector,High Altitude (Ladakh/Sikkim),96,50.4,2,0.77,6.1,2,8,17.3,7.8,0.07,2
PERS_5690,Constable,Border Outpost (Thar),28,54.4,0,0.47,7.0,5,2,20.5,2.6,0.15,0
PERS_5691,Constable,Counter-Insurgency (J&K),123,77.6,1,0.07,4.3,1,9,17.9,16.2,0.11,2
PERS_5692,Constable,High Altitude (Ladakh/Sikkim),73,58.3,0,0.34,6.3,4,6,18.0,7.1,0.0,0
PERS_5693,Head Constable,Border Outpost (Thar),32,57.5,2,0.29,4.9,3,5,8.4,9.7,0.08,1
PERS_5694,Constable,Counter-Insurgency (J&K),26,51.3,1,0.2,6.8,4,1,26.7,6.6,0.02,0
PERS_5695,Sub-Inspector,Dense Forest (Bastar),23,53.2,4,0.49,6.2,4,6,39.1,9.5,0.11,1
PERS_5696,Head Constable,Border Outpost (Thar),21,44.8,1,0.16,6.7,4,1,8.6,3.0,0.05,0
PERS_5697,Head Constable,Counter-Insurgency (J&K),55,59.0,1,0.12,5.6,3,3,34.9,8.1,0.19,0
PERS_5698,Constable,High Altitude (Ladakh/Sikkim),24,59.2,2,0.08,4.0,2,3,42.7,7.8,0.69,1
PERS_5699,Inspector,Counter-Insurgency (J&K),9,33.9,1,0.39,7.0,5,1,26.3,4.1,0.09,0
PERS_5700,Constable,Dense Forest (Bastar),23,35.3,3,0.36,6.9,5,3,52.7,4.6,0.13,0
PERS_5701,Constable,Border Outpost (Thar),27,33.2,3,0.42,6.8,5,3,21.5,3.4,0.02,1
PERS_5702,Head Constable,Border Outpost (Thar),81,70.9,0,0.06,6.2,2,5,33.3,11.5,0.04,2
PERS_5703,Head Constable,Border Outpost (Thar),41,42.9,2,0.21,7.5,4,1,39.1,2.4,0.13,0
PERS_5704,Constable,Dense Forest (Bastar),12,52.7,2,0.19,5.6,4,4,26.4,9.5,0.1,1
PERS_5705,Constable,High Altitude (Ladakh/Sikkim),15,67.4,4,0.28,3.5,4,5,77.4,13.1,0.01,2
PERS_5706,ASI,Border Outpost (Thar),34,54.7,1,0.35,6.6,4,3,31.0,8.1,0.08,1
PERS_5707,Constable,High Altitude (Ladakh/Sikkim),159,69.0,1,0.19,5.4,1,9,27.4,13.7,0.07,2
PERS_5708,ASI,Counter-Insurgency (J&K),22,41.8,2,0.28,5.9,3,2,22.1,2.4,0.01,0
PERS_5709,Head Constable,High Altitude (Ladakh/Sikkim),8,52.1,2,0.37,5.1,4,3,8.2,6.0,0.63,1
PERS_5710,Constable,High Altitude (Ladakh/Sikkim),18,39.8,3,0.18,6.7,5,2,22.2,5.3,0.01,0
PERS_5711,Head Constable,Border Outpost (Thar),13,30.3,3,0.07,6.8,5,2,19.4,3.7,0.11,0
PERS_5712,Constable,Peace Station (HQ),9,49.4,0,0.07,6.2,5,1,13.8,3.7,0.03,0
PERS_5713,ASI,Peace Station (HQ),37,54.9,3,0.14,5.4,3,5,28.3,10.3,0.17,1
PERS_5714,Head Constable,Dense Forest (Bastar),22,44.9,3,0.39,5.2,4,4,18.2,4.6,0.71,0
PERS_5715,Constable,Dense Forest (Bastar),8,41.3,3,0.11,6.5,5,1,83.5,6.1,0.06,0
PERS_5716,Head Constable,Peace Station (HQ),28,48.7,2,0.34,6.7,4,3,77.8,4.2,0.01,1
PERS_5717,Inspector,Counter-Insurgency (J&K),57,46.4,2,0.27,6.8,3,3,25.6,8.2,0.07,0
PERS_5718,Constable,Border Outpost (Thar),45,59.9,0,0.24,6.5,3,3,25.0,4.4,0.07,0
PERS_5719,Sub-Inspector,Border Outpost (Thar),64,58.9,3,0.21,5.2,2,8,19.3,14.0,0.06,2
PERS_5720,Constable,Counter-Insurgency (J&K),58,70.1,1,0.34,5.2,1,5,43.2,10.4,0.07,1
PERS_5721,Constable,Counter-Insurgency (J&K),18,46.2,0,0.24,6.6,5,2,20.0,2.4,0.09,0
PERS_5722,Constable,Peace Station (HQ),62,54.9,1,0.6,6.9,3,5,48.6,9.3,0.1,1
PERS_5723,Constable,Dense Forest (Bastar),46,54.3,2,0.1,6.1,4,3,16.8,9.1,0.01,0
PERS_5724,Constable,Counter-Insurgency (J&K),31,47.4,2,0.27,5.7,4,4,10.8,8.6,0.08,1
PERS_5725,Constable,Dense Forest (Bastar),31,31.3,2,0.06,6.2,4,1,36.4,3.7,0.02,0
PERS_5726,Sub-Inspector,High Altitude (Ladakh/Sikkim),86,61.0,2,0.56,5.0,3,9,17.4,12.0,0.03,2
PERS_5727,ASI,Border Outpost (Thar),61,77.4,1,0.46,5.6,2,8,17.6,13.2,0.18,2
PERS_5728,Head Constable,Peace Station (HQ),25,60.5,1,0.18,6.1,4,2,27.5,7.4,0.03,0
PERS_5729,Constable,Border Outpost (Thar),24,70.0,1,0.09,5.4,3,2,14.2,12.5,0.67,0
PERS_5730,Constable,Peace Station (HQ),10,58.0,0,0.62,7.2,4,1,35.0,3.1,0.04,1
PERS_5731,Constable,High Altitude (Ladakh/Sikkim),40,50.5,1,0.07,5.2,3,2,70.3,6.8,0.62,0
PERS_5732,Head Constable,Border Outpost (Thar),41,58.1,0,0.08,6.4,3,1,29.7,8.3,0.04,0
PERS_5733,Sub-Inspector,High Altitude (Ladakh/Sikkim),82,66.9,3,0.68,5.3,1,9,48.0,10.7,0.02,2
PERS_5734,Constable,Peace Station (HQ),44,36.4,2,0.21,6.2,5,1,15.6,4.2,0.04,0
PERS_5735,Constable,Counter-Insurgency (J&K),27,55.1,2,0.24,5.2,4,3,61.2,5.6,0.71,0
PERS_5736,Head Constable,Border Outpost (Thar),21,49.1,1,0.19,6.4,4,2,18.8,4.7,0.07,0
PERS_5737,Constable,High Altitude (Ladakh/Sikkim),49,67.7,1,0.42,5.1,2,7,58.4,10.4,0.11,2
PERS_5738,Constable,Border Outpost (Thar),86,60.3,2,0.45,5.2,3,7,25.4,9.6,0.02,2
PERS_5739,Head Constable,Border Outpost (Thar),12,25.0,2,0.16,7.6,5,1,41.5,0.8,0.19,0
PERS_5740,Head Constable,Border Outpost (Thar),47,57.1,1,0.23,5.7,3,5,18.1,6.5,0.02,2
PERS_5741,Constable,Dense Forest (Bastar),60,33.4,1,0.5,7.2,4,1,55.6,3.6,0.09,0
PERS_5742,Constable,High Altitude (Ladakh/Sikkim),10,61.7,4,0.06,3.9,4,6,26.7,13.2,0.1,1
PERS_5743,Inspector,High Altitude (Ladakh/Sikkim),44,44.7,1,0.39,6.7,4,2,11.3,5.8,0.18,1
PERS_5744,Constable,Border Outpost (Thar),22,38.9,0,0.37,7.7,5,1,38.3,1.2,0.17,0
PERS_5745,Constable,Counter-Insurgency (J&K),10,41.3,0,0.02,7.5,4,1,23.6,0.3,0.06,0
PERS_5746,Constable,Border Outpost (Thar),29,42.0,3,0.31,5.7,5,5,10.9,5.2,0.09,1
PERS_5747,Constable,Dense Forest (Bastar),5,46.9,2,0.51,5.7,5,2,21.9,6.4,0.08,0
PERS_5748,Constable,Peace Station (HQ),51,44.5,1,0.66,6.6,4,3,9.8,2.9,0.06,1
PERS_5749,ASI,Dense Forest (Bastar),12,46.2,1,0.25,6.4,5,1,8.8,6.5,0.03,0
PERS_5750,Constable,Counter-Insurgency (J&K),83,40.9,2,0.13,5.9,4,4,33.9,7.3,0.03,1
PERS_5751,Constable,Border Outpost (Thar),23,47.8,1,0.47,6.0,5,2,36.6,3.2,0.05,0
PERS_5752,Head Constable,High Altitude (Ladakh/Sikkim),28,65.0,1,0.05,5.9,3,2,13.7,8.0,0.05,1
PERS_5753,Head Constable,Border Outpost (Thar),20,45.5,1,0.04,5.3,4,1,8.7,6.2,0.73,0
PERS_5754,ASI,Counter-Insurgency (J&K),18,56.0,0,0.49,6.9,4,1,60.6,6.5,0.18,0
PERS_5755,ASI,High Altitude (Ladakh/Sikkim),45,39.9,3,0.52,6.4,4,4,87.0,6.9,0.05,0
PERS_5756,Constable,Dense Forest (Bastar),62,60.0,2,0.31,5.9,3,5,15.9,8.2,0.01,1
PERS_5757,ASI,Peace Station (HQ),72,66.6,3,0.38,4.5,2,8,19.2,15.4,0.09,2
PERS_5758,Head Constable,Peace Station (HQ),32,65.5,2,0.29,5.8,3,4,45.5,10.0,0.18,1
PERS_5759,Inspector,Border Outpost (Thar),79,57.9,4,0.06,5.2,3,8,23.7,14.8,0.1,2
PERS_5760,Head Constable,Dense Forest (Bastar),15,56.2,4,0.28,6.2,3,3,25.5,10.6,0.01,1
PERS_5761,Inspector,Counter-Insurgency (J&K),51,40.3,1,0.13,8.4,5,1,23.7,3.6,0.02,0
PERS_5762,ASI,Peace Station (HQ),35,47.7,1,0.11,6.1,4,2,39.4,5.7,0.03,0
PERS_5763,Constable,Dense Forest (Bastar),111,51.1,2,0.28,7.9,3,4,45.8,8.8,0.04,1
PERS_5764,Head Constable,Border Outpost (Thar),64,57.7,3,0.03,6.0,3,4,60.8,12.5,0.17,2
PERS_5765,Inspector,High Altitude (Ladakh/Sikkim),39,46.6,3,0.26,5.6,4,2,29.8,7.4,0.13,1
PERS_5766,ASI,Border Outpost (Thar),16,56.5,2,0.44,4.8,3,5,97.1,10.4,0.04,1
PERS_5767,Constable,Border Outpost (Thar),19,74.6,2,0.16,4.2,3,6,22.8,12.6,0.05,2
PERS_5768,Head Constable,Dense Forest (Bastar),30,57.2,1,0.21,5.8,4,3,21.1,8.0,0.01,0
PERS_5769,Constable,Peace Station (HQ),42,66.3,1,0.12,5.8,3,5,56.6,11.4,0.03,2
PERS_5770,Constable,Dense Forest (Bastar),39,40.1,3,0.41,5.6,3,3,19.4,6.2,0.15,0
PERS_5771,Constable,High Altitude (Ladakh/Sikkim),16,48.8,4,0.19,5.1,4,4,23.7,11.4,0.64,1
PERS_5772,Constable,Dense Forest (Bastar),15,51.7,0,0.42,7.2,5,1,7.4,4.8,0.0,0
PERS_5773,ASI,Counter-Insurgency (J&K),40,52.7,2,0.41,5.3,4,6,36.8,9.4,0.03,2
PERS_5774,Constable,Border Outpost (Thar),36,70.0,2,0.42,4.7,3,7,26.6,13.8,0.02,2
PERS_5775,ASI,Peace Station (HQ),52,45.8,1,0.29,6.2,3,2,23.8,6.5,0.03,1
PERS_5776,Constable,High Altitude (Ladakh/Sikkim),26,53.8,3,0.07,6.4,4,4,62.5,9.6,0.04,1
PERS_5777,Constable,Border Outpost (Thar),18,25.5,2,0.13,7.1,5,1,5.3,3.8,0.05,0
PERS_5778,Constable,Dense Forest (Bastar),30,55.2,1,0.41,6.3,3,4,39.1,7.4,0.03,1
PERS_5779,Constable,Counter-Insurgency (J&K),33,56.4,2,0.15,5.0,4,3,43.8,3.6,0.09,0
PERS_5780,Constable,Dense Forest (Bastar),1,47.6,1,0.57,6.1,5,1,34.3,3.9,0.23,0
PERS_5781,Constable,Border Outpost (Thar),50,57.0,2,0.47,5.3,3,7,33.1,11.0,0.03,2
PERS_5782,Head Constable,High Altitude (Ladakh/Sikkim),12,43.6,0,0.36,6.5,5,2,33.1,2.2,0.13,0
PERS_5783,Constable,Peace Station (HQ),96,45.4,0,0.42,7.3,5,5,10.0,3.4,0.28,0
PERS_5784,Constable,Border Outpost (Thar),98,47.9,2,0.22,5.2,2,6,15.0,8.1,0.08,1
PERS_5785,Constable,High Altitude (Ladakh/Sikkim),9,40.4,2,0.24,6.6,5,1,26.6,5.3,0.07,0
PERS_5786,Sub-Inspector,Border Outpost (Thar),30,38.1,2,0.17,6.8,5,2,30.8,2.7,0.13,0
PERS_5787,Sub-Inspector,Counter-Insurgency (J&K),25,37.2,2,0.18,6.9,5,2,20.4,4.5,0.02,0
PERS_5788,Head Constable,Dense Forest (Bastar),23,42.0,3,0.28,6.5,5,1,69.4,5.8,0.11,0
PERS_5789,Constable,Peace Station (HQ),47,49.1,3,0.5,6.2,3,6,28.8,9.9,0.16,1
PERS_5790,Constable,High Altitude (Ladakh/Sikkim),16,50.9,1,0.29,5.9,5,1,78.0,6.9,0.09,0
PERS_5791,Inspector,Peace Station (HQ),24,38.2,1,0.27,7.4,4,1,16.9,3.0,0.17,0
PERS_5792,Constable,Peace Station (HQ),17,40.4,1,0.36,7.0,4,1,29.0,2.3,0.16,0
PERS_5793,Constable,Peace Station (HQ),62,48.1,2,0.42,6.7,3,4,22.8,7.1,0.03,1
PERS_5794,Constable,High Altitude (Ladakh/Sikkim),107,63.1,3,0.47,4.5,1,9,36.2,12.6,0.18,2
PERS_5795,Constable,High Altitude (Ladakh/Sikkim),26,38.6,2,0.38,5.6,5,2,33.4,4.5,0.0,0
PERS_5796,Constable,Peace Station (HQ),51,47.9,2,0.11,6.0,3,3,61.9,9.1,0.03,1
PERS_5797,ASI,Dense Forest (Bastar),84,66.1,2,0.11,5.0,2,7,14.2,10.8,0.07,2
PERS_5798,Constable,Border Outpost (Thar),26,42.7,2,0.41,7.1,5,3,52.0,2.6,0.01,0
PERS_5799,Head Constable,Peace Station (HQ),45,40.0,4,0.29,6.2,4,3,72.2,7.4,0.1,1
PERS_5800,Constable,Counter-Insurgency (J&K),40,51.1,3,0.33,4.7,3,6,29.3,9.7,0.0,1
PERS_5801,Constable,Peace Station (HQ),52,44.9,3,0.32,6.5,4,5,9.8,6.8,0.07,1
PERS_5802,Sub-Inspector,High Altitude (Ladakh/Sikkim),33,25.0,2,0.07,6.9,5,1,47.5,1.5,0.04,0
PERS_5803,Constable,Border Outpost (Thar),59,55.9,1,0.27,5.6,3,2,36.1,7.4,0.02,1
PERS_5804,ASI,Counter-Insurgency (J&K),15,58.2,0,0.14,6.5,3,1,35.9,7.4,0.04,0
PERS_5805,Head Constable,Border Outpost (Thar),49,52.7,0,0.08,6.9,3,1,44.5,7.2,0.1,0
PERS_5806,Constable,Border Outpost (Thar),22,60.6,0,0.27,6.2,3,1,25.2,4.0,0.13,0
PERS_5807,Inspector,Counter-Insurgency (J&K),27,57.1,4,0.57,4.6,4,8,29.3,12.6,0.03,2
PERS_5808,Constable,Peace Station (HQ),72,46.7,0,0.55,6.3,3,4,11.0,1.0,0.08,2
PERS_5809,ASI,Peace Station (HQ),21,70.6,1,0.01,5.2,4,4,21.7,11.9,0.64,1
PERS_5810,Constable,Peace Station (HQ),36,54.8,2,0.32,6.4,5,3,43.8,8.1,0.14,1
PERS_5811,ASI,Dense Forest (Bastar),57,58.0,2,0.23,5.5,4,5,11.8,9.3,0.08,2
PERS_5812,Constable,Peace Station (HQ),26,40.7,3,0.22,7.2,5,3,27.8,3.4,0.0,0
PERS_5813,Head Constable,Counter-Insurgency (J&K),54,37.9,0,0.21,7.6,4,1,55.0,3.1,0.22,0
PERS_5814,ASI,Dense Forest (Bastar),39,41.1,4,0.16,5.1,4,4,38.8,6.4,0.76,1
PERS_5815,Sub-Inspector,Peace Station (HQ),50,62.2,1,0.17,5.2,3,4,28.8,11.6,0.67,1
PERS_5816,Sub-Inspector,Dense Forest (Bastar),60,71.1,4,0.29,4.5,3,9,40.4,15.6,0.07,2
PERS_5817,ASI,Counter-Insurgency (J&K),53,56.2,2,0.19,5.8,3,3,47.5,9.8,0.02,1
PERS_5818,Sub-Inspector,Peace Station (HQ),96,58.5,2,0.21,4.6,3,5,32.3,11.0,0.15,2
PERS_5819,Constable,High Altitude (Ladakh/Sikkim),41,61.8,1,0.12,5.8,3,3,61.0,10.0,0.01,1
PERS_5820,Constable,Counter-Insurgency (J&K),21,63.9,2,0.18,5.5,3,4,29.6,6.9,0.15,1
PERS_5821,Constable,Border Outpost (Thar),61,39.6,2,0.34,5.8,4,3,7.4,6.1,0.13,1
PERS_5822,Constable,Border Outpost (Thar),44,68.7,0,0.56,5.6,4,5,38.6,6.7,0.03,1
PERS_5823,Constable,Counter-Insurgency (J&K),42,48.4,0,0.35,6.5,5,1,44.1,5.4,0.22,0
PERS_5824,Head Constable,Border Outpost (Thar),45,63.3,4,0.06,4.0,3,8,23.0,12.4,0.09,2
PERS_5825,Constable,Counter-Insurgency (J&K),41,41.4,2,0.53,5.9,4,4,55.1,6.2,0.08,1
PERS_5826,Head Constable,High Altitude (Ladakh/Sikkim),38,62.1,3,0.5,3.7,1,9,41.0,11.7,0.01,2
PERS_5827,Constable,Counter-Insurgency (J&K),17,35.4,2,0.22,6.0,5,1,21.5,4.9,0.13,0
PERS_5828,Constable,Peace Station (HQ),61,65.3,1,0.1,6.1,3,3,71.1,10.1,0.02,1
PERS_5829,Head Constable,Peace Station (HQ),15,55.9,1,0.01,5.8,3,1,29.1,6.0,0.15,0
PERS_5830,ASI,Dense Forest (Bastar),17,34.0,4,0.27,7.1,5,2,19.2,5.4,0.03,0
PERS_5831,Head Constable,Border Outpost (Thar),43,65.1,2,0.16,4.5,3,7,14.9,9.9,0.03,1
PERS_5832,Head Constable,Border Outpost (Thar),53,43.5,1,0.36,7.0,4,3,27.2,8.2,0.05,0
PERS_5833,Constable,Counter-Insurgency (J&K),13,60.7,2,0.35,5.5,4,3,52.8,9.6,0.02,0
PERS_5834,Head Constable,Border Outpost (Thar),39,53.3,0,0.16,6.7,4,1,64.0,5.2,0.01,0
PERS_5835,Constable,Peace Station (HQ),18,37.3,3,0.07,7.0,5,2,24.5,1.2,0.02,0
PERS_5836,Constable,High Altitude (Ladakh/Sikkim),53,43.2,0,0.54,6.5,4,3,24.7,4.8,0.02,0
PERS_5837,Constable,Counter-Insurgency (J&K),31,90.0,1,0.25,4.7,1,5,48.0,11.6,0.25,2
PERS_5838,Constable,Border Outpost (Thar),65,77.6,0,0.08,5.0,2,7,16.1,11.1,0.06,2
PERS_5839,Constable,Peace Station (HQ),60,51.9,0,0.24,7.1,4,3,11.0,4.6,0.01,0
PERS_5840,Inspector,Dense Forest (Bastar),62,58.4,2,0.2,5.4,2,5,65.5,12.8,0.01,2
PERS_5841,Inspector,Border Outpost (Thar),47,64.7,2,0.14,6.0,3,4,65.2,10.7,0.04,1
PERS_5842,Constable,High Altitude (Ladakh/Sikkim),24,37.5,3,0.45,5.8,5,4,74.3,4.3,0.15,0
PERS_5843,Constable,High Altitude (Ladakh/Sikkim),56,60.5,2,0.25,4.5,2,7,40.0,9.2,0.06,2
PERS_5844,Constable,Border Outpost (Thar),22,60.1,1,0.33,6.3,3,2,37.9,7.9,0.11,1
PERS_5845,Constable,Border Outpost (Thar),30,54.6,2,0.57,5.8,4,6,44.1,9.6,0.12,1
PERS_5846,Sub-Inspector,Peace Station (HQ),56,67.5,3,0.05,4.7,2,6,51.0,13.1,0.15,1
PERS_5847,Constable,Border Outpost (Thar),103,59.8,1,0.37,6.6,2,7,60.9,9.1,0.0,2
PERS_5848,ASI,Dense Forest (Bastar),64,65.5,1,0.36,5.7,2,5,42.3,10.1,0.2,2
PERS_5849,Constable,Peace Station (HQ),48,55.2,2,0.04,5.5,3,4,33.6,10.9,0.06,1
PERS_5850,Inspector,Counter-Insurgency (J&K),24,35.1,1,0.13,7.3,5,1,22.3,2.9,0.06,0
PERS_5851,Constable,Dense Forest (Bastar),24,59.8,1,0.07,7.0,5,1,27.0,6.9,0.15,1
PERS_5852,ASI,Peace Station (HQ),51,66.1,3,0.11,4.8,2,7,66.7,11.7,0.0,1
PERS_5853,Constable,Peace Station (HQ),41,50.6,3,0.46,6.0,4,5,44.6,10.0,0.01,1
PERS_5854,Head Constable,High Altitude (Ladakh/Sikkim),12,35.8,2,0.41,6.4,5,1,95.0,4.8,0.05,0
PERS_5855,Constable,Peace Station (HQ),35,60.2,3,0.16,5.4,3,4,21.6,12.6,0.86,1
PERS_5856,Constable,Dense Forest (Bastar),71,58.3,1,0.3,5.7,3,6,46.0,10.3,0.24,2
PERS_5857,Sub-Inspector,Border Outpost (Thar),43,55.3,2,0.25,4.6,3,4,16.2,10.3,0.7,1
PERS_5858,Sub-Inspector,Dense Forest (Bastar),23,52.2,2,0.15,6.0,4,4,15.1,7.7,0.02,0
PERS_5859,Sub-Inspector,Counter-Insurgency (J&K),56,63.7,2,0.17,5.3,2,5,13.6,9.8,0.15,1
PERS_5860,Head Constable,Peace Station (HQ),81,59.0,1,0.14,6.1,2,5,29.8,9.6,0.13,1
PERS_5861,ASI,Peace Station (HQ),62,49.5,2,0.5,5.9,4,5,64.2,7.3,0.01,1
PERS_5862,Constable,Peace Station (HQ),48,36.6,3,0.62,7.0,5,5,79.1,3.2,0.08,1
PERS_5863,Constable,Peace Station (HQ),23,45.7,2,0.24,6.4,5,4,56.1,8.7,0.05,0
PERS_5864,Constable,High Altitude (Ladakh/Sikkim),30,60.1,1,0.09,5.6,2,2,13.2,6.8,0.03,0
PERS_5865,Head Constable,High Altitude (Ladakh/Sikkim),34,48.1,0,0.09,7.7,5,1,27.0,2.2,0.19,0
PERS_5866,Constable,Border Outpost (Thar),18,58.9,1,0.1,6.1,4,1,81.6,7.5,0.06,1
PERS_5867,Constable,Peace Station (HQ),38,37.7,0,0.48,7.7,5,1,14.9,1.9,0.04,0
PERS_5868,Head Constable,Counter-Insurgency (J&K),59,43.8,3,0.44,5.6,3,6,6.7,8.6,0.19,1
PERS_5869,ASI,Border Outpost (Thar),77,45.0,2,0.2,7.5,3,3,10.7,5.8,0.14,1
PERS_5870,Constable,Peace Station (HQ),5,49.9,2,0.18,5.4,4,2,28.5,7.7,0.65,1
PERS_5871,Constable,High Altitude (Ladakh/Sikkim),28,68.7,3,0.09,4.2,2,7,39.2,14.7,0.0,2
PERS_5872,Constable,Counter-Insurgency (J&K),52,75.6,0,0.12,5.2,2,4,19.6,9.5,0.61,1
PERS_5873,Constable,Border Outpost (Thar),40,62.6,2,0.31,5.1,3,4,27.2,8.6,0.63,1
PERS_5874,Constable,Counter-Insurgency (J&K),68,35.2,1,0.04,7.7,4,1,49.5,-0.1,0.19,0
PERS_5875,Head Constable,Peace Station (HQ),46,45.1,0,0.32,7.5,4,1,26.3,2.7,0.06,0
PERS_5876,Head Constable,Dense Forest (Bastar),70,25.0,1,0.48,8.3,5,2,71.6,1.0,0.0,0
PERS_5877,Head Constable,Counter-Insurgency (J&K),51,54.8,4,0.25,4.8,3,7,19.8,12.3,0.05,2
PERS_5878,Constable,Counter-Insurgency (J&K),30,67.2,2,0.09,5.7,2,4,36.7,9.6,0.08,1
PERS_5879,ASI,High Altitude (Ladakh/Sikkim),32,59.4,0,0.07,5.9,4,1,48.5,8.8,0.04,0
PERS_5880,Constable,Peace Station (HQ),24,32.7,2,0.4,6.5,5,1,26.9,4.7,0.07,0
PERS_5881,Head Constable,Counter-Insurgency (J&K),12,63.1,1,0.02,4.9,3,2,36.8,9.1,0.66,0
PERS_5882,ASI,Peace Station (HQ),90,69.0,0,0.15,5.5,2,5,49.9,10.0,0.03,1
PERS_5883,Constable,High Altitude (Ladakh/Sikkim),18,65.2,2,0.47,5.1,3,5,15.6,8.5,0.02,2
PERS_5884,Constable,Peace Station (HQ),30,62.1,1,0.67,5.4,4,4,42.5,7.5,0.61,0
PERS_5885,Sub-Inspector,High Altitude (Ladakh/Sikkim),57,48.4,3,0.42,5.3,4,5,40.3,8.1,0.32,1
PERS_5886,Constable,High Altitude (Ladakh/Sikkim),158,45.3,2,0.27,6.9,3,6,43.7,9.6,0.24,2
PERS_5887,Head Constable,Border Outpost (Thar),81,67.8,0,0.48,5.4,2,6,59.7,10.6,0.16,1
PERS_5888,Constable,Peace Station (HQ),53,61.1,1,0.26,5.6,3,5,35.8,6.7,0.18,1
PERS_5889,Head Constable,Dense Forest (Bastar),13,29.6,2,0.22,7.5,5,1,17.0,2.5,0.12,0
PERS_5890,Constable,Border Outpost (Thar),99,48.3,1,0.43,5.6,2,5,5.0,8.5,0.08,1
PERS_5891,Constable,High Altitude (Ladakh/Sikkim),105,49.1,2,0.14,5.3,3,6,25.6,10.3,0.1,2
PERS_5892,Head Constable,Dense Forest (Bastar),41,59.4,3,0.21,5.4,3,7,69.2,10.7,0.0,1
PERS_5893,Constable,Counter-Insurgency (J&K),67,54.5,3,0.59,4.2,3,8,30.3,10.8,0.18,2
PERS_5894,Constable,Counter-Insurgency (J&K),31,48.5,2,0.16,5.2,3,3,20.5,9.6,0.64,1
PERS_5895,Constable,Border Outpost (Thar),65,50.3,3,0.26,4.5,3,6,25.2,8.8,0.08,2
PERS_5896,Constable,Dense Forest (Bastar),15,38.2,1,0.22,6.9,3,1,19.8,-0.3,0.01,0
PERS_5897,Constable,Peace Station (HQ),41,61.8,1,0.14,5.0,3,3,27.2,8.1,0.65,1
PERS_5898,Constable,Dense Forest (Bastar),28,43.5,3,0.53,5.4,4,6,17.6,9.2,0.15,1
PERS_5899,Sub-Inspector,Border Outpost (Thar),39,63.5,1,0.03,6.3,3,2,17.9,8.7,0.1,1
PERS_5900,Constable,Peace Station (HQ),75,41.6,2,0.41,6.4,4,4,55.4,5.2,0.08,1
PERS_5901,Head Constable,Peace Station (HQ),32,46.3,2,0.16,6.4,5,2,66.2,7.1,0.02,0
PERS_5902,Constable,Counter-Insurgency (J&K),136,81.2,1,0.46,4.8,1,10,13.0,15.9,0.16,2
PERS_5903,Constable,Dense Forest (Bastar),129,63.2,1,0.29,6.3,1,6,25.1,11.2,0.11,2
PERS_5904,Sub-Inspector,Peace Station (HQ),100,53.1,2,0.19,5.5,2,7,37.3,8.5,0.09,1
PERS_5905,Constable,Border Outpost (Thar),45,46.2,3,0.5,5.7,3,6,5.7,9.3,0.03,2
PERS_5906,Inspector,Counter-Insurgency (J&K),141,53.4,0,0.05,6.6,2,3,35.7,7.1,0.04,1
PERS_5907,Constable,Peace Station (HQ),61,58.6,2,0.07,4.9,2,5,24.1,12.4,0.18,1
PERS_5908,Head Constable,Dense Forest (Bastar),7,57.7,2,0.05,5.4,3,3,61.9,6.3,0.62,0
PERS_5909,Head Constable,Counter-Insurgency (J&K),10,51.5,1,0.14,6.5,4,1,10.4,5.8,0.17,0
PERS_5910,Sub-Inspector,Dense Forest (Bastar),48,52.2,1,0.18,6.8,4,3,42.5,4.5,0.07,0
PERS_5911,Head Constable,Dense Forest (Bastar),14,55.4,1,0.03,5.6,5,1,22.2,4.8,0.07,0
PERS_5912,Head Constable,Dense Forest (Bastar),102,44.2,2,0.59,7.0,4,5,76.0,8.0,0.03,1
PERS_5913,Constable,Counter-Insurgency (J&K),16,53.4,2,0.43,5.6,4,2,54.6,6.3,0.07,1
PERS_5914,Constable,Peace Station (HQ),28,55.1,4,0.04,5.5,3,6,15.2,10.0,0.06,1
PERS_5915,Sub-Inspector,High Altitude (Ladakh/Sikkim),15,52.2,1,0.58,6.3,5,4,36.9,4.2,0.01,0
PERS_5916,Constable,Peace Station (HQ),30,45.4,4,0.06,5.5,5,4,23.3,11.2,0.11,1
PERS_5917,Constable,Counter-Insurgency (J&K),71,47.3,2,0.27,5.9,4,4,7.3,7.0,0.0,1
PERS_5918,ASI,High Altitude (Ladakh/Sikkim),47,39.7,1,0.03,8.0,4,1,41.5,4.3,0.08,0
PERS_5919,Constable,High Altitude (Ladakh/Sikkim),68,69.5,1,0.51,4.7,2,10,33.1,10.6,0.1,2
PERS_5920,Inspector,High Altitude (Ladakh/Sikkim),31,50.5,2,0.33,6.6,5,3,20.8,4.4,0.12,1
PERS_5921,Head Constable,Border Outpost (Thar),30,46.8,3,0.28,5.1,4,5,18.2,8.3,0.02,1
PERS_5922,Head Constable,Counter-Insurgency (J&K),27,45.5,2,0.05,5.9,4,1,93.7,7.6,0.16,0
PERS_5923,Sub-Inspector,Border Outpost (Thar),21,40.5,2,0.07,7.6,5,1,55.3,3.6,0.03,0
PERS_5924,Constable,High Altitude (Ladakh/Sikkim),17,44.3,1,0.61,7.2,5,2,45.4,3.3,0.04,0
PERS_5925,Constable,Border Outpost (Thar),23,62.4,0,0.17,6.3,3,1,49.5,7.0,0.04,1
PERS_5926,Head Constable,Border Outpost (Thar),13,55.1,0,0.12,6.7,2,1,34.8,5.9,0.05,0
PERS_5927,Constable,Counter-Insurgency (J&K),61,62.4,0,0.28,6.8,3,4,53.3,7.7,0.01,1
PERS_5928,Head Constable,Dense Forest (Bastar),89,66.5,3,0.21,4.8,2,8,7.2,12.5,0.04,2
PERS_5929,Sub-Inspector,Border Outpost (Thar),10,71.0,3,0.55,4.3,3,8,48.6,11.7,0.21,2
PERS_5930,Constable,Border Outpost (Thar),44,52.7,1,0.35,6.6,5,2,14.9,7.3,0.08,0
PERS_5931,Constable,High Altitude (Ladakh/Sikkim),60,49.7,3,0.21,5.4,4,5,5.9,8.2,0.07,1
PERS_5932,Inspector,High Altitude (Ladakh/Sikkim),50,57.4,1,0.4,5.8,4,5,39.9,7.7,0.1,1
PERS_5933,Constable,High Altitude (Ladakh/Sikkim),6,55.1,1,0.64,5.7,4,3,64.3,7.9,0.06,0
PERS_5934,Head Constable,Peace Station (HQ),61,53.8,1,0.17,5.6,3,3,27.6,8.2,0.12,1
PERS_5935,Constable,Border Outpost (Thar),79,47.0,0,0.65,7.4,4,4,18.6,4.5,0.37,0
PERS_5936,Sub-Inspector,High Altitude (Ladakh/Sikkim),47,54.6,1,0.46,6.1,2,3,59.9,5.4,0.14,1
PERS_5937,Head Constable,Counter-Insurgency (J&K),21,55.5,1,0.15,5.1,5,2,11.2,5.2,0.66,0
PERS_5938,ASI,Peace Station (HQ),23,53.8,1,0.22,6.0,3,2,29.3,7.1,0.04,0
PERS_5939,ASI,Dense Forest (Bastar),10,30.6,1,0.84,7.8,5,1,11.0,0.7,0.03,0
PERS_5940,Constable,Border Outpost (Thar),67,38.8,2,0.31,6.3,3,3,60.1,4.0,0.01,0
PERS_5941,Constable,Border Outpost (Thar),65,61.7,1,0.44,5.9,3,4,61.4,10.7,0.03,1
PERS_5942,ASI,Counter-Insurgency (J&K),42,48.5,4,0.5,3.8,4,8,28.8,9.4,0.02,2
PERS_5943,Constable,Dense Forest (Bastar),43,74.5,3,0.16,5.0,2,5,19.7,12.7,0.01,2
PERS_5944,ASI,Dense Forest (Bastar),14,62.8,3,0.36,4.9,4,6,43.4,10.2,0.1,1
PERS_5945,Sub-Inspector,Peace Station (HQ),25,37.8,2,0.06,5.6,5,2,56.9,7.4,0.01,0
PERS_5946,Head Constable,Border Outpost (Thar),8,59.1,2,0.01,3.4,3,6,44.2,10.9,0.13,1
PERS_5947,Head Constable,High Altitude (Ladakh/Sikkim),25,66.5,1,0.42,5.6,2,5,63.5,9.5,0.05,1
PERS_5948,ASI,Counter-Insurgency (J&K),47,48.2,2,0.18,5.5,4,3,38.9,6.7,0.03,1
PERS_5949,ASI,Counter-Insurgency (J&K),39,51.0,1,0.07,6.6,4,2,24.0,4.9,0.29,1
PERS_5950,Constable,Counter-Insurgency (J&K),30,45.5,1,0.05,7.2,5,1,25.1,2.8,0.02,0
PERS_5951,Constable,Counter-Insurgency (J&K),139,50.7,0,0.08,6.4,3,5,35.6,10.6,0.05,1
PERS_5952,Constable,High Altitude (Ladakh/Sikkim),42,68.0,2,0.32,5.4,3,6,6.9,9.7,0.01,1
PERS_5953,Head Constable,High Altitude (Ladakh/Sikkim),44,26.5,1,0.06,8.4,5,1,35.8,-1.5,0.02,0
PERS_5954,Head Constable,Peace Station (HQ),18,43.1,4,0.4,5.8,5,3,8.2,7.4,0.12,1
PERS_5955,Head Constable,Border Outpost (Thar),31,46.9,1,0.28,7.4,5,1,21.1,7.1,0.05,0
PERS_5956,Constable,High Altitude (Ladakh/Sikkim),20,51.6,3,0.42,4.9,4,3,29.0,9.3,0.62,1
PERS_5957,Head Constable,Peace Station (HQ),69,42.5,1,0.26,6.1,4,4,26.7,5.1,0.05,0
PERS_5958,Constable,Dense Forest (Bastar),41,65.6,2,0.26,4.1,3,6,27.0,10.3,0.04,1
PERS_5959,Head Constable,Border Outpost (Thar),2,29.8,2,0.12,7.2,5,1,49.7,3.0,0.05,0
PERS_5960,Head Constable,High Altitude (Ladakh/Sikkim),41,33.9,2,0.58,7.2,5,2,64.0,5.5,0.05,0
PERS_5961,Constable,Dense Forest (Bastar),12,49.8,1,0.14,6.8,4,1,25.4,3.2,0.08,0
PERS_5962,Constable,Peace Station (HQ),23,37.4,2,0.19,6.7,5,2,21.7,3.3,0.17,0
PERS_5963,Head Constable,High Altitude (Ladakh/Sikkim),7,50.8,1,0.2,6.6,5,2,16.6,4.0,0.08,0
PERS_5964,Head Constable,High Altitude (Ladakh/Sikkim),30,43.6,2,0.43,6.6,4,3,45.4,4.6,0.01,0
PERS_5965,Constable,Dense Forest (Bastar),122,68.3,2,0.38,5.2,2,9,54.8,13.8,0.01,2
PERS_5966,Inspector,High Altitude (Ladakh/Sikkim),28,41.5,1,0.27,7.3,4,1,36.5,2.1,0.06,0
PERS_5967,Head Constable,Counter-Insurgency (J&K),80,70.4,1,0.18,5.8,2,5,50.6,11.0,0.0,2
PERS_5968,Inspector,High Altitude (Ladakh/Sikkim),52,59.5,0,0.4,5.6,3,4,62.3,6.5,0.0,1
PERS_5969,Constable,Border Outpost (Thar),23,42.7,3,0.08,5.5,5,2,34.4,6.5,0.17,0
PERS_5970,Head Constable,Dense Forest (Bastar),31,57.3,2,0.48,5.9,4,5,15.7,8.8,0.24,1
PERS_5971,Sub-Inspector,Border Outpost (Thar),31,52.6,1,0.09,5.3,5,2,25.8,8.0,0.68,1
PERS_5972,Head Constable,Peace Station (HQ),12,57.1,1,0.28,5.9,3,1,23.6,7.2,0.03,0
PERS_5973,Head Constable,Border Outpost (Thar),54,59.4,1,0.35,6.5,2,5,53.4,8.3,0.1,1
PERS_5974,Constable,Counter-Insurgency (J&K),45,56.1,1,0.24,7.0,3,2,14.4,11.4,0.14,1
PERS_5975,Constable,Counter-Insurgency (J&K),19,50.5,3,0.46,5.9,4,5,11.0,8.5,0.16,1
PERS_5976,Constable,Border Outpost (Thar),60,63.0,2,0.22,5.5,3,6,47.6,12.9,0.01,1
PERS_5977,Constable,Peace Station (HQ),37,63.4,3,0.4,5.3,3,6,31.1,11.9,0.06,2
PERS_5978,Constable,High Altitude (Ladakh/Sikkim),19,51.3,3,0.04,5.7,3,1,17.0,7.5,0.08,1
PERS_5979,Constable,Counter-Insurgency (J&K),14,55.5,2,0.07,6.1,4,4,32.0,9.5,0.06,0
PERS_5980,Inspector,Border Outpost (Thar),15,58.9,2,0.28,6.6,3,4,35.9,9.6,0.03,1
PERS_5981,Constable,Border Outpost (Thar),68,70.9,2,0.19,4.8,2,7,33.9,13.5,0.02,2
PERS_5982,Head Constable,Border Outpost (Thar),131,75.4,2,0.09,4.3,1,10,25.9,16.7,0.08,2
PERS_5983,ASI,High Altitude (Ladakh/Sikkim),10,59.3,3,0.22,5.8,2,3,46.6,9.2,0.12,1
PERS_5984,Head Constable,Dense Forest (Bastar),33,47.2,3,0.25,5.6,5,4,44.6,9.3,0.03,1
PERS_5985,Constable,Peace Station (HQ),21,37.0,1,0.22,7.5,4,1,36.2,2.7,0.22,0
PERS_5986,Head Constable,Dense Forest (Bastar),25,56.1,3,0.24,5.7,3,4,50.8,9.5,0.07,1
PERS_5987,Head Constable,Peace Station (HQ),61,59.6,2,0.35,4.7,4,6,7.9,8.5,0.07,1
PERS_5988,Head Constable,Peace Station (HQ),8,44.8,1,0.21,6.7,5,1,38.5,6.7,0.12,0
PERS_5989,ASI,Border Outpost (Thar),36,38.3,3,0.32,5.9,5,3,27.5,8.9,0.09,0
PERS_5990,Inspector,Counter-Insurgency (J&K),35,68.1,1,0.33,5.1,4,6,34.6,9.8,0.18,1
PERS_5991,Head Constable,Border Outpost (Thar),22,54.5,3,0.12,5.8,4,3,18.8,8.3,0.04,1
PERS_5992,Constable,High Altitude (Ladakh/Sikkim),59,41.8,4,0.21,4.9,3,7,62.8,9.4,0.04,1
PERS_5993,Head Constable,Peace Station (HQ),46,51.3,1,0.21,6.2,4,2,23.4,6.5,0.1,0
PERS_5994,Constable,Counter-Insurgency (J&K),12,35.8,3,0.02,6.6,5,2,38.5,6.0,0.25,0
PERS_5995,Sub-Inspector,Peace Station (HQ),14,56.2,3,0.44,5.1,4,5,54.2,6.3,0.17,1
PERS_5996,Constable,Peace Station (HQ),80,74.5,2,0.35,4.7,1,9,6.2,14.5,0.04,2
PERS_5997,Constable,Border Outpost (Thar),20,48.1,1,0.17,6.9,5,1,61.7,2.4,0.07,0
PERS_5998,ASI,Counter-Insurgency (J&K),87,55.8,0,0.1,6.9,3,2,59.7,4.8,0.0,0
PERS_5999,Head Constable,Counter-Insurgency (J&K),25,47.7,2,0.05,6.8,4,1,52.2,6.7,0.04,0
